IDQUEST_HT 	CODI_LLAR 	CODI_PERSONA 	TEMPS_TREB_SET 	TEMPS_DIA1 	NOM_DIA1 	TREB_DIA1 	TEMPS_DIA2 	NOM_DIA2 	TREB_DIA2 	TEMPS_DIA3 	NOM_DIA3 	TREB_DIA3 	TEMPS_DIA4 	NOM_DIA4 	TREB_DIA4 	TEMPS_DIA5 	NOM_DIA5 	TREB_DIA5 	TEMPS_DIA6 	NOM_DIA6 	TREB_DIA6 	TEMPS_DIA7 	NOM_DIA7 	TREB_DIA7
   4000501 	     0005 	          01 	          2100 	         0 	       7 	        6 	       420 	       1 	        1 	       420 	       2 	        1 	       420 	       3 	        1 	       420 	       4 	        1 	       420 	       5 	        1 	         0 	       6 	        6
   4000601 	     0006 	          01 	          3600 	         0 	       7 	        6 	       720 	       1 	        1 	       720 	       2 	        1 	       720 	       3 	        1 	       720 	       4 	        1 	       720 	       5 	        1 	         0 	       6 	        6
   4000602 	     0006 	          02 	          3150 	         0 	       7 	        6 	       615 	       1 	        1 	       645 	       2 	        1 	       645 	       3 	        1 	       630 	       4 	        1 	       615 	       5 	        1 	         0 	       6 	        6
   4000802 	     0008 	          02 	          2805 	       510 	       1 	        1 	       510 	       2 	        1 	       480 	       3 	        1 	       510 	       4 	        1 	       390 	       5 	        1 	       405 	       6 	        1 	         0 	       7 	        6
   4000902 	     0009 	          02 	          1110 	       270 	       5 	        1 	       270 	       6 	        1 	       300 	       7 	        1 	         0 	       1 	        6 	         0 	       2 	        6 	       270 	       3 	        1 	         0 	       4 	        6
   4001801 	     0018 	          01 	          1470 	       540 	       3 	        1 	       540 	       4 	        1 	       390 	       5 	        1 	         0 	       6 	        6 	         0 	       7 	        6 	         0 	       1 	        6 	         0 	       2 	        6
   4001802 	     0018 	          02 	          1455 	       345 	       3 	        1 	       345 	       4 	        1 	       285 	       5 	        1 	         0 	       6 	        6 	         0 	       7 	        6 	         0 	       1 	        6 	       480 	       2 	        1
   4002601 	     0026 	          01 	          2400 	       480 	       5 	        1 	         0 	       6 	        6 	         0 	       7 	        6 	       480 	       1 	        1 	       480 	       2 	        1 	       480 	       3 	        1 	       480 	       4 	        1
   4002602 	     0026 	          02 	          2460 	       480 	       5 	        1 	         0 	       6 	        6 	         0 	       7 	        6 	       480 	       1 	        1 	       480 	       2 	        1 	       480 	       3 	        1 	       540 	       4 	        1
   4002801 	     0028 	          01 	          3150 	         0 	       6 	        6 	         0 	       7 	        6 	       630 	       1 	        1 	       630 	       2 	        1 	       630 	       3 	        1 	       630 	       4 	        1 	       630 	       5 	        1
   4003103 	     0031 	          03 	            60 	         0 	       1 	        6 	         0 	       2 	        6 	         0 	       3 	        6 	         0 	       4 	        6 	        60 	       5 	        1 	         0 	       6 	        6 	         0 	       7 	        6
   4003302 	     0033 	          02 	           480 	         0 	       3 	        6 	         0 	       4 	        6 	         0 	       5 	        6 	         0 	       6 	        6 	         0 	       7 	        6 	         0 	       1 	        6 	       480 	       2 	        1
   4003602 	     0036 	          02 	          1860 	       420 	       3 	        1 	       420 	       4 	        1 	       300 	       5 	        1 	         0 	       6 	        6 	         0 	       7 	        6 	       420 	       1 	        1 	       300 	       2 	        1
   4003701 	     0037 	          01 	          2070 	         0 	       6 	        6 	         0 	       7 	        6 	         0 	       1 	        6 	       540 	       2 	        1 	       540 	       3 	        1 	       540 	       4 	        1 	       450 	       5 	        1
   4003702 	     0037 	          02 	          1725 	         0 	       6 	        6 	         0 	       7 	        6 	         0 	       1 	        6 	       420 	       2 	        1 	       420 	       3 	        1 	       420 	       4 	        1 	       465 	       5 	        1
   4004001 	     0040 	          01 	          3075 	         0 	       7 	        6 	       615 	       1 	        1 	       615 	       2 	        1 	       615 	       3 	        1 	       615 	       4 	        1 	       615 	       5 	        1 	         0 	       6 	        6
   4004301 	     0043 	          01 	          2940 	       660 	       3 	        1 	       660 	       4 	        1 	       480 	       5 	        1 	         0 	       6 	        6 	         0 	       7 	        6 	       660 	       1 	        1 	       480 	       2 	        1
   4004302 	     0043 	          02 	          2850 	       570 	       3 	        1 	       570 	       4 	        1 	       570 	       5 	        1 	         0 	       6 	        6 	         0 	       7 	        6 	       570 	       1 	        1 	       570 	       2 	        1
   4004502 	     0045 	          02 	          2580 	       240 	       3 	        1 	       600 	       4 	        1 	       540 	       5 	        1 	       360 	       6 	        1 	         0 	       7 	        6 	       240 	       1 	        1 	       600 	       2 	        1
   4004701 	     0047 	          01 	          4200 	       600 	       6 	        1 	       600 	       7 	        1 	       600 	       1 	        1 	       600 	       2 	        1 	       600 	       3 	        1 	       600 	       4 	        1 	       600 	       5 	        1
   4004801 	     0048 	          01 	          2400 	         0 	       6 	        6 	         0 	       7 	        6 	       480 	       1 	        1 	       480 	       2 	        1 	       480 	       3 	        1 	       480 	       4 	        1 	       480 	       5 	        1
   4004901 	     0049 	          01 	          2280 	         0 	       7 	        6 	       420 	       1 	        1 	       420 	       2 	        1 	       420 	       3 	        1 	       600 	       4 	        1 	       420 	       5 	        1 	         0 	       6 	        6
   4004902 	     0049 	          02 	          2220 	         0 	       7 	        6 	       450 	       1 	        1 	       450 	       2 	        1 	       450 	       3 	        1 	       450 	       4 	        1 	       420 	       5 	        1 	         0 	       6 	        6
   4005101 	     0051 	          01 	          3135 	       660 	       1 	        1 	       675 	       2 	        1 	       660 	       3 	        1 	       660 	       4 	        1 	       480 	       5 	        1 	         0 	       6 	        6 	         0 	       7 	        6
   4005301 	     0053 	          01 	          1635 	       345 	       4 	        1 	       345 	       5 	        1 	         0 	       6 	        6 	         0 	       7 	        6 	       330 	       1 	        1 	       330 	       2 	        1 	       285 	       3 	        1
   4005302 	     0053 	          02 	          1740 	       570 	       4 	        1 	       390 	       5 	        1 	         0 	       6 	        6 	         0 	       7 	        6 	         0 	       1 	        6 	       390 	       2 	        1 	       390 	       3 	        1
   4005401 	     0054 	          01 	          2400 	       480 	       4 	        1 	       480 	       5 	        1 	         0 	       6 	        6 	         0 	       7 	        6 	       480 	       1 	        1 	       480 	       2 	        1 	       480 	       3 	        1
   4005501 	     0055 	          01 	          3240 	         0 	       4 	        6 	       540 	       5 	        1 	       540 	       6 	        1 	       540 	       7 	        1 	       540 	       1 	        1 	       540 	       2 	        1 	       540 	       3 	        1
   4005701 	     0057 	          01 	          2625 	         0 	       6 	        6 	         0 	       7 	        6 	       690 	       1 	        1 	       510 	       2 	        1 	       420 	       3 	        1 	       510 	       4 	        1 	       495 	       5 	        1
   4005801 	     0058 	          01 	          2400 	         0 	       6 	        6 	         0 	       7 	        6 	       495 	       1 	        1 	       495 	       2 	        1 	       495 	       3 	        1 	       495 	       4 	        1 	       420 	       5 	        1
   4005802 	     0058 	          02 	          1950 	         0 	       6 	        6 	         0 	       7 	        6 	       390 	       1 	        1 	       390 	       2 	        1 	       390 	       3 	        1 	       390 	       4 	        1 	       390 	       5 	        1
   4005901 	     0059 	          01 	          1860 	         0 	       7 	        6 	       360 	       1 	        1 	       420 	       2 	        1 	       360 	       3 	        1 	       360 	       4 	        1 	       360 	       5 	        1 	         0 	       6 	        6
   4006101 	     0061 	          01 	          2700 	       450 	       1 	        1 	       450 	       2 	        1 	       450 	       3 	        1 	       450 	       4 	        1 	       450 	       5 	        1 	       450 	       6 	        1 	         0 	       7 	        6
   4006102 	     0061 	          02 	          1800 	       360 	       1 	        1 	       360 	       2 	        1 	       360 	       3 	        1 	       360 	       4 	        1 	       360 	       5 	        1 	         0 	       6 	        6 	         0 	       7 	        6
   4006201 	     0062 	          01 	          2100 	       420 	       1 	        1 	       420 	       2 	        1 	       420 	       3 	        1 	       420 	       4 	        1 	       420 	       5 	        1 	         0 	       6 	        6 	         0 	       7 	        6
   4006402 	     0064 	          02 	          2550 	       555 	       4 	        1 	       360 	       5 	        1 	         0 	       6 	        6 	         0 	       7 	        6 	       555 	       1 	        1 	       540 	       2 	        1 	       540 	       3 	        1
   4006602 	     0066 	          02 	          2100 	       420 	       4 	        1 	       420 	       5 	        1 	         0 	       6 	        6 	         0 	       7 	        6 	       420 	       1 	        1 	       420 	       2 	        1 	       420 	       3 	        1
   4006902 	     0069 	          02 	          4500 	         0 	       7 	        6 	       810 	       1 	        1 	       810 	       2 	        1 	       810 	       3 	        1 	       810 	       4 	        1 	       810 	       5 	        1 	       450 	       6 	        1
   4007001 	     0070 	          01 	          2400 	         0 	       7 	        6 	       480 	       1 	        1 	       480 	       2 	        1 	       480 	       3 	        1 	       480 	       4 	        1 	       480 	       5 	        1 	         0 	       6 	        6
   4007201 	     0072 	          01 	          1680 	         0 	       1 	        6 	       420 	       2 	        1 	       420 	       3 	        1 	       420 	       4 	        1 	       420 	       5 	        1 	         0 	       6 	        6 	         0 	       7 	        6
   4007301 	     0073 	          01 	          2700 	       540 	       3 	        1 	       540 	       4 	        1 	       540 	       5 	        1 	         0 	       6 	        6 	         0 	       7 	        6 	       540 	       1 	        1 	       540 	       2 	        1
   4007302 	     0073 	          02 	          1680 	       300 	       3 	        1 	       240 	       4 	        1 	       240 	       5 	        1 	       300 	       6 	        1 	         0 	       7 	        6 	       300 	       1 	        1 	       300 	       2 	        1
   4008001 	     0080 	          01 	          1500 	         0 	       7 	        6 	       300 	       1 	        1 	       300 	       2 	        1 	       300 	       3 	        1 	       300 	       4 	        1 	       300 	       5 	        1 	         0 	       6 	        6
   4008501 	     0085 	          01 	          2415 	       480 	       4 	        1 	       480 	       5 	        1 	         0 	       6 	        6 	         0 	       7 	        6 	       480 	       1 	        1 	       480 	       2 	        1 	       495 	       3 	        1
   4008502 	     0085 	          02 	          2010 	         0 	       4 	        6 	         0 	       5 	        6 	       570 	       6 	        1 	       690 	       7 	        1 	       120 	       1 	        1 	       540 	       2 	        1 	        90 	       3 	        1
   4008503 	     0085 	          03 	          2940 	       600 	       4 	        1 	       570 	       5 	        1 	         0 	       6 	        6 	         0 	       7 	        6 	       600 	       1 	        1 	       600 	       2 	        1 	       570 	       3 	        1
   4008701 	     0087 	          01 	          2700 	         0 	       6 	        6 	         0 	       7 	        6 	       540 	       1 	        1 	       540 	       2 	        1 	       540 	       3 	        1 	       540 	       4 	        1 	       540 	       5 	        1
   4008702 	     0087 	          02 	          1470 	         0 	       6 	        6 	         0 	       7 	        6 	       315 	       1 	        1 	       300 	       2 	        1 	       330 	       3 	        1 	       315 	       4 	        1 	       210 	       5 	        1
   4008703 	     0087 	          03 	          2490 	         0 	       6 	        6 	         0 	       7 	        6 	       510 	       1 	        1 	       510 	       2 	        1 	       510 	       3 	        1 	       510 	       4 	        1 	       450 	       5 	        1
   4008802 	     0088 	          02 	          2640 	         0 	       6 	        6 	         0 	       7 	        6 	         0 	       1 	        6 	       660 	       2 	        1 	       660 	       3 	        1 	       660 	       4 	        1 	       660 	       5 	        1
   4009101 	     0091 	          01 	          2400 	       480 	       1 	        1 	       480 	       2 	        1 	       480 	       3 	        1 	       480 	       4 	        1 	       480 	       5 	        1 	         0 	       6 	        6 	         0 	       7 	        6
   4010101 	     0101 	          01 	          3000 	       600 	       1 	        1 	       600 	       2 	        1 	       600 	       3 	        1 	       600 	       4 	        1 	       600 	       5 	        1 	         0 	       6 	        6 	         0 	       7 	        6
   4010801 	     0108 	          01 	          2280 	       330 	       6 	        1 	       450 	       7 	        1 	       285 	       1 	        1 	         0 	       2 	        6 	       270 	       3 	        1 	       270 	       4 	        1 	       675 	       5 	        1
   4010802 	     0108 	          02 	          2700 	       450 	       6 	        1 	         0 	       7 	        6 	       450 	       1 	        1 	       450 	       2 	        1 	       450 	       3 	        1 	       450 	       4 	        1 	       450 	       5 	        1
   4010902 	     0109 	          02 	           960 	         0 	       7 	        6 	         0 	       1 	        6 	         0 	       2 	        6 	         0 	       3 	        6 	       480 	       4 	        1 	       480 	       5 	        1 	         0 	       6 	        6
   4011201 	     0112 	          01 	          2400 	       480 	       1 	        1 	       480 	       2 	        1 	       480 	       3 	        1 	       480 	       4 	        1 	       480 	       5 	        1 	         0 	       6 	        6 	         0 	       7 	        6
   4011301 	     0113 	          01 	          2400 	       480 	       4 	        1 	       480 	       5 	        1 	         0 	       6 	        6 	         0 	       7 	        6 	       480 	       1 	        1 	       480 	       2 	        1 	       480 	       3 	        1
   4011302 	     0113 	          02 	          2400 	       480 	       4 	        1 	       480 	       5 	        1 	         0 	       6 	        6 	         0 	       7 	        6 	       480 	       1 	        1 	       480 	       2 	        1 	       480 	       3 	        1
   4011501 	     0115 	          01 	           990 	       330 	       4 	        1 	       330 	       5 	        1 	       330 	       6 	        1 	         0 	       7 	        6 	         0 	       1 	        6 	         0 	       2 	        6 	         0 	       3 	        6
   4013001 	     0130 	          01 	           540 	       180 	       1 	        1 	         0 	       2 	        6 	       180 	       3 	        1 	         0 	       4 	        6 	       180 	       5 	        1 	         0 	       6 	        6 	         0 	       7 	        6
   4013601 	     0136 	          01 	           900 	       180 	       6 	        1 	       180 	       7 	        1 	         0 	       1 	        6 	         0 	       2 	        6 	       180 	       3 	        1 	       180 	       4 	        1 	       180 	       5 	        1
   4013901 	     0139 	          01 	          3450 	       570 	       1 	        1 	       510 	       2 	        1 	      1260 	       3 	        1 	       720 	       4 	        1 	       390 	       5 	        1 	         0 	       6 	        6 	         0 	       7 	        6
   4014001 	     0140 	          01 	          1440 	         0 	       1 	        6 	         0 	       2 	        6 	         0 	       3 	        6 	       420 	       4 	        1 	       480 	       5 	        1 	       540 	       6 	        1 	         0 	       7 	        6
   4014002 	     0140 	          02 	          1740 	         0 	       1 	        6 	         0 	       2 	        6 	         0 	       3 	        6 	       540 	       4 	        1 	       420 	       5 	        1 	       420 	       6 	        1 	       360 	       7 	        1
   4014101 	     0141 	          01 	          1800 	       360 	       5 	        1 	         0 	       6 	        6 	         0 	       7 	        6 	       360 	       1 	        1 	       360 	       2 	        1 	       360 	       3 	        1 	       360 	       4 	        1
   4014201 	     0142 	          01 	             0 	         0 	       5 	        6 	         0 	       6 	        6 	         0 	       7 	        6 	         0 	       1 	        6 	         0 	       2 	        6 	         0 	       3 	        6 	         0 	       4 	        6
   4014301 	     0143 	          01 	           480 	       240 	       5 	        1 	         0 	       6 	        6 	         0 	       7 	        6 	         0 	       1 	        6 	         0 	       2 	        6 	         0 	       3 	        6 	       240 	       4 	        1
   4014302 	     0143 	          02 	          1740 	         0 	       5 	        6 	       360 	       6 	        1 	       300 	       7 	        1 	       360 	       1 	        1 	       240 	       2 	        1 	       240 	       3 	        1 	       240 	       4 	        1
   4014303 	     0143 	          03 	          3360 	       600 	       5 	        1 	       600 	       6 	        1 	       360 	       7 	        1 	       600 	       1 	        1 	       600 	       2 	        1 	       600 	       3 	        1 	         0 	       4 	        6
   4014304 	     0143 	          04 	          1800 	       300 	       5 	        1 	       300 	       6 	        1 	         0 	       7 	        6 	       300 	       1 	        1 	       300 	       2 	        1 	       300 	       3 	        1 	       300 	       4 	        1
   4014601 	     0146 	          01 	          1020 	       420 	       6 	        1 	       180 	       7 	        1 	         0 	       1 	        6 	         0 	       2 	        6 	         0 	       3 	        6 	         0 	       4 	        6 	       420 	       5 	        1
   4014701 	     0147 	          01 	          2250 	         0 	       7 	        6 	       450 	       1 	        1 	       450 	       2 	        1 	       450 	       3 	        1 	       450 	       4 	        1 	       450 	       5 	        1 	         0 	       6 	        6
   4014702 	     0147 	          02 	          1500 	         0 	       7 	        6 	       300 	       1 	        1 	       300 	       2 	        1 	       300 	       3 	        1 	       300 	       4 	        1 	       300 	       5 	        1 	         0 	       6 	        6
   4014801 	     0148 	          01 	          3360 	       480 	       7 	        1 	       480 	       1 	        1 	       480 	       2 	        1 	       480 	       3 	        1 	       480 	       4 	        1 	       480 	       5 	        1 	       480 	       6 	        1
   4014902 	     0149 	          02 	          2400 	       480 	       1 	        1 	       480 	       2 	        1 	       480 	       3 	        1 	       480 	       4 	        1 	       480 	       5 	        1 	         0 	       6 	        6 	         0 	       7 	        6
   4015101 	     0151 	          01 	          2250 	       450 	       5 	        1 	         0 	       6 	        6 	         0 	       7 	        6 	       450 	       1 	        1 	       450 	       2 	        1 	       450 	       3 	        1 	       450 	       4 	        1
   4015401 	     0154 	          01 	          3090 	       525 	       5 	        1 	       480 	       6 	        1 	       405 	       7 	        1 	       420 	       1 	        1 	       420 	       2 	        1 	       420 	       3 	        1 	       420 	       4 	        1
   4015402 	     0154 	          02 	          1800 	       360 	       5 	        1 	         0 	       6 	        6 	         0 	       7 	        6 	       360 	       1 	        1 	       360 	       2 	        1 	       360 	       3 	        1 	       360 	       4 	        1
   4015501 	     0155 	          01 	          2400 	         0 	       6 	        6 	         0 	       7 	        6 	       480 	       1 	        1 	       480 	       2 	        1 	       480 	       3 	        1 	       480 	       4 	        1 	       480 	       5 	        1
   4015802 	     0158 	          02 	          2400 	         0 	       7 	        6 	       480 	       1 	        1 	       480 	       2 	        1 	       480 	       3 	        1 	       480 	       4 	        1 	       480 	       5 	        1 	         0 	       6 	        6
   4016301 	     0163 	          01 	          2400 	       600 	       2 	        1 	       600 	       3 	        1 	       600 	       4 	        1 	         0 	       5 	        6 	         0 	       6 	        6 	       600 	       7 	        1 	         0 	       1 	        6
   4016401 	     0164 	          01 	          2655 	       450 	       2 	        1 	       450 	       3 	        1 	       450 	       4 	        1 	       450 	       5 	        1 	       300 	       6 	        1 	         0 	       7 	        6 	       555 	       1 	        1
   4017001 	     0170 	          01 	          3600 	         0 	       1 	        6 	       720 	       2 	        1 	       720 	       3 	        1 	       720 	       4 	        1 	       720 	       5 	        1 	       720 	       6 	        1 	         0 	       7 	        6
   4017202 	     0172 	          02 	          2880 	       570 	       2 	        1 	       570 	       3 	        1 	       570 	       4 	        1 	       570 	       5 	        1 	         0 	       6 	        6 	         0 	       7 	        6 	       600 	       1 	        1
   4017301 	     0173 	          01 	          3270 	       660 	       2 	        1 	       660 	       3 	        1 	       720 	       4 	        1 	       600 	       5 	        1 	         0 	       6 	        6 	         0 	       7 	        6 	       630 	       1 	        1
   4017302 	     0173 	          02 	          2280 	       420 	       2 	        1 	       600 	       3 	        1 	       420 	       4 	        1 	       420 	       5 	        1 	         0 	       6 	        6 	         0 	       7 	        6 	       420 	       1 	        1
   4017402 	     0174 	          02 	          2100 	       420 	       2 	        1 	       420 	       3 	        1 	       420 	       4 	        1 	       420 	       5 	        1 	         0 	       6 	        6 	         0 	       7 	        6 	       420 	       1 	        1
   4017403 	     0174 	          03 	          2550 	       510 	       2 	        1 	       510 	       3 	        1 	       510 	       4 	        1 	       510 	       5 	        1 	         0 	       6 	        6 	         0 	       7 	        6 	       510 	       1 	        1
   4017501 	     0175 	          01 	          1725 	         0 	       6 	        6 	         0 	       7 	        6 	       435 	       1 	        1 	       435 	       2 	        1 	       435 	       3 	        1 	       420 	       4 	        1 	         0 	       5 	        6
   4017701 	     0177 	          01 	          1200 	         0 	       7 	        6 	       420 	       1 	        1 	       420 	       2 	        1 	         0 	       3 	        6 	         0 	       4 	        6 	       360 	       5 	        1 	         0 	       6 	        6
   4017702 	     0177 	          02 	          1650 	       540 	       7 	        1 	       540 	       1 	        1 	       570 	       2 	        1 	         0 	       3 	        6 	         0 	       4 	        6 	         0 	       5 	        6 	         0 	       6 	        6
   4017801 	     0178 	          01 	          2970 	         0 	       7 	        6 	       600 	       1 	        1 	       600 	       2 	        1 	       540 	       3 	        1 	       660 	       4 	        1 	       570 	       5 	        1 	         0 	       6 	        6
   4018101 	     0181 	          01 	          1425 	         0 	       5 	        6 	         0 	       6 	        6 	         0 	       7 	        6 	       300 	       1 	        1 	       300 	       2 	        1 	       300 	       3 	        1 	       525 	       4 	        1
   4018102 	     0181 	          02 	          1455 	         0 	       5 	        6 	         0 	       6 	        6 	         0 	       7 	        6 	       525 	       1 	        1 	       420 	       2 	        1 	         0 	       3 	        6 	       510 	       4 	        1
   4018201 	     0182 	          01 	          2640 	       600 	       5 	        1 	         0 	       6 	        6 	         0 	       7 	        6 	       600 	       1 	        1 	       600 	       2 	        1 	       420 	       3 	        1 	       420 	       4 	        1
   4018301 	     0183 	          01 	          2880 	       480 	       5 	        1 	       480 	       6 	        1 	       480 	       7 	        1 	         0 	       1 	        6 	       480 	       2 	        1 	       480 	       3 	        1 	       480 	       4 	        1
   4018302 	     0183 	          02 	          2880 	       480 	       5 	        1 	       480 	       6 	        1 	       480 	       7 	        1 	         0 	       1 	        6 	       480 	       2 	        1 	       480 	       3 	        1 	       480 	       4 	        1
   4018501 	     0185 	          01 	          2400 	         0 	       6 	        6 	         0 	       7 	        6 	       480 	       1 	        1 	       480 	       2 	        1 	       480 	       3 	        1 	       480 	       4 	        1 	       480 	       5 	        1
   4018801 	     0188 	          01 	          2100 	         0 	       7 	        6 	       420 	       1 	        1 	       420 	       2 	        1 	       420 	       3 	        1 	       420 	       4 	        1 	       420 	       5 	        1 	         0 	       6 	        6
   4019401 	     0194 	          01 	          2370 	       480 	       2 	        1 	       480 	       3 	        1 	       480 	       4 	        1 	       420 	       5 	        1 	         0 	       6 	        6 	         0 	       7 	        6 	       510 	       1 	        1
   4019501 	     0195 	          01 	          2550 	         0 	       6 	        6 	         0 	       7 	        6 	       510 	       1 	        1 	       510 	       2 	        1 	       510 	       3 	        1 	       510 	       4 	        1 	       510 	       5 	        1
   4019601 	     0196 	          01 	          2460 	         0 	       6 	        6 	         0 	       7 	        6 	       510 	       1 	        1 	       510 	       2 	        1 	       510 	       3 	        1 	       510 	       4 	        1 	       420 	       5 	        1
   4020401 	     0204 	          01 	          3420 	       570 	       5 	        1 	       570 	       6 	        1 	       570 	       7 	        1 	       570 	       1 	        1 	       570 	       2 	        1 	       570 	       3 	        1 	         0 	       4 	        6
   4020903 	     0209 	          03 	             0 	         0 	       1 	        6 	         0 	       2 	        6 	         0 	       3 	        6 	         0 	       4 	        6 	         0 	       5 	        6 	         0 	       6 	        6 	         0 	       7 	        6
   4021001 	     0210 	          01 	          1260 	       240 	       1 	        1 	         0 	       2 	        6 	       420 	       3 	        1 	       300 	       4 	        1 	       300 	       5 	        1 	         0 	       6 	        6 	         0 	       7 	        6
   4021002 	     0210 	          02 	          3030 	       480 	       1 	        1 	       480 	       2 	        1 	       480 	       3 	        1 	       480 	       4 	        1 	       540 	       5 	        1 	       570 	       6 	        1 	         0 	       7 	        6
   4021701 	     0217 	          01 	          2250 	         0 	       7 	        6 	       600 	       1 	        1 	       420 	       2 	        1 	       420 	       3 	        1 	       480 	       4 	        1 	       330 	       5 	        1 	         0 	       6 	        6
   4021801 	     0218 	          01 	          2400 	         0 	       7 	        6 	       480 	       1 	        1 	       480 	       2 	        1 	       480 	       3 	        1 	       480 	       4 	        1 	       480 	       5 	        1 	         0 	       6 	        6
   4021901 	     0219 	          01 	          1845 	         0 	       1 	        6 	       465 	       2 	        1 	       465 	       3 	        1 	       465 	       4 	        1 	       450 	       5 	        1 	         0 	       6 	        6 	         0 	       7 	        6
   4022102 	     0221 	          02 	          3015 	       600 	       5 	        1 	         0 	       6 	        6 	         0 	       7 	        6 	       735 	       1 	        1 	       540 	       2 	        1 	       720 	       3 	        1 	       420 	       4 	        1
   4022601 	     0226 	          01 	          1800 	         0 	       6 	        6 	         0 	       7 	        6 	       360 	       1 	        1 	       360 	       2 	        1 	       360 	       3 	        1 	       360 	       4 	        1 	       360 	       5 	        1
   4022602 	     0226 	          02 	          2595 	         0 	       6 	        6 	         0 	       7 	        6 	       525 	       1 	        1 	       570 	       2 	        1 	       570 	       3 	        1 	       540 	       4 	        1 	       390 	       5 	        1
   4023301 	     0233 	          01 	          2250 	       450 	       5 	        1 	         0 	       6 	        6 	         0 	       7 	        6 	       450 	       1 	        1 	       450 	       2 	        1 	       450 	       3 	        1 	       450 	       4 	        1
   4023501 	     0235 	          01 	          2490 	         0 	       6 	        6 	         0 	       7 	        6 	       480 	       1 	        1 	       540 	       2 	        1 	       510 	       3 	        1 	       480 	       4 	        1 	       480 	       5 	        1
   4023801 	     0238 	          01 	          2325 	         0 	       7 	        6 	       465 	       1 	        1 	       465 	       2 	        1 	       465 	       3 	        1 	       465 	       4 	        1 	       465 	       5 	        1 	         0 	       6 	        6
   4023802 	     0238 	          02 	          2685 	         0 	       7 	        6 	       600 	       1 	        1 	       600 	       2 	        1 	       450 	       3 	        1 	       615 	       4 	        1 	       420 	       5 	        1 	         0 	       6 	        6
   4024101 	     0241 	          01 	          1740 	       420 	       2 	        1 	       420 	       3 	        1 	       420 	       4 	        1 	         0 	       5 	        6 	         0 	       6 	        6 	         0 	       7 	        6 	       480 	       1 	        1
   4024601 	     0246 	          01 	          1860 	         0 	       6 	        6 	         0 	       7 	        6 	         0 	       1 	        6 	       600 	       2 	        1 	       600 	       3 	        1 	       660 	       4 	        1 	         0 	       5 	        6
   4024602 	     0246 	          02 	             0 	         0 	       6 	        6 	         0 	       7 	        6 	         0 	       1 	        6 	         0 	       2 	        6 	         0 	       3 	        6 	         0 	       4 	        6 	         0 	       5 	        6
   4024701 	     0247 	          01 	          3480 	         0 	       7 	        6 	       360 	       1 	        1 	       600 	       2 	        1 	       600 	       3 	        1 	       600 	       4 	        1 	       720 	       5 	        1 	       600 	       6 	        1
   4024702 	     0247 	          02 	          2355 	       450 	       7 	        1 	       480 	       1 	        1 	         0 	       2 	        6 	         0 	       3 	        6 	       480 	       4 	        1 	       480 	       5 	        1 	       465 	       6 	        1
   4024801 	     0248 	          01 	          1260 	         0 	       7 	        6 	       480 	       1 	        1 	       300 	       2 	        1 	       480 	       3 	        1 	         0 	       4 	        6 	         0 	       5 	        6 	         0 	       6 	        6
   4025401 	     0254 	          01 	          2280 	       600 	       2 	        1 	       420 	       3 	        1 	       420 	       4 	        1 	       420 	       5 	        1 	         0 	       6 	        6 	         0 	       7 	        6 	       420 	       1 	        1
   4025501 	     0255 	          01 	          2760 	         0 	       6 	        6 	         0 	       7 	        6 	       420 	       1 	        1 	       660 	       2 	        1 	       540 	       3 	        1 	       600 	       4 	        1 	       540 	       5 	        1
   4025502 	     0255 	          02 	          2340 	         0 	       6 	        6 	         0 	       7 	        6 	       540 	       1 	        1 	       420 	       2 	        1 	       420 	       3 	        1 	       540 	       4 	        1 	       420 	       5 	        1
   4026601 	     0266 	          01 	          2595 	         0 	       6 	        6 	         0 	       7 	        6 	       570 	       1 	        1 	       540 	       2 	        1 	       525 	       3 	        1 	       570 	       4 	        1 	       390 	       5 	        1
   4027101 	     0271 	          01 	          1680 	       450 	       4 	        1 	       450 	       5 	        1 	       330 	       6 	        1 	         0 	       7 	        6 	         0 	       1 	        6 	         0 	       2 	        6 	       450 	       3 	        1
   4027102 	     0271 	          02 	           480 	         0 	       4 	        6 	         0 	       5 	        6 	         0 	       6 	        6 	         0 	       7 	        6 	         0 	       1 	        6 	         0 	       2 	        6 	       480 	       3 	        1
   4028202 	     0282 	          02 	          2925 	       585 	       3 	        1 	       585 	       4 	        1 	       585 	       5 	        1 	         0 	       6 	        6 	         0 	       7 	        6 	       585 	       1 	        1 	       585 	       2 	        1
   4028401 	     0284 	          01 	          1200 	       240 	       3 	        1 	       240 	       4 	        1 	       240 	       5 	        1 	         0 	       6 	        6 	         0 	       7 	        6 	       240 	       1 	        1 	       240 	       2 	        1
   4029201 	     0292 	          01 	          3030 	       600 	       4 	        1 	       600 	       5 	        1 	         0 	       6 	        6 	         0 	       7 	        6 	       600 	       1 	        1 	       600 	       2 	        1 	       630 	       3 	        1
   4029502 	     0295 	          02 	          1620 	         0 	       6 	        6 	         0 	       7 	        6 	       600 	       1 	        1 	       240 	       2 	        1 	       240 	       3 	        1 	       240 	       4 	        1 	       300 	       5 	        1
   4030001 	     0300 	          01 	          2400 	       480 	       1 	        1 	       480 	       2 	        1 	       480 	       3 	        1 	       480 	       4 	        1 	       480 	       5 	        1 	         0 	       6 	        6 	         0 	       7 	        6
   4030401 	     0304 	          01 	          2700 	       540 	       4 	        1 	       540 	       5 	        1 	         0 	       6 	        6 	         0 	       7 	        6 	       540 	       1 	        1 	       540 	       2 	        1 	       540 	       3 	        1
   4030402 	     0304 	          02 	          2700 	       540 	       4 	        1 	       540 	       5 	        1 	         0 	       6 	        6 	         0 	       7 	        6 	       540 	       1 	        1 	       540 	       2 	        1 	       540 	       3 	        1
   4030404 	     0304 	          04 	          5040 	       720 	       4 	        1 	       720 	       5 	        1 	       720 	       6 	        1 	       720 	       7 	        1 	       720 	       1 	        1 	       720 	       2 	        1 	       720 	       3 	        1
   4031201 	     0312 	          01 	          1020 	         0 	       3 	        6 	         0 	       4 	        6 	         0 	       5 	        6 	         0 	       6 	        6 	         0 	       7 	        6 	       510 	       1 	        1 	       510 	       2 	        1
   4031304 	     0313 	          04 	           240 	         0 	       3 	        6 	         0 	       4 	        6 	         0 	       5 	        6 	         0 	       6 	        6 	         0 	       7 	        6 	         0 	       1 	        6 	       240 	       2 	        1
   4032201 	     0322 	          01 	          1920 	       480 	       4 	        1 	       480 	       5 	        1 	       480 	       6 	        1 	       480 	       7 	        1 	         0 	       1 	        6 	         0 	       2 	        6 	         0 	       3 	        6
   4032202 	     0322 	          02 	          2400 	       480 	       4 	        1 	       480 	       5 	        1 	         0 	       6 	        6 	         0 	       7 	        6 	       480 	       1 	        1 	       480 	       2 	        1 	       480 	       3 	        1
   4032701 	     0327 	          01 	          2400 	         0 	       7 	        6 	       480 	       1 	        1 	       480 	       2 	        1 	       480 	       3 	        1 	       480 	       4 	        1 	       480 	       5 	        1 	         0 	       6 	        6
   4032702 	     0327 	          02 	             0 	         0 	       7 	        6 	         0 	       1 	        6 	         0 	       2 	        6 	         0 	       3 	        6 	         0 	       4 	        6 	         0 	       5 	        6 	         0 	       6 	        6
   4033501 	     0335 	          01 	          2250 	         0 	       6 	        6 	         0 	       7 	        6 	       450 	       1 	        1 	       450 	       2 	        1 	       450 	       3 	        1 	       450 	       4 	        1 	       450 	       5 	        1
   4033701 	     0337 	          01 	          2820 	       585 	       7 	        1 	       705 	       1 	        1 	       120 	       2 	        1 	       585 	       3 	        1 	       120 	       4 	        1 	       585 	       5 	        1 	       120 	       6 	        1
   4033702 	     0337 	          02 	          2280 	         0 	       7 	        6 	       480 	       1 	        1 	       480 	       2 	        1 	       480 	       3 	        1 	       480 	       4 	        1 	       360 	       5 	        1 	         0 	       6 	        6
   4033703 	     0337 	          03 	           180 	         0 	       7 	        6 	         0 	       1 	        6 	        90 	       2 	        1 	        90 	       3 	        1 	         0 	       4 	        6 	         0 	       5 	        6 	         0 	       6 	        6
   4033901 	     0339 	          01 	           120 	         0 	       1 	        6 	         0 	       2 	        6 	       120 	       3 	        1 	         0 	       4 	        6 	         0 	       5 	        6 	         0 	       6 	        6 	         0 	       7 	        6
   4034102 	     0341 	          02 	           990 	         0 	       4 	        6 	         0 	       5 	        6 	         0 	       6 	        6 	         0 	       7 	        6 	       330 	       1 	        1 	       330 	       2 	        1 	       330 	       3 	        1
   4034301 	     0343 	          01 	          2880 	         0 	       4 	        6 	       720 	       5 	        1 	         0 	       6 	        6 	         0 	       7 	        6 	       720 	       1 	        1 	       720 	       2 	        1 	       720 	       3 	        1
   4034401 	     0344 	          01 	          3600 	       720 	       4 	        1 	       720 	       5 	        1 	       720 	       6 	        1 	       720 	       7 	        1 	         0 	       1 	        6 	         0 	       2 	        6 	       720 	       3 	        1
   4034402 	     0344 	          02 	          1980 	         0 	       4 	        6 	       540 	       5 	        1 	         0 	       6 	        6 	         0 	       7 	        6 	       480 	       1 	        1 	       480 	       2 	        1 	       480 	       3 	        1
   4034901 	     0349 	          01 	          2520 	       540 	       1 	        1 	       540 	       2 	        1 	       600 	       3 	        1 	       420 	       4 	        1 	       420 	       5 	        1 	         0 	       6 	        6 	         0 	       7 	        6
   4034902 	     0349 	          02 	          2100 	       480 	       1 	        1 	       390 	       2 	        1 	       510 	       3 	        1 	       360 	       4 	        1 	       360 	       5 	        1 	         0 	       6 	        6 	         0 	       7 	        6
   4034903 	     0349 	          03 	           240 	       120 	       1 	        1 	         0 	       2 	        6 	       120 	       3 	        1 	         0 	       4 	        6 	         0 	       5 	        6 	         0 	       6 	        6 	         0 	       7 	        6
   4034904 	     0349 	          04 	          3630 	       945 	       1 	        1 	      1005 	       2 	        1 	       720 	       3 	        1 	       480 	       4 	        1 	       480 	       5 	        1 	         0 	       6 	        6 	         0 	       7 	        6
   4035103 	     0351 	          03 	          2490 	       480 	       3 	        1 	       525 	       4 	        1 	       480 	       5 	        1 	         0 	       6 	        6 	         0 	       7 	        6 	       480 	       1 	        1 	       525 	       2 	        1
   4035301 	     0353 	          01 	          1950 	       390 	       3 	        1 	       390 	       4 	        1 	       390 	       5 	        1 	         0 	       6 	        6 	         0 	       7 	        6 	       390 	       1 	        1 	       390 	       2 	        1
   4035902 	     0359 	          02 	             0 	         0 	       1 	        1 	         0 	       2 	        1 	         0 	       3 	        1 	         0 	       4 	        1 	         0 	       5 	        1 	         0 	       6 	        1 	         0 	       7 	        1
   4037502 	     0375 	          02 	             0 	         0 	       6 	        6 	         0 	       7 	        6 	         0 	       1 	        6 	         0 	       2 	        6 	         0 	       3 	        6 	         0 	       4 	        6 	         0 	       5 	        6
   4038201 	     0382 	          01 	          2400 	       480 	       3 	        1 	       480 	       4 	        1 	       480 	       5 	        1 	         0 	       6 	        6 	         0 	       7 	        6 	       480 	       1 	        1 	       480 	       2 	        1
   4038302 	     0383 	          02 	             0 	         0 	       3 	        6 	         0 	       4 	        6 	         0 	       5 	        6 	         0 	       6 	        6 	         0 	       7 	        6 	         0 	       1 	        6 	         0 	       2 	        6
   4038402 	     0384 	          02 	          1650 	       330 	       3 	        1 	       330 	       4 	        1 	       330 	       5 	        1 	         0 	       6 	        6 	         0 	       7 	        6 	       330 	       1 	        1 	       330 	       2 	        1
   4038601 	     0386 	          01 	          2655 	         0 	       6 	        6 	         0 	       7 	        6 	       525 	       1 	        1 	       525 	       2 	        1 	       525 	       3 	        1 	       525 	       4 	        1 	       555 	       5 	        1
   4038603 	     0386 	          03 	          2430 	         0 	       6 	        6 	         0 	       7 	        6 	       480 	       1 	        1 	       480 	       2 	        1 	       480 	       3 	        1 	       480 	       4 	        1 	       510 	       5 	        1
   4038702 	     0387 	          02 	          2400 	         0 	       7 	        6 	       480 	       1 	        1 	       480 	       2 	        1 	       480 	       3 	        1 	       480 	       4 	        1 	       480 	       5 	        1 	         0 	       6 	        6
   4039101 	     0391 	          01 	          2070 	       300 	       4 	        1 	       300 	       5 	        1 	         0 	       6 	        6 	         0 	       7 	        6 	       480 	       1 	        1 	       420 	       2 	        1 	       570 	       3 	        1
   4039102 	     0391 	          02 	          1980 	       420 	       4 	        1 	       420 	       5 	        1 	         0 	       6 	        6 	         0 	       7 	        6 	       420 	       1 	        1 	       300 	       2 	        1 	       420 	       3 	        1
   4039301 	     0393 	          01 	          2100 	       420 	       4 	        1 	       420 	       5 	        1 	         0 	       6 	        6 	         0 	       7 	        6 	       420 	       1 	        1 	       420 	       2 	        1 	       420 	       3 	        1
   4039902 	     0399 	          02 	          1320 	       300 	       1 	        1 	       360 	       2 	        1 	       360 	       3 	        1 	       300 	       4 	        1 	         0 	       5 	        6 	         0 	       6 	        6 	         0 	       7 	        6
   4039903 	     0399 	          03 	           360 	       120 	       1 	        1 	         0 	       2 	        6 	       120 	       3 	        1 	       120 	       4 	        1 	         0 	       5 	        6 	         0 	       6 	        6 	         0 	       7 	        6
   4040101 	     0401 	          01 	          1800 	       360 	       4 	        1 	       360 	       5 	        1 	         0 	       6 	        6 	         0 	       7 	        6 	       360 	       1 	        1 	       360 	       2 	        1 	       360 	       3 	        1
   4040203 	     0402 	          03 	          2445 	       495 	       4 	        1 	       480 	       5 	        1 	         0 	       6 	        6 	         0 	       7 	        6 	       495 	       1 	        1 	       480 	       2 	        1 	       495 	       3 	        1
   4040204 	     0402 	          04 	          2100 	       420 	       4 	        1 	       420 	       5 	        1 	         0 	       6 	        6 	         0 	       7 	        6 	       420 	       1 	        1 	       420 	       2 	        1 	       420 	       3 	        1
   4040301 	     0403 	          01 	          2430 	       480 	       4 	        1 	       510 	       5 	        1 	         0 	       6 	        6 	         0 	       7 	        6 	       480 	       1 	        1 	       480 	       2 	        1 	       480 	       3 	        1
   4040302 	     0403 	          02 	          2385 	       450 	       4 	        1 	       450 	       5 	        1 	         0 	       6 	        6 	         0 	       7 	        6 	       450 	       1 	        1 	       510 	       2 	        1 	       525 	       3 	        1
   4040701 	     0407 	          01 	          2250 	         0 	       7 	        6 	       450 	       1 	        1 	         0 	       2 	        6 	       450 	       3 	        1 	       450 	       4 	        1 	       450 	       5 	        1 	       450 	       6 	        1
   4040702 	     0407 	          02 	          2400 	         0 	       7 	        6 	       480 	       1 	        1 	       480 	       2 	        1 	       480 	       3 	        1 	       480 	       4 	        1 	       480 	       5 	        1 	         0 	       6 	        6
   4040802 	     0408 	          02 	          5400 	       600 	       7 	        1 	       840 	       1 	        1 	       840 	       2 	        1 	       840 	       3 	        1 	       840 	       4 	        1 	       600 	       5 	        1 	       840 	       6 	        1
   4040901 	     0409 	          01 	          1530 	       300 	       1 	        1 	       330 	       2 	        1 	       330 	       3 	        1 	       330 	       4 	        1 	       240 	       5 	        1 	         0 	       6 	        6 	         0 	       7 	        6
   4041101 	     0411 	          01 	          3765 	       660 	       3 	        1 	       735 	       4 	        1 	       675 	       5 	        1 	       360 	       6 	        1 	         0 	       7 	        6 	       660 	       1 	        1 	       675 	       2 	        1
   4041102 	     0411 	          02 	          2130 	       345 	       3 	        1 	       450 	       4 	        1 	       345 	       5 	        1 	         0 	       6 	        6 	         0 	       7 	        6 	       450 	       1 	        1 	       540 	       2 	        1
   4041501 	     0415 	          01 	          2025 	         0 	       6 	        6 	         0 	       7 	        6 	       480 	       1 	        1 	       360 	       2 	        1 	       375 	       3 	        1 	       435 	       4 	        1 	       375 	       5 	        1
   4041502 	     0415 	          02 	          3780 	       480 	       6 	        1 	         0 	       7 	        6 	       660 	       1 	        1 	       660 	       2 	        1 	       660 	       3 	        1 	       660 	       4 	        1 	       660 	       5 	        1
   4041503 	     0415 	          03 	          3555 	         0 	       6 	        6 	       600 	       7 	        1 	       720 	       1 	        1 	       855 	       2 	        1 	       420 	       3 	        1 	       480 	       4 	        1 	       480 	       5 	        1
   4041701 	     0417 	          01 	          2460 	         0 	       7 	        6 	       495 	       1 	        1 	       510 	       2 	        1 	       525 	       3 	        1 	       495 	       4 	        1 	       435 	       5 	        1 	         0 	       6 	        6
   4042201 	     0422 	          01 	          1725 	       540 	       4 	        1 	       540 	       5 	        1 	         0 	       6 	        6 	         0 	       7 	        6 	         0 	       1 	        6 	       405 	       2 	        1 	       240 	       3 	        1
   4042401 	     0424 	          01 	          2445 	       600 	       4 	        1 	       600 	       5 	        1 	         0 	       6 	        6 	         0 	       7 	        6 	         0 	       1 	        6 	       600 	       2 	        1 	       645 	       3 	        1
   4042701 	     0427 	          01 	             0 	         0 	       7 	        6 	         0 	       1 	        6 	         0 	       2 	        6 	         0 	       3 	        6 	         0 	       4 	        6 	         0 	       5 	        6 	         0 	       6 	        6
   4042702 	     0427 	          02 	             0 	         0 	       7 	        6 	         0 	       1 	        6 	         0 	       2 	        6 	         0 	       3 	        6 	         0 	       4 	        6 	         0 	       5 	        6 	         0 	       6 	        6
   4042801 	     0428 	          01 	          1860 	         0 	       7 	        6 	         0 	       1 	        6 	       540 	       2 	        1 	       540 	       3 	        1 	       540 	       4 	        1 	       240 	       5 	        1 	         0 	       6 	        6
   4042802 	     0428 	          02 	          1260 	         0 	       7 	        6 	         0 	       1 	        6 	       300 	       2 	        1 	       300 	       3 	        1 	       300 	       4 	        1 	       360 	       5 	        1 	         0 	       6 	        6
   4042902 	     0429 	          02 	          1680 	         0 	       1 	        6 	       360 	       2 	        1 	       630 	       3 	        1 	       330 	       4 	        1 	       360 	       5 	        1 	         0 	       6 	        6 	         0 	       7 	        6
   4043001 	     0430 	          01 	          2610 	       690 	       1 	        1 	         0 	       2 	        6 	       690 	       3 	        1 	       735 	       4 	        1 	       495 	       5 	        1 	         0 	       6 	        6 	         0 	       7 	        6
   4043002 	     0430 	          02 	          3300 	       660 	       1 	        1 	         0 	       2 	        6 	       720 	       3 	        1 	       720 	       4 	        1 	       720 	       5 	        1 	       480 	       6 	        1 	         0 	       7 	        6
   4043102 	     0431 	          02 	           780 	       180 	       3 	        1 	       180 	       4 	        1 	       180 	       5 	        1 	        60 	       6 	        1 	         0 	       7 	        6 	       180 	       1 	        1 	         0 	       2 	        6
   4043201 	     0432 	          01 	          2400 	       480 	       3 	        1 	       480 	       4 	        1 	       480 	       5 	        1 	         0 	       6 	        6 	         0 	       7 	        6 	       480 	       1 	        1 	       480 	       2 	        1
   4043202 	     0432 	          02 	          3510 	       660 	       3 	        1 	       750 	       4 	        1 	       690 	       5 	        1 	         0 	       6 	        6 	         0 	       7 	        6 	       735 	       1 	        1 	       675 	       2 	        1
   4043801 	     0438 	          01 	          3510 	       240 	       7 	        1 	       630 	       1 	        1 	       615 	       2 	        1 	       570 	       3 	        1 	       660 	       4 	        1 	       540 	       5 	        1 	       255 	       6 	        1
   4043901 	     0439 	          01 	          2220 	       480 	       1 	        1 	       480 	       2 	        1 	       300 	       3 	        1 	       480 	       4 	        1 	       480 	       5 	        1 	         0 	       6 	        6 	         0 	       7 	        6
   4043902 	     0439 	          02 	          2400 	       480 	       1 	        1 	       480 	       2 	        1 	       480 	       3 	        1 	       480 	       4 	        1 	       480 	       5 	        1 	         0 	       6 	        6 	         0 	       7 	        6
   4044801 	     0448 	          01 	          1665 	         0 	       7 	        6 	       300 	       1 	        1 	       465 	       2 	        1 	       390 	       3 	        1 	       300 	       4 	        1 	       210 	       5 	        1 	         0 	       6 	        6
   4045201 	     0452 	          01 	          2160 	       420 	       4 	        1 	       420 	       5 	        1 	         0 	       6 	        6 	         0 	       7 	        6 	       420 	       1 	        1 	       420 	       2 	        1 	       480 	       3 	        1
   4045202 	     0452 	          02 	          2430 	       510 	       4 	        1 	       390 	       5 	        1 	         0 	       6 	        6 	         0 	       7 	        6 	       510 	       1 	        1 	       510 	       2 	        1 	       510 	       3 	        1
   4045301 	     0453 	          01 	          3000 	       660 	       4 	        1 	       300 	       5 	        1 	         0 	       6 	        6 	       240 	       7 	        1 	       720 	       1 	        1 	       480 	       2 	        1 	       600 	       3 	        1
   4045401 	     0454 	          01 	          1125 	       240 	       4 	        1 	       180 	       5 	        1 	         0 	       6 	        6 	         0 	       7 	        6 	       240 	       1 	        1 	       240 	       2 	        1 	       225 	       3 	        1
   4045402 	     0454 	          02 	          3105 	       645 	       4 	        1 	       525 	       5 	        1 	         0 	       6 	        6 	         0 	       7 	        6 	       630 	       1 	        1 	       630 	       2 	        1 	       675 	       3 	        1
   4045404 	     0454 	          04 	          1515 	       300 	       4 	        1 	       300 	       5 	        1 	         0 	       6 	        6 	         0 	       7 	        6 	       300 	       1 	        1 	       300 	       2 	        1 	       315 	       3 	        1
   4045501 	     0455 	          01 	          1200 	         0 	       6 	        6 	         0 	       7 	        6 	       300 	       1 	        1 	       300 	       2 	        1 	       300 	       3 	        1 	       300 	       4 	        1 	         0 	       5 	        6
   4045502 	     0455 	          02 	          2955 	         0 	       6 	        6 	         0 	       7 	        6 	       660 	       1 	        1 	       660 	       2 	        1 	       660 	       3 	        1 	       660 	       4 	        1 	       315 	       5 	        1
   4045504 	     0455 	          04 	          2760 	         0 	       6 	        6 	         0 	       7 	        6 	       540 	       1 	        1 	       570 	       2 	        1 	       570 	       3 	        1 	       570 	       4 	        1 	       510 	       5 	        1
   4045602 	     0456 	          02 	          2985 	       270 	       6 	        1 	         0 	       7 	        6 	       540 	       1 	        1 	       540 	       2 	        1 	       540 	       3 	        1 	       555 	       4 	        1 	       540 	       5 	        1
   4045901 	     0459 	          01 	          1890 	       480 	       1 	        1 	       540 	       2 	        1 	       420 	       3 	        1 	       300 	       4 	        1 	       120 	       5 	        1 	         0 	       6 	        6 	        30 	       7 	        1
   4045902 	     0459 	          02 	           540 	       120 	       1 	        1 	       120 	       2 	        1 	       120 	       3 	        1 	       120 	       4 	        1 	        60 	       5 	        1 	         0 	       6 	        6 	         0 	       7 	        6
   4046001 	     0460 	          01 	          1980 	       420 	       1 	        1 	       420 	       2 	        1 	       420 	       3 	        1 	       420 	       4 	        1 	       300 	       5 	        1 	         0 	       6 	        6 	         0 	       7 	        6
   4047201 	     0472 	          01 	          1260 	         0 	       4 	        6 	         0 	       5 	        6 	         0 	       6 	        6 	         0 	       7 	        6 	       390 	       1 	        1 	       450 	       2 	        1 	       420 	       3 	        1
   4047601 	     0476 	          01 	          1740 	         0 	       6 	        6 	         0 	       7 	        6 	       300 	       1 	        1 	       300 	       2 	        1 	       420 	       3 	        1 	       420 	       4 	        1 	       300 	       5 	        1
   4048202 	     0482 	          02 	          2490 	       465 	       3 	        1 	       495 	       4 	        1 	       465 	       5 	        1 	         0 	       6 	        6 	         0 	       7 	        6 	       510 	       1 	        1 	       555 	       2 	        1
   4048801 	     0488 	          01 	          3195 	         0 	       7 	        6 	       735 	       1 	        1 	       615 	       2 	        1 	       660 	       3 	        1 	       630 	       4 	        1 	       555 	       5 	        1 	         0 	       6 	        6
   4049001 	     0490 	          01 	          2925 	       570 	       1 	        1 	       675 	       2 	        1 	       570 	       3 	        1 	       645 	       4 	        1 	       375 	       5 	        1 	        90 	       6 	        1 	         0 	       7 	        6
   4049301 	     0493 	          01 	          2175 	       435 	       3 	        1 	       435 	       4 	        1 	       435 	       5 	        1 	         0 	       6 	        6 	         0 	       7 	        6 	       435 	       1 	        1 	       435 	       2 	        1
   4049302 	     0493 	          02 	          3600 	       720 	       3 	        1 	       720 	       4 	        1 	       720 	       5 	        1 	         0 	       6 	        6 	         0 	       7 	        6 	       720 	       1 	        1 	       720 	       2 	        1
   4050301 	     0503 	          01 	          2850 	       570 	       4 	        1 	       570 	       5 	        1 	         0 	       6 	        6 	         0 	       7 	        6 	       570 	       1 	        1 	       570 	       2 	        1 	       570 	       3 	        1
   4050601 	     0506 	          01 	          1650 	         0 	       6 	        6 	         0 	       7 	        6 	       330 	       1 	        1 	       330 	       2 	        1 	       330 	       3 	        1 	       330 	       4 	        1 	       330 	       5 	        1
   4051201 	     0512 	          01 	          2955 	       615 	       3 	        1 	       660 	       4 	        1 	       420 	       5 	        1 	         0 	       6 	        6 	         0 	       7 	        6 	       600 	       1 	        1 	       660 	       2 	        1
   4051202 	     0512 	          02 	          2100 	       420 	       3 	        1 	       420 	       4 	        1 	       420 	       5 	        1 	         0 	       6 	        6 	         0 	       7 	        6 	       420 	       1 	        1 	       420 	       2 	        1
   4051801 	     0518 	          01 	          2850 	         0 	       7 	        6 	       570 	       1 	        1 	       570 	       2 	        1 	       570 	       3 	        1 	       570 	       4 	        1 	       570 	       5 	        1 	         0 	       6 	        6
   4051802 	     0518 	          02 	          3600 	         0 	       7 	        6 	       720 	       1 	        1 	       720 	       2 	        1 	       720 	       3 	        1 	       720 	       4 	        1 	       720 	       5 	        1 	         0 	       6 	        6
   4051803 	     0518 	          03 	          1500 	         0 	       7 	        6 	       300 	       1 	        1 	       300 	       2 	        1 	       300 	       3 	        1 	       300 	       4 	        1 	       300 	       5 	        1 	         0 	       6 	        6
   4051901 	     0519 	          01 	             0 	         0 	       1 	        1 	         0 	       2 	        1 	         0 	       3 	        1 	         0 	       4 	        1 	         0 	       5 	        1 	         0 	       6 	        1 	         0 	       7 	        1
   4052901 	     0529 	          01 	          3150 	       630 	       1 	        1 	       630 	       2 	        1 	       630 	       3 	        1 	       630 	       4 	        1 	       630 	       5 	        1 	         0 	       6 	        6 	         0 	       7 	        6
   4054301 	     0543 	          01 	          2115 	       420 	       3 	        1 	       420 	       4 	        1 	       435 	       5 	        1 	         0 	       6 	        6 	         0 	       7 	        6 	       420 	       1 	        1 	       420 	       2 	        1
   4054501 	     0545 	          01 	          3060 	      1320 	       6 	        1 	       120 	       7 	        1 	         0 	       1 	        6 	         0 	       2 	        6 	       540 	       3 	        1 	       540 	       4 	        1 	       540 	       5 	        1
   4055301 	     0553 	          01 	          3000 	       600 	       3 	        1 	       600 	       4 	        1 	       600 	       5 	        1 	         0 	       6 	        6 	         0 	       7 	        6 	       600 	       1 	        1 	       600 	       2 	        1
   4057201 	     0572 	          01 	          2685 	       585 	       4 	        1 	       585 	       5 	        1 	         0 	       6 	        6 	         0 	       7 	        6 	       540 	       1 	        1 	       525 	       2 	        1 	       450 	       3 	        1
   4057601 	     0576 	          01 	          2700 	         0 	       6 	        6 	         0 	       7 	        6 	       540 	       1 	        1 	       540 	       2 	        1 	       540 	       3 	        1 	       540 	       4 	        1 	       540 	       5 	        1
   4058301 	     0583 	          01 	          2310 	       420 	       3 	        1 	       420 	       4 	        1 	       420 	       5 	        1 	         0 	       6 	        6 	         0 	       7 	        6 	       630 	       1 	        1 	       420 	       2 	        1
   4058501 	     0585 	          01 	             0 	         0 	       6 	        6 	         0 	       7 	        6 	         0 	       1 	        6 	         0 	       2 	        6 	         0 	       3 	        6 	         0 	       4 	        6 	         0 	       5 	        6
   4058502 	     0585 	          02 	          2400 	         0 	       6 	        6 	         0 	       7 	        6 	       480 	       1 	        1 	       480 	       2 	        1 	       480 	       3 	        1 	       480 	       4 	        1 	       480 	       5 	        1
   4058701 	     0587 	          01 	          2400 	         0 	       7 	        6 	       480 	       1 	        1 	       480 	       2 	        1 	       480 	       3 	        1 	       480 	       4 	        1 	       480 	       5 	        1 	         0 	       6 	        6
   4059502 	     0595 	          02 	          1320 	         0 	       6 	        6 	         0 	       7 	        6 	       240 	       1 	        1 	       270 	       2 	        1 	       270 	       3 	        1 	       270 	       4 	        1 	       270 	       5 	        1
   4059801 	     0598 	          01 	          2325 	         0 	       7 	        6 	       480 	       1 	        1 	       450 	       2 	        1 	       495 	       3 	        1 	       450 	       4 	        1 	       450 	       5 	        1 	         0 	       6 	        6
   4060401 	     0604 	          01 	          1200 	       300 	       2 	        1 	       300 	       3 	        1 	       300 	       4 	        1 	       300 	       5 	        1 	         0 	       6 	        6 	         0 	       7 	        6 	         0 	       1 	        6
   4060402 	     0604 	          02 	          1500 	       300 	       2 	        1 	       300 	       3 	        1 	       300 	       4 	        1 	       300 	       5 	        1 	         0 	       6 	        6 	         0 	       7 	        6 	       300 	       1 	        1
   4061003 	     0610 	          03 	          2010 	       540 	       1 	        1 	       540 	       2 	        1 	       555 	       3 	        1 	         0 	       4 	        6 	       375 	       5 	        1 	         0 	       6 	        6 	         0 	       7 	        6
   4061201 	     0612 	          01 	          2400 	       480 	       5 	        1 	         0 	       6 	        6 	         0 	       7 	        6 	       480 	       1 	        1 	       480 	       2 	        1 	       480 	       3 	        1 	       480 	       4 	        1
   4061202 	     0612 	          02 	          2100 	       420 	       5 	        1 	         0 	       6 	        6 	         0 	       7 	        6 	       420 	       1 	        1 	       420 	       2 	        1 	       420 	       3 	        1 	       420 	       4 	        1
   4061401 	     0614 	          01 	          1620 	         0 	       5 	        6 	         0 	       6 	        6 	         0 	       7 	        6 	         0 	       1 	        6 	       690 	       2 	        1 	       870 	       3 	        1 	        60 	       4 	        1
   4061402 	     0614 	          02 	          3075 	       630 	       5 	        1 	         0 	       6 	        6 	         0 	       7 	        6 	       690 	       1 	        1 	       570 	       2 	        1 	       570 	       3 	        1 	       615 	       4 	        1
   4061403 	     0614 	          03 	          2730 	       420 	       5 	        1 	         0 	       6 	        6 	         0 	       7 	        6 	       660 	       1 	        1 	       660 	       2 	        1 	       480 	       3 	        1 	       510 	       4 	        1
   4062202 	     0622 	          02 	          1980 	       360 	       5 	        1 	         0 	       6 	        6 	         0 	       7 	        6 	       420 	       1 	        1 	       300 	       2 	        1 	       480 	       3 	        1 	       420 	       4 	        1
   4062301 	     0623 	          01 	          2520 	       360 	       5 	        1 	         0 	       6 	        6 	         0 	       7 	        6 	       540 	       1 	        1 	       540 	       2 	        1 	       540 	       3 	        1 	       540 	       4 	        1
   4062401 	     0624 	          01 	          2340 	       300 	       5 	        1 	         0 	       6 	        6 	         0 	       7 	        6 	       510 	       1 	        1 	       510 	       2 	        1 	       510 	       3 	        1 	       510 	       4 	        1
   4062701 	     0627 	          01 	          2820 	         0 	       7 	        6 	       570 	       1 	        1 	       615 	       2 	        1 	       510 	       3 	        1 	       645 	       4 	        1 	       480 	       5 	        1 	         0 	       6 	        6
   4062802 	     0628 	          02 	          2250 	         0 	       7 	        6 	       450 	       1 	        1 	       450 	       2 	        1 	       450 	       3 	        1 	       450 	       4 	        1 	       450 	       5 	        1 	         0 	       6 	        6
   4063401 	     0634 	          01 	          2370 	       495 	       2 	        1 	       495 	       3 	        1 	       495 	       4 	        1 	       390 	       5 	        1 	         0 	       6 	        6 	         0 	       7 	        6 	       495 	       1 	        1
   4063501 	     0635 	          01 	          3360 	       480 	       6 	        1 	       480 	       7 	        1 	       480 	       1 	        1 	       480 	       2 	        1 	       480 	       3 	        1 	       480 	       4 	        1 	       480 	       5 	        1
   4063502 	     0635 	          02 	          2400 	         0 	       6 	        6 	         0 	       7 	        6 	       480 	       1 	        1 	       480 	       2 	        1 	       480 	       3 	        1 	       480 	       4 	        1 	       480 	       5 	        1
   4063902 	     0639 	          02 	          1800 	       360 	       1 	        1 	       360 	       2 	        1 	       360 	       3 	        1 	       360 	       4 	        1 	       360 	       5 	        1 	         0 	       6 	        6 	         0 	       7 	        6
   4064401 	     0644 	          01 	          2325 	       450 	       5 	        1 	       420 	       6 	        1 	       435 	       7 	        1 	       420 	       1 	        1 	         0 	       2 	        6 	         0 	       3 	        6 	       600 	       4 	        1
   4064501 	     0645 	          01 	          2475 	         0 	       6 	        6 	         0 	       7 	        6 	       495 	       1 	        1 	       495 	       2 	        1 	       495 	       3 	        1 	       495 	       4 	        1 	       495 	       5 	        1
   4064502 	     0645 	          02 	          2700 	         0 	       6 	        6 	         0 	       7 	        6 	       540 	       1 	        1 	       540 	       2 	        1 	       540 	       3 	        1 	       540 	       4 	        1 	       540 	       5 	        1
   4064601 	     0646 	          01 	          2400 	         0 	       6 	        6 	         0 	       7 	        6 	       480 	       1 	        1 	       480 	       2 	        1 	       480 	       3 	        1 	       480 	       4 	        1 	       480 	       5 	        1
   4064602 	     0646 	          02 	          2400 	         0 	       6 	        6 	         0 	       7 	        6 	       480 	       1 	        1 	       480 	       2 	        1 	       480 	       3 	        1 	       480 	       4 	        1 	       480 	       5 	        1
   4064603 	     0646 	          03 	          2280 	         0 	       6 	        6 	         0 	       7 	        6 	       450 	       1 	        1 	       450 	       2 	        1 	       465 	       3 	        1 	       450 	       4 	        1 	       465 	       5 	        1
   4064702 	     0647 	          02 	           750 	         0 	       7 	        6 	       150 	       1 	        1 	       150 	       2 	        1 	       150 	       3 	        1 	       150 	       4 	        1 	       150 	       5 	        1 	         0 	       6 	        6
   4065201 	     0652 	          01 	          1980 	       660 	       2 	        1 	       660 	       3 	        1 	       660 	       4 	        1 	         0 	       5 	        6 	         0 	       6 	        6 	         0 	       7 	        6 	         0 	       1 	        6
   4065302 	     0653 	          02 	          2445 	       450 	       2 	        1 	       450 	       3 	        1 	       555 	       4 	        1 	       450 	       5 	        1 	         0 	       6 	        6 	         0 	       7 	        6 	       540 	       1 	        1
   4065303 	     0653 	          03 	          2070 	       510 	       2 	        1 	       600 	       3 	        1 	       540 	       4 	        1 	       420 	       5 	        1 	         0 	       6 	        6 	         0 	       7 	        6 	         0 	       1 	        6
   4065401 	     0654 	          01 	          2850 	       510 	       2 	        1 	       510 	       3 	        1 	       510 	       4 	        1 	       510 	       5 	        1 	       300 	       6 	        1 	         0 	       7 	        6 	       510 	       1 	        1
   4065602 	     0656 	          02 	          1800 	         0 	       6 	        6 	       450 	       7 	        1 	       450 	       1 	        1 	       450 	       2 	        1 	       450 	       3 	        1 	         0 	       4 	        6 	         0 	       5 	        6
   4065603 	     0656 	          03 	           960 	         0 	       6 	        6 	         0 	       7 	        6 	       240 	       1 	        1 	       240 	       2 	        1 	       240 	       3 	        1 	       240 	       4 	        1 	         0 	       5 	        6
   4065801 	     0658 	          01 	             0 	         0 	       7 	        6 	         0 	       1 	        6 	         0 	       2 	        6 	         0 	       3 	        6 	         0 	       4 	        6 	         0 	       5 	        6 	         0 	       6 	        6
   4066101 	     0661 	          01 	          2520 	       480 	       5 	        1 	         0 	       6 	        6 	         0 	       7 	        6 	       450 	       1 	        1 	       540 	       2 	        1 	       480 	       3 	        1 	       570 	       4 	        1
   4066201 	     0662 	          01 	          1920 	         0 	       5 	        6 	         0 	       6 	        6 	         0 	       7 	        6 	       480 	       1 	        1 	       480 	       2 	        1 	       480 	       3 	        1 	       480 	       4 	        1
   4066601 	     0666 	          01 	          1800 	         0 	       6 	        1 	         0 	       7 	        6 	         0 	       1 	        6 	       450 	       2 	        1 	       450 	       3 	        1 	       450 	       4 	        1 	       450 	       5 	        1
   4066701 	     0667 	          01 	          2655 	         0 	       7 	        6 	         0 	       1 	        6 	       525 	       2 	        1 	       525 	       3 	        1 	       525 	       4 	        1 	       525 	       5 	        1 	       555 	       6 	        1
   4066802 	     0668 	          02 	          2160 	       510 	       7 	        1 	         0 	       1 	        6 	       330 	       2 	        1 	       330 	       3 	        1 	       330 	       4 	        1 	       330 	       5 	        1 	       330 	       6 	        1
   4066804 	     0668 	          04 	          4350 	       690 	       7 	        1 	       690 	       1 	        1 	       690 	       2 	        1 	       690 	       3 	        1 	       900 	       4 	        1 	       690 	       5 	        1 	         0 	       6 	        6
   4066805 	     0668 	          05 	          3300 	         0 	       7 	        6 	       660 	       1 	        1 	       660 	       2 	        1 	       660 	       3 	        1 	       660 	       4 	        1 	       660 	       5 	        1 	         0 	       6 	        6
   4067601 	     0676 	          01 	          2430 	         0 	       6 	        6 	         0 	       7 	        6 	       525 	       1 	        1 	       480 	       2 	        1 	       555 	       3 	        1 	       510 	       4 	        1 	       360 	       5 	        1
   4067701 	     0677 	          01 	          1950 	         0 	       7 	        6 	       390 	       1 	        1 	       390 	       2 	        1 	       390 	       3 	        1 	       390 	       4 	        1 	       390 	       5 	        1 	         0 	       6 	        6
   4067902 	     0679 	          02 	           360 	        60 	       1 	        1 	         0 	       2 	        6 	       120 	       3 	        1 	         0 	       4 	        6 	        90 	       5 	        1 	        90 	       6 	        1 	         0 	       7 	        6
   4068303 	     0683 	          03 	          2400 	       510 	       2 	        1 	       510 	       3 	        1 	       510 	       4 	        1 	       360 	       5 	        1 	         0 	       6 	        6 	         0 	       7 	        6 	       510 	       1 	        1
   4068501 	     0685 	          01 	          1320 	       600 	       6 	        1 	       420 	       7 	        1 	         0 	       1 	        6 	         0 	       2 	        6 	         0 	       3 	        6 	         0 	       4 	        6 	       300 	       5 	        1
   4068502 	     0685 	          02 	          1260 	       600 	       6 	        1 	       420 	       7 	        1 	         0 	       1 	        6 	         0 	       2 	        6 	         0 	       3 	        6 	         0 	       4 	        6 	       240 	       5 	        1
   4068801 	     0688 	          01 	          1500 	         0 	       7 	        6 	       300 	       1 	        1 	       300 	       2 	        1 	       300 	       3 	        1 	       300 	       4 	        1 	       300 	       5 	        1 	         0 	       6 	        6
   4068802 	     0688 	          02 	          2760 	         0 	       7 	        6 	       570 	       1 	        1 	       525 	       2 	        1 	       555 	       3 	        1 	       585 	       4 	        1 	       525 	       5 	        1 	         0 	       6 	        6
   4069401 	     0694 	          01 	          2460 	       600 	       5 	        1 	         0 	       6 	        6 	         0 	       7 	        6 	       480 	       1 	        1 	       450 	       2 	        1 	       450 	       3 	        1 	       480 	       4 	        1
   4070101 	     0701 	          01 	           630 	       150 	       5 	        1 	         0 	       6 	        6 	         0 	       7 	        6 	       120 	       1 	        1 	       120 	       2 	        1 	       120 	       3 	        1 	       120 	       4 	        1
   4070301 	     0703 	          01 	          3150 	       690 	       5 	        1 	       360 	       6 	        1 	         0 	       7 	        6 	       630 	       1 	        1 	       690 	       2 	        1 	       360 	       3 	        1 	       420 	       4 	        1
   4070501 	     0705 	          01 	          1200 	         0 	       6 	        6 	         0 	       7 	        6 	       240 	       1 	        1 	       240 	       2 	        1 	       240 	       3 	        1 	       240 	       4 	        1 	       240 	       5 	        1
   4070502 	     0705 	          02 	          2400 	         0 	       6 	        6 	         0 	       7 	        6 	       480 	       1 	        1 	       480 	       2 	        1 	       480 	       3 	        1 	       480 	       4 	        1 	       480 	       5 	        1
   4070701 	     0707 	          01 	          3600 	         0 	       7 	        6 	       720 	       1 	        1 	       720 	       2 	        1 	       720 	       3 	        1 	       720 	       4 	        1 	       720 	       5 	        1 	         0 	       6 	        6
   4070801 	     0708 	          01 	          1950 	         0 	       7 	        6 	       390 	       1 	        1 	       390 	       2 	        1 	       390 	       3 	        1 	       390 	       4 	        1 	       390 	       5 	        1 	         0 	       6 	        6
   4071202 	     0712 	          02 	          2220 	       480 	       2 	        1 	       480 	       3 	        1 	       480 	       4 	        1 	       300 	       5 	        1 	         0 	       6 	        6 	         0 	       7 	        6 	       480 	       1 	        1
   4071401 	     0714 	          01 	          4350 	       570 	       2 	        1 	       510 	       3 	        1 	       570 	       4 	        1 	       540 	       5 	        1 	       870 	       6 	        1 	       630 	       7 	        1 	       660 	       1 	        1
   4071802 	     0718 	          02 	          2040 	         0 	       7 	        6 	       510 	       1 	        1 	       510 	       2 	        1 	       510 	       3 	        1 	       510 	       4 	        1 	         0 	       5 	        6 	         0 	       6 	        6
   4072001 	     0720 	          01 	           240 	         0 	       1 	        6 	       120 	       2 	        1 	         0 	       3 	        6 	         0 	       4 	        6 	       120 	       5 	        1 	         0 	       6 	        6 	         0 	       7 	        6
   4072002 	     0720 	          02 	          2100 	       420 	       1 	        1 	       420 	       2 	        1 	       420 	       3 	        1 	       420 	       4 	        1 	       420 	       5 	        1 	         0 	       6 	        6 	         0 	       7 	        6
   4072101 	     0721 	          01 	             0 	         0 	       5 	        6 	         0 	       6 	        6 	         0 	       7 	        6 	         0 	       1 	        6 	         0 	       2 	        6 	         0 	       3 	        6 	         0 	       4 	        6
   4072201 	     0722 	          01 	             0 	         0 	       5 	        6 	         0 	       6 	        6 	         0 	       7 	        6 	         0 	       1 	        6 	         0 	       2 	        6 	         0 	       3 	        6 	         0 	       4 	        6
   4072202 	     0722 	          02 	             0 	         0 	       5 	        6 	         0 	       6 	        6 	         0 	       7 	        6 	         0 	       1 	        6 	         0 	       2 	        6 	         0 	       3 	        6 	         0 	       4 	        6
   4072603 	     0726 	          03 	          2400 	         0 	       6 	        6 	         0 	       7 	        6 	       480 	       1 	        1 	       480 	       2 	        1 	       480 	       3 	        1 	       480 	       4 	        1 	       480 	       5 	        1
   4072802 	     0728 	          02 	          2400 	         0 	       7 	        6 	       480 	       1 	        1 	       480 	       2 	        1 	       480 	       3 	        1 	       480 	       4 	        1 	       480 	       5 	        1 	         0 	       6 	        6
   4072901 	     0729 	          01 	          2400 	       495 	       1 	        1 	       495 	       2 	        1 	       495 	       3 	        1 	       495 	       4 	        1 	       420 	       5 	        1 	         0 	       6 	        6 	         0 	       7 	        6
   4072902 	     0729 	          02 	          2100 	       420 	       1 	        1 	       420 	       2 	        1 	       420 	       3 	        1 	       420 	       4 	        1 	       420 	       5 	        1 	         0 	       6 	        6 	         0 	       7 	        6
   4073201 	     0732 	          01 	          1620 	       420 	       2 	        1 	       420 	       3 	        1 	       420 	       4 	        1 	       360 	       5 	        1 	         0 	       6 	        6 	         0 	       7 	        6 	         0 	       1 	        6
   4073202 	     0732 	          02 	          2400 	       420 	       2 	        1 	       660 	       3 	        1 	       240 	       4 	        1 	       420 	       5 	        1 	         0 	       6 	        6 	         0 	       7 	        6 	       660 	       1 	        1
   4073301 	     0733 	          01 	          2160 	       720 	       2 	        1 	       720 	       3 	        1 	         0 	       4 	        6 	         0 	       5 	        6 	         0 	       6 	        6 	         0 	       7 	        6 	       720 	       1 	        1
   4073304 	     0733 	          04 	             0 	         0 	       2 	        1 	         0 	       3 	        1 	         0 	       4 	        1 	         0 	       5 	        1 	         0 	       6 	        1 	         0 	       7 	        1 	         0 	       1 	        1
   4073401 	     0734 	          01 	           600 	         0 	       2 	        6 	         0 	       3 	        6 	         0 	       4 	        6 	         0 	       5 	        6 	       600 	       6 	        1 	         0 	       7 	        6 	         0 	       1 	        6
   4073404 	     0734 	          04 	          3660 	       420 	       2 	        1 	       420 	       3 	        1 	       420 	       4 	        1 	       600 	       5 	        1 	       600 	       6 	        1 	       780 	       7 	        1 	       420 	       1 	        1
   4073801 	     0738 	          01 	          2520 	         0 	       7 	        6 	       480 	       1 	        1 	       720 	       2 	        1 	       870 	       3 	        1 	         0 	       4 	        6 	         0 	       5 	        6 	       450 	       6 	        1
   4073901 	     0739 	          01 	          1920 	         0 	       1 	        6 	         0 	       2 	        6 	         0 	       3 	        6 	         0 	       4 	        6 	       660 	       5 	        1 	       660 	       6 	        1 	       600 	       7 	        1
   4073902 	     0739 	          02 	          2280 	       540 	       1 	        1 	       540 	       2 	        1 	       540 	       3 	        1 	         0 	       4 	        6 	         0 	       5 	        6 	         0 	       6 	        6 	       660 	       7 	        1
   4074101 	     0741 	          01 	          2250 	       600 	       5 	        1 	       180 	       6 	        1 	         0 	       7 	        6 	       420 	       1 	        1 	       420 	       2 	        1 	       330 	       3 	        1 	       300 	       4 	        1
   4074102 	     0741 	          02 	          3120 	         0 	       5 	        6 	       540 	       6 	        1 	       480 	       7 	        1 	       540 	       1 	        1 	       540 	       2 	        1 	       540 	       3 	        1 	       480 	       4 	        1
   4074201 	     0742 	          01 	          2790 	       510 	       5 	        1 	       240 	       6 	        1 	         0 	       7 	        6 	       510 	       1 	        1 	       510 	       2 	        1 	       510 	       3 	        1 	       510 	       4 	        1
   4074601 	     0746 	          01 	          2220 	       360 	       6 	        1 	         0 	       7 	        6 	       360 	       1 	        1 	       360 	       2 	        1 	       360 	       3 	        1 	       360 	       4 	        1 	       420 	       5 	        1
   4074602 	     0746 	          02 	          4080 	         0 	       6 	        6 	         0 	       7 	        6 	       840 	       1 	        1 	       840 	       2 	        1 	       870 	       3 	        1 	       690 	       4 	        1 	       840 	       5 	        1
   4074702 	     0747 	          02 	          2100 	         0 	       7 	        6 	       420 	       1 	        1 	       420 	       2 	        1 	       420 	       3 	        1 	       420 	       4 	        1 	       420 	       5 	        1 	         0 	       6 	        6
   4074902 	     0749 	          02 	          3180 	       600 	       1 	        1 	       720 	       2 	        1 	       600 	       3 	        1 	       540 	       4 	        1 	       420 	       5 	        1 	         0 	       6 	        6 	       300 	       7 	        1
   4075002 	     0750 	          02 	          2400 	       480 	       1 	        1 	       480 	       2 	        1 	       480 	       3 	        1 	       480 	       4 	        1 	       480 	       5 	        1 	         0 	       6 	        6 	         0 	       7 	        6
   4075101 	     0751 	          01 	           360 	       120 	       2 	        1 	         0 	       3 	        6 	         0 	       4 	        6 	       240 	       5 	        1 	         0 	       6 	        6 	         0 	       7 	        6 	         0 	       1 	        6
   4075301 	     0753 	          01 	          2085 	       450 	       2 	        1 	       450 	       3 	        1 	       450 	       4 	        1 	       300 	       5 	        1 	         0 	       6 	        6 	         0 	       7 	        6 	       435 	       1 	        1
   4075302 	     0753 	          02 	          2100 	       420 	       2 	        1 	       420 	       3 	        1 	       420 	       4 	        1 	       420 	       5 	        1 	         0 	       6 	        6 	         0 	       7 	        6 	       420 	       1 	        1
   4075901 	     0759 	          01 	          3360 	       450 	       1 	        1 	       450 	       2 	        1 	       540 	       3 	        1 	       540 	       4 	        1 	       465 	       5 	        1 	       465 	       6 	        1 	       450 	       7 	        1
   4075902 	     0759 	          02 	          2910 	       390 	       1 	        1 	       390 	       2 	        1 	       480 	       3 	        1 	       480 	       4 	        1 	       390 	       5 	        1 	       390 	       6 	        1 	       390 	       7 	        1
   4076001 	     0760 	          01 	          2400 	       480 	       1 	        1 	       480 	       2 	        1 	       480 	       3 	        1 	       480 	       4 	        1 	       480 	       5 	        1 	         0 	       6 	        6 	         0 	       7 	        6
   4076002 	     0760 	          02 	          2520 	       540 	       1 	        1 	       510 	       2 	        1 	       480 	       3 	        1 	       540 	       4 	        1 	       450 	       5 	        1 	         0 	       6 	        6 	         0 	       7 	        6
   4076302 	     0763 	          02 	          3840 	       480 	       5 	        1 	       720 	       6 	        1 	       720 	       7 	        1 	       480 	       1 	        1 	       480 	       2 	        1 	       480 	       3 	        1 	       480 	       4 	        1
   4076501 	     0765 	          01 	           600 	         0 	       6 	        6 	         0 	       7 	        6 	       120 	       1 	        1 	       120 	       2 	        1 	       120 	       3 	        1 	       120 	       4 	        1 	       120 	       5 	        1
   4076503 	     0765 	          03 	          2400 	         0 	       6 	        6 	         0 	       7 	        6 	       480 	       1 	        1 	       480 	       2 	        1 	       480 	       3 	        1 	       480 	       4 	        1 	       480 	       5 	        1
   4076601 	     0766 	          01 	          1950 	         0 	       6 	        6 	         0 	       7 	        6 	       390 	       1 	        1 	       390 	       2 	        1 	       390 	       3 	        1 	       390 	       4 	        1 	       390 	       5 	        1
   4076602 	     0766 	          02 	          4320 	       420 	       6 	        1 	         0 	       7 	        6 	       780 	       1 	        1 	       780 	       2 	        1 	       780 	       3 	        1 	       780 	       4 	        1 	       780 	       5 	        1
   4076603 	     0766 	          03 	          1500 	         0 	       6 	        6 	         0 	       7 	        6 	       300 	       1 	        1 	       300 	       2 	        1 	       300 	       3 	        1 	       300 	       4 	        1 	       300 	       5 	        1
   4076702 	     0767 	          02 	          1350 	         0 	       7 	        6 	       270 	       1 	        1 	       270 	       2 	        1 	       270 	       3 	        1 	       270 	       4 	        1 	       270 	       5 	        1 	         0 	       6 	        6
   4077101 	     0771 	          01 	          2700 	       360 	       5 	        1 	       420 	       6 	        1 	         0 	       7 	        6 	       540 	       1 	        1 	       420 	       2 	        1 	       540 	       3 	        1 	       420 	       4 	        1
   4077102 	     0771 	          02 	             0 	         0 	       5 	        6 	         0 	       6 	        6 	         0 	       7 	        6 	         0 	       1 	        6 	         0 	       2 	        6 	         0 	       3 	        6 	         0 	       4 	        6
   4077201 	     0772 	          01 	             0 	         0 	       5 	        6 	         0 	       6 	        6 	         0 	       7 	        6 	         0 	       1 	        6 	         0 	       2 	        6 	         0 	       3 	        6 	         0 	       4 	        6
   4077401 	     0774 	          01 	          2250 	       450 	       5 	        1 	         0 	       6 	        6 	         0 	       7 	        6 	       450 	       1 	        1 	       450 	       2 	        1 	       450 	       3 	        1 	       450 	       4 	        1
   4077402 	     0774 	          02 	          3000 	       540 	       5 	        1 	       300 	       6 	        1 	         0 	       7 	        6 	       540 	       1 	        1 	       540 	       2 	        1 	       540 	       3 	        1 	       540 	       4 	        1
   4077501 	     0775 	          01 	          2100 	         0 	       6 	        6 	         0 	       7 	        6 	       420 	       1 	        1 	       420 	       2 	        1 	       420 	       3 	        1 	       420 	       4 	        1 	       420 	       5 	        1
   4077502 	     0775 	          02 	             0 	         0 	       6 	        6 	         0 	       7 	        6 	         0 	       1 	        6 	         0 	       2 	        6 	         0 	       3 	        6 	         0 	       4 	        6 	         0 	       5 	        6
   4077901 	     0779 	          01 	             0 	         0 	       1 	        6 	         0 	       2 	        6 	         0 	       3 	        6 	         0 	       4 	        6 	         0 	       5 	        6 	         0 	       6 	        6 	         0 	       7 	        6
   4077902 	     0779 	          02 	             0 	         0 	       1 	        6 	         0 	       2 	        6 	         0 	       3 	        6 	         0 	       4 	        6 	         0 	       5 	        6 	         0 	       6 	        6 	         0 	       7 	        6
   4078101 	     0781 	          01 	          2100 	       420 	       2 	        1 	       420 	       3 	        1 	       420 	       4 	        1 	       420 	       5 	        1 	         0 	       6 	        6 	         0 	       7 	        6 	       420 	       1 	        1
   4078201 	     0782 	          01 	          1680 	       240 	       2 	        1 	       240 	       3 	        1 	       240 	       4 	        1 	       240 	       5 	        1 	       240 	       6 	        1 	       240 	       7 	        1 	       240 	       1 	        1
   4078401 	     0784 	          01 	             0 	         0 	       2 	        6 	         0 	       3 	        6 	         0 	       4 	        6 	         0 	       5 	        6 	         0 	       6 	        6 	         0 	       7 	        6 	         0 	       1 	        6
   4078702 	     0787 	          02 	          2625 	         0 	       7 	        6 	       540 	       1 	        1 	       540 	       2 	        1 	       585 	       3 	        1 	       540 	       4 	        1 	       420 	       5 	        1 	         0 	       6 	        6
   4078802 	     0788 	          02 	          4320 	       720 	       7 	        1 	       720 	       1 	        1 	         0 	       2 	        6 	       720 	       3 	        1 	       720 	       4 	        1 	       720 	       5 	        1 	       720 	       6 	        1
   4078901 	     0789 	          01 	          2730 	       510 	       1 	        1 	       510 	       2 	        1 	       510 	       3 	        1 	       510 	       4 	        1 	       510 	       5 	        1 	       180 	       6 	        1 	         0 	       7 	        6
   4079201 	     0792 	          01 	          1650 	       390 	       2 	        1 	       390 	       3 	        1 	       480 	       4 	        1 	         0 	       5 	        6 	         0 	       6 	        6 	         0 	       7 	        6 	       390 	       1 	        1
   4079402 	     0794 	          02 	          2520 	       660 	       2 	        1 	       540 	       3 	        1 	       660 	       4 	        1 	       660 	       5 	        1 	         0 	       6 	        6 	         0 	       7 	        6 	         0 	       1 	        6
   4079502 	     0795 	          02 	          6270 	       990 	       6 	        1 	       330 	       7 	        1 	       990 	       1 	        1 	       990 	       2 	        1 	       990 	       3 	        1 	       990 	       4 	        1 	       990 	       5 	        1
   4079903 	     0799 	          03 	          2370 	       495 	       1 	        1 	       510 	       2 	        1 	       495 	       3 	        1 	       480 	       4 	        1 	       390 	       5 	        1 	         0 	       6 	        6 	         0 	       7 	        6
   4080202 	     0802 	          02 	          5700 	       780 	       5 	        1 	       780 	       6 	        1 	       780 	       7 	        1 	       780 	       1 	        1 	       780 	       2 	        1 	       780 	       3 	        1 	      1020 	       4 	        1
   4080401 	     0804 	          01 	          2145 	       420 	       5 	        1 	         0 	       6 	        6 	         0 	       7 	        6 	       420 	       1 	        1 	       480 	       2 	        1 	       420 	       3 	        1 	       405 	       4 	        1
   4080502 	     0805 	          02 	          2580 	         0 	       6 	        6 	       780 	       7 	        1 	       360 	       1 	        1 	       360 	       2 	        1 	       360 	       3 	        1 	       360 	       4 	        1 	       360 	       5 	        1
   4080701 	     0807 	          01 	          1980 	         0 	       7 	        6 	       420 	       1 	        1 	       420 	       2 	        1 	         0 	       3 	        6 	       420 	       4 	        1 	       420 	       5 	        1 	       300 	       6 	        1
   4081202 	     0812 	          02 	          2175 	         0 	       2 	        6 	       555 	       3 	        1 	       540 	       4 	        1 	       540 	       5 	        1 	         0 	       6 	        6 	         0 	       7 	        6 	       540 	       1 	        1
   4081802 	     0818 	          02 	          1260 	         0 	       7 	        6 	       270 	       1 	        1 	         0 	       2 	        6 	       240 	       3 	        1 	       270 	       4 	        1 	       240 	       5 	        1 	       240 	       6 	        1
   4082003 	     0820 	          03 	           540 	         0 	       1 	        6 	         0 	       2 	        6 	       180 	       3 	        1 	       180 	       4 	        1 	       180 	       5 	        1 	         0 	       6 	        6 	         0 	       7 	        6
   4082201 	     0822 	          01 	          1140 	       180 	       5 	        1 	       300 	       6 	        1 	         0 	       7 	        6 	       180 	       1 	        1 	         0 	       2 	        6 	       240 	       3 	        1 	       240 	       4 	        1
   4082301 	     0823 	          01 	          2100 	       420 	       5 	        1 	         0 	       6 	        6 	         0 	       7 	        6 	       420 	       1 	        1 	       420 	       2 	        1 	       420 	       3 	        1 	       420 	       4 	        1
   4082401 	     0824 	          01 	          2700 	       540 	       5 	        1 	         0 	       6 	        6 	         0 	       7 	        6 	       540 	       1 	        1 	       540 	       2 	        1 	       540 	       3 	        1 	       540 	       4 	        1
   4082402 	     0824 	          02 	          2340 	       390 	       5 	        1 	       390 	       6 	        1 	         0 	       7 	        6 	       390 	       1 	        1 	       390 	       2 	        1 	       390 	       3 	        1 	       390 	       4 	        1
   4082403 	     0824 	          03 	          4365 	       300 	       5 	        1 	       300 	       6 	        1 	       645 	       7 	        1 	       915 	       1 	        1 	       735 	       2 	        1 	       735 	       3 	        1 	       735 	       4 	        1
   4082501 	     0825 	          01 	          2250 	         0 	       6 	        6 	         0 	       7 	        6 	       420 	       1 	        1 	       570 	       2 	        1 	       420 	       3 	        1 	       420 	       4 	        1 	       420 	       5 	        1
   4082802 	     0828 	          02 	             0 	         0 	       7 	        6 	         0 	       1 	        6 	         0 	       2 	        6 	         0 	       3 	        6 	         0 	       4 	        6 	         0 	       5 	        6 	         0 	       6 	        6
   4083901 	     0839 	          01 	          2055 	       450 	       1 	        1 	       420 	       2 	        1 	       450 	       3 	        1 	         0 	       4 	        6 	       465 	       5 	        1 	       270 	       6 	        1 	         0 	       7 	        6
   4084002 	     0840 	          02 	          1200 	       180 	       1 	        1 	       180 	       2 	        1 	       420 	       3 	        1 	         0 	       4 	        6 	       420 	       5 	        1 	         0 	       6 	        6 	         0 	       7 	        6
   4085002 	     0850 	          02 	          2400 	       480 	       1 	        1 	       480 	       2 	        1 	       480 	       3 	        1 	       480 	       4 	        1 	       480 	       5 	        1 	         0 	       6 	        6 	         0 	       7 	        6
   4085202 	     0852 	          02 	          2550 	       495 	       2 	        1 	       495 	       3 	        1 	       495 	       4 	        1 	       495 	       5 	        1 	         0 	       6 	        6 	         0 	       7 	        6 	       570 	       1 	        1
   4085203 	     0852 	          03 	          2340 	       480 	       2 	        1 	       480 	       3 	        1 	       420 	       4 	        1 	       480 	       5 	        1 	         0 	       6 	        6 	         0 	       7 	        6 	       480 	       1 	        1
   4085502 	     0855 	          02 	          5400 	       780 	       6 	        1 	       720 	       7 	        1 	       780 	       1 	        1 	       780 	       2 	        1 	       780 	       3 	        1 	       780 	       4 	        1 	       780 	       5 	        1
   4085701 	     0857 	          01 	          2400 	         0 	       7 	        6 	       480 	       1 	        1 	       480 	       2 	        1 	       480 	       3 	        1 	       480 	       4 	        1 	       480 	       5 	        1 	         0 	       6 	        6
   4086003 	     0860 	          03 	          1500 	       300 	       1 	        1 	       300 	       2 	        1 	       300 	       3 	        1 	       300 	       4 	        1 	       300 	       5 	        1 	         0 	       6 	        6 	         0 	       7 	        6
   4086301 	     0863 	          01 	           870 	       300 	       5 	        1 	         0 	       6 	        6 	         0 	       7 	        6 	       270 	       1 	        1 	       300 	       2 	        1 	         0 	       3 	        1 	         0 	       4 	        6
   4086302 	     0863 	          02 	          2160 	       240 	       5 	        1 	         0 	       6 	        6 	         0 	       7 	        6 	       480 	       1 	        1 	       480 	       2 	        1 	       480 	       3 	        1 	       480 	       4 	        1
   4086403 	     0864 	          03 	          1740 	         0 	       5 	        6 	         0 	       6 	        6 	         0 	       7 	        6 	       420 	       1 	        1 	       420 	       2 	        1 	       480 	       3 	        1 	       420 	       4 	        1
   4086901 	     0869 	          01 	          2100 	       420 	       1 	        1 	       420 	       2 	        1 	       420 	       3 	        1 	       420 	       4 	        1 	       420 	       5 	        1 	         0 	       6 	        6 	         0 	       7 	        6
   4086902 	     0869 	          02 	          2400 	       600 	       1 	        1 	       600 	       2 	        1 	       420 	       3 	        1 	       420 	       4 	        1 	       360 	       5 	        1 	         0 	       6 	        6 	         0 	       7 	        6
   4087101 	     0871 	          01 	          2520 	       420 	       5 	        1 	       420 	       6 	        1 	         0 	       7 	        6 	       420 	       1 	        1 	       420 	       2 	        1 	       420 	       3 	        1 	       420 	       4 	        1
   4087702 	     0877 	          02 	          1980 	         0 	       7 	        6 	       780 	       1 	        1 	       660 	       2 	        1 	       540 	       3 	        1 	         0 	       4 	        6 	         0 	       5 	        6 	         0 	       6 	        6
   4087802 	     0878 	          02 	          1500 	         0 	       7 	        6 	       300 	       1 	        1 	       300 	       2 	        1 	       300 	       3 	        1 	       300 	       4 	        1 	       300 	       5 	        1 	         0 	       6 	        6
   4088103 	     0881 	          03 	             0 	         0 	       2 	        6 	         0 	       3 	        6 	         0 	       4 	        6 	         0 	       5 	        6 	         0 	       6 	        6 	         0 	       7 	        6 	         0 	       1 	        6
   4088202 	     0882 	          02 	           495 	         0 	       2 	        6 	         0 	       3 	        6 	         0 	       4 	        6 	         0 	       5 	        6 	         0 	       6 	        6 	         0 	       7 	        6 	       495 	       1 	        1
   4088901 	     0889 	          01 	          2700 	       570 	       1 	        1 	       570 	       2 	        1 	       570 	       3 	        1 	       570 	       4 	        1 	       420 	       5 	        1 	         0 	       6 	        6 	         0 	       7 	        6
   4089101 	     0891 	          01 	          2400 	       480 	       2 	        1 	       480 	       3 	        1 	       480 	       4 	        1 	       480 	       5 	        1 	         0 	       6 	        6 	         0 	       7 	        6 	       480 	       1 	        1
   4089102 	     0891 	          02 	          2400 	       480 	       2 	        1 	       480 	       3 	        1 	       480 	       4 	        1 	       480 	       5 	        1 	         0 	       6 	        6 	         0 	       7 	        6 	       480 	       1 	        1
   4089201 	     0892 	          01 	          4500 	       750 	       2 	        1 	       750 	       3 	        1 	       750 	       4 	        1 	       750 	       5 	        1 	       420 	       6 	        1 	       330 	       7 	        1 	       750 	       1 	        1
   4089701 	     0897 	          01 	          2340 	       480 	       1 	        1 	       480 	       2 	        1 	       480 	       3 	        1 	       480 	       4 	        1 	       420 	       5 	        1 	         0 	       6 	        6 	         0 	       7 	        6
   4090702 	     0907 	          02 	          2160 	       420 	       2 	        1 	       420 	       3 	        1 	       420 	       4 	        1 	       420 	       5 	        1 	         0 	       6 	        6 	         0 	       7 	        6 	       480 	       1 	        1
   4090802 	     0908 	          02 	          1650 	       330 	       2 	        1 	       330 	       3 	        1 	       330 	       4 	        1 	       330 	       5 	        1 	         0 	       6 	        6 	         0 	       7 	        6 	       330 	       1 	        1
   4091001 	     0910 	          01 	          2460 	         0 	       6 	        6 	         0 	       7 	        6 	       480 	       1 	        1 	       480 	       2 	        1 	       480 	       3 	        1 	       480 	       4 	        1 	       540 	       5 	        1
   4091002 	     0910 	          02 	          2520 	         0 	       6 	        6 	         0 	       7 	        6 	       540 	       1 	        1 	       540 	       2 	        1 	       540 	       3 	        1 	       540 	       4 	        1 	       360 	       5 	        1
   4091003 	     0910 	          03 	          2400 	         0 	       6 	        6 	         0 	       7 	        6 	       480 	       1 	        1 	       480 	       2 	        1 	       480 	       3 	        1 	       480 	       4 	        1 	       480 	       5 	        1
   4091004 	     0910 	          04 	          2025 	         0 	       6 	        6 	         0 	       7 	        6 	       405 	       1 	        1 	       405 	       2 	        1 	       405 	       3 	        1 	       405 	       4 	        1 	       405 	       5 	        1
   4091101 	     0911 	          01 	          3540 	       420 	       6 	        1 	       420 	       7 	        1 	       540 	       1 	        1 	       540 	       2 	        1 	       540 	       3 	        1 	       540 	       4 	        1 	       540 	       5 	        1
   4091102 	     0911 	          02 	          2265 	       240 	       6 	        1 	       240 	       7 	        1 	       300 	       1 	        1 	       300 	       2 	        1 	       360 	       3 	        1 	       480 	       4 	        1 	       345 	       5 	        1
   4091202 	     0912 	          02 	          2400 	         0 	       7 	        6 	       480 	       1 	        1 	       480 	       2 	        1 	       480 	       3 	        1 	       480 	       4 	        1 	       480 	       5 	        1 	         0 	       6 	        6
   4091301 	     0913 	          01 	          2910 	         0 	       7 	        6 	       630 	       1 	        1 	       630 	       2 	        1 	       630 	       3 	        1 	       630 	       4 	        1 	       390 	       5 	        1 	         0 	       6 	        6
   4091601 	     0916 	          01 	          2730 	       540 	       5 	        1 	         0 	       6 	        6 	         0 	       7 	        6 	       555 	       1 	        1 	       555 	       2 	        1 	       540 	       3 	        1 	       540 	       4 	        1
   4091602 	     0916 	          02 	          2325 	       345 	       5 	        1 	         0 	       6 	        6 	         0 	       7 	        6 	       570 	       1 	        1 	       510 	       2 	        1 	       450 	       3 	        1 	       450 	       4 	        1
   4091701 	     0917 	          01 	          2835 	       750 	       5 	        1 	         0 	       6 	        6 	         0 	       7 	        6 	       480 	       1 	        1 	       465 	       2 	        1 	       480 	       3 	        1 	       660 	       4 	        1
   4091702 	     0917 	          02 	          2880 	       585 	       5 	        1 	         0 	       6 	        6 	         0 	       7 	        6 	       585 	       1 	        1 	       555 	       2 	        1 	       555 	       3 	        1 	       600 	       4 	        1
   4093401 	     0934 	          01 	          1290 	      1020 	       6 	        1 	         0 	       7 	        6 	        60 	       1 	        1 	         0 	       2 	        6 	         0 	       3 	        6 	         0 	       4 	        6 	       210 	       5 	        1
   4093402 	     0934 	          02 	          2490 	         0 	       6 	        6 	         0 	       7 	        6 	       570 	       1 	        1 	       570 	       2 	        1 	       570 	       3 	        1 	       390 	       4 	        1 	       390 	       5 	        1
   4094201 	     0942 	          01 	           960 	         0 	       6 	        6 	         0 	       7 	        6 	       480 	       1 	        1 	       480 	       2 	        1 	         0 	       3 	        6 	         0 	       4 	        6 	         0 	       5 	        6
   4094502 	     0945 	          02 	          1620 	       540 	       1 	        1 	       540 	       2 	        1 	       540 	       3 	        1 	         0 	       4 	        6 	         0 	       5 	        6 	         0 	       6 	        6 	         0 	       7 	        6
   4094701 	     0947 	          01 	          1500 	       300 	       5 	        1 	         0 	       6 	        6 	         0 	       7 	        6 	       300 	       1 	        1 	       300 	       2 	        1 	       300 	       3 	        1 	       300 	       4 	        1
   4094803 	     0948 	          03 	          2445 	       495 	       5 	        1 	         0 	       6 	        6 	         0 	       7 	        6 	       480 	       1 	        1 	       495 	       2 	        1 	       480 	       3 	        1 	       495 	       4 	        1
   4095101 	     0951 	          01 	          2310 	         0 	       7 	        6 	       495 	       1 	        1 	       435 	       2 	        1 	       495 	       3 	        1 	       525 	       4 	        1 	       360 	       5 	        1 	         0 	       6 	        6
   4095102 	     0951 	          02 	          2505 	         0 	       7 	        6 	       495 	       1 	        1 	       510 	       2 	        1 	       495 	       3 	        1 	         0 	       4 	        6 	       495 	       5 	        1 	       510 	       6 	        1
   4095302 	     0953 	          02 	          1215 	       510 	       1 	        1 	       225 	       2 	        1 	       270 	       3 	        1 	         0 	       4 	        6 	       210 	       5 	        1 	         0 	       6 	        6 	         0 	       7 	        6
   4095502 	     0955 	          02 	             0 	         0 	       3 	        6 	         0 	       4 	        6 	         0 	       5 	        6 	         0 	       6 	        6 	         0 	       7 	        6 	         0 	       1 	        6 	         0 	       2 	        6
   4095503 	     0955 	          03 	          1200 	       240 	       3 	        1 	       240 	       4 	        1 	       240 	       5 	        1 	         0 	       6 	        6 	         0 	       7 	        6 	       240 	       1 	        1 	       240 	       2 	        1
   4095701 	     0957 	          01 	          1800 	       300 	       3 	        1 	       300 	       4 	        1 	       300 	       5 	        1 	         0 	       6 	        6 	         0 	       7 	        6 	       600 	       1 	        1 	       300 	       2 	        1
   4095702 	     0957 	          02 	          3600 	       720 	       3 	        1 	       720 	       4 	        1 	       720 	       5 	        1 	         0 	       6 	        1 	         0 	       7 	        1 	       720 	       1 	        1 	       720 	       2 	        1
   4096202 	     0962 	          02 	          2550 	       510 	       1 	        1 	       510 	       2 	        1 	       510 	       3 	        1 	       510 	       4 	        1 	       510 	       5 	        1 	         0 	       6 	        6 	         0 	       7 	        6
   4096203 	     0962 	          03 	             0 	         0 	       1 	        1 	         0 	       2 	        1 	         0 	       3 	        1 	         0 	       4 	        1 	         0 	       5 	        1 	         0 	       6 	        1 	         0 	       7 	        1
   4096301 	     0963 	          01 	          1650 	       330 	       3 	        1 	       330 	       4 	        1 	       330 	       5 	        1 	         0 	       6 	        6 	         0 	       7 	        6 	       330 	       1 	        1 	       330 	       2 	        1
   4097201 	     0972 	          01 	          2400 	       480 	       4 	        1 	       480 	       5 	        1 	         0 	       6 	        6 	         0 	       7 	        6 	       480 	       1 	        1 	       480 	       2 	        1 	       480 	       3 	        1
   4097203 	     0972 	          03 	           420 	       120 	       4 	        1 	         0 	       5 	        6 	         0 	       6 	        6 	         0 	       7 	        6 	       150 	       1 	        1 	       150 	       2 	        1 	         0 	       3 	        6
   4097501 	     0975 	          01 	          2250 	         0 	       6 	        6 	         0 	       7 	        6 	       450 	       1 	        1 	       450 	       2 	        1 	       450 	       3 	        1 	       450 	       4 	        1 	       450 	       5 	        1
   4097502 	     0975 	          02 	          2100 	         0 	       6 	        6 	         0 	       7 	        6 	       420 	       1 	        1 	       420 	       2 	        1 	       420 	       3 	        1 	       420 	       4 	        1 	       420 	       5 	        1
   4097902 	     0979 	          02 	          3000 	       600 	       3 	        1 	       600 	       4 	        1 	       600 	       5 	        1 	         0 	       6 	        6 	         0 	       7 	        6 	       600 	       1 	        1 	       600 	       2 	        1
   4097903 	     0979 	          03 	             0 	         0 	       3 	        1 	         0 	       4 	        1 	         0 	       5 	        1 	         0 	       6 	        1 	         0 	       7 	        1 	         0 	       1 	        1 	         0 	       2 	        1
   4098301 	     0983 	          01 	          1485 	         0 	       6 	        6 	         0 	       7 	        6 	       495 	       1 	        1 	       495 	       2 	        1 	       495 	       3 	        1 	         0 	       4 	        6 	         0 	       5 	        6
   4098303 	     0983 	          03 	          2400 	         0 	       6 	        6 	         0 	       7 	        6 	       480 	       1 	        1 	       480 	       2 	        1 	       480 	       3 	        1 	       480 	       4 	        1 	       480 	       5 	        1
   4098401 	     0984 	          01 	           750 	         0 	       7 	        6 	       150 	       1 	        1 	       150 	       2 	        1 	       150 	       3 	        1 	       150 	       4 	        1 	       150 	       5 	        1 	         0 	       6 	        6
   4098402 	     0984 	          02 	          3000 	         0 	       7 	        6 	       600 	       1 	        1 	       600 	       2 	        1 	       600 	       3 	        1 	       600 	       4 	        1 	       600 	       5 	        1 	         0 	       6 	        6
   4098403 	     0984 	          03 	             0 	         0 	       7 	        1 	         0 	       1 	        1 	         0 	       2 	        1 	         0 	       3 	        1 	         0 	       4 	        1 	         0 	       5 	        1 	         0 	       6 	        1
   4098404 	     0984 	          04 	             0 	         0 	       7 	        1 	         0 	       1 	        1 	         0 	       2 	        1 	         0 	       3 	        1 	         0 	       4 	        1 	         0 	       5 	        1 	         0 	       6 	        1
   4098801 	     0988 	          01 	          2700 	       540 	       2 	        1 	       540 	       3 	        1 	       540 	       4 	        1 	       540 	       5 	        1 	         0 	       6 	        6 	         0 	       7 	        6 	       540 	       1 	        1
   4099801 	     0998 	          01 	          4560 	       660 	       6 	        1 	       660 	       7 	        1 	       660 	       1 	        1 	       660 	       2 	        1 	       600 	       3 	        1 	       660 	       4 	        1 	       660 	       5 	        1
   4100401 	     1004 	          01 	          2400 	         0 	       2 	        6 	       600 	       3 	        1 	         0 	       4 	        6 	         0 	       5 	        6 	       600 	       6 	        1 	       600 	       7 	        1 	       600 	       1 	        1
   4101301 	     1013 	          01 	          2850 	       570 	       2 	        1 	       570 	       3 	        1 	       570 	       4 	        1 	       570 	       5 	        1 	         0 	       6 	        6 	         0 	       7 	        6 	       570 	       1 	        1
   4101401 	     1014 	          01 	          3600 	       720 	       2 	        1 	       720 	       3 	        1 	       720 	       4 	        1 	       720 	       5 	        1 	         0 	       6 	        6 	         0 	       7 	        6 	       720 	       1 	        1
   4102101 	     1021 	          01 	          2550 	       510 	       5 	        1 	         0 	       6 	        6 	         0 	       7 	        6 	       510 	       1 	        1 	       510 	       2 	        1 	       510 	       3 	        1 	       510 	       4 	        1
   4102501 	     1025 	          01 	          3780 	       540 	       6 	        1 	       540 	       7 	        1 	       540 	       1 	        1 	       540 	       2 	        1 	       540 	       3 	        1 	       540 	       4 	        1 	       540 	       5 	        1
   4103202 	     1032 	          02 	          1200 	       240 	       4 	        1 	       240 	       5 	        1 	         0 	       6 	        6 	         0 	       7 	        6 	       240 	       1 	        1 	       240 	       2 	        1 	       240 	       3 	        1
   4104201 	     1042 	          01 	          2550 	       510 	       2 	        1 	       510 	       3 	        1 	       510 	       4 	        1 	       510 	       5 	        1 	         0 	       6 	        6 	         0 	       7 	        6 	       510 	       1 	        1
   4104202 	     1042 	          02 	          1500 	       300 	       2 	        1 	       300 	       3 	        1 	       300 	       4 	        1 	       300 	       5 	        1 	         0 	       6 	        6 	         0 	       7 	        6 	       300 	       1 	        1
   4104501 	     1045 	          01 	          3150 	         0 	       6 	        6 	         0 	       7 	        6 	       630 	       1 	        1 	       630 	       2 	        1 	       630 	       3 	        1 	       630 	       4 	        1 	       630 	       5 	        1
   4104601 	     1046 	          01 	          2460 	         0 	       7 	        6 	       480 	       1 	        1 	       480 	       2 	        1 	       480 	       3 	        1 	       480 	       4 	        1 	       540 	       5 	        1 	         0 	       6 	        6
   4104602 	     1046 	          02 	          1200 	         0 	       7 	        6 	       240 	       1 	        1 	       240 	       2 	        1 	       240 	       3 	        1 	       240 	       4 	        1 	       240 	       5 	        1 	         0 	       6 	        6
   4105301 	     1053 	          01 	          2400 	         0 	       6 	        6 	         0 	       7 	        6 	       480 	       1 	        1 	       480 	       2 	        1 	       480 	       3 	        1 	       480 	       4 	        1 	       480 	       5 	        1
   4105302 	     1053 	          02 	          1800 	         0 	       6 	        6 	         0 	       7 	        6 	       360 	       1 	        1 	       360 	       2 	        1 	       360 	       3 	        1 	       360 	       4 	        1 	       360 	       5 	        1
   4106301 	     1063 	          01 	          2850 	         0 	       7 	        6 	       570 	       1 	        1 	       570 	       2 	        1 	       570 	       3 	        1 	       570 	       4 	        1 	       570 	       5 	        1 	         0 	       6 	        6
   4106302 	     1063 	          02 	          2040 	         0 	       7 	        6 	       360 	       1 	        1 	       360 	       2 	        1 	       600 	       3 	        1 	       360 	       4 	        1 	       360 	       5 	        1 	         0 	       6 	        6
   4106501 	     1065 	          01 	          1890 	       420 	       5 	        1 	         0 	       6 	        6 	         0 	       7 	        6 	       360 	       1 	        1 	       330 	       2 	        1 	       390 	       3 	        1 	       390 	       4 	        1
   4106502 	     1065 	          02 	          2655 	       525 	       5 	        1 	         0 	       6 	        6 	         0 	       7 	        6 	       585 	       1 	        1 	       510 	       2 	        1 	       510 	       3 	        1 	       525 	       4 	        1
   4106703 	     1067 	          03 	             0 	         0 	       5 	        6 	         0 	       6 	        6 	         0 	       7 	        6 	         0 	       1 	        6 	         0 	       2 	        6 	         0 	       3 	        6 	         0 	       4 	        6
   4107302 	     1073 	          02 	          2610 	       510 	       5 	        1 	         0 	       6 	        6 	         0 	       7 	        6 	       525 	       1 	        1 	       525 	       2 	        1 	       525 	       3 	        1 	       525 	       4 	        1
   4107402 	     1074 	          02 	          2115 	       480 	       5 	        1 	       540 	       6 	        1 	       540 	       7 	        1 	       255 	       1 	        1 	       300 	       2 	        1 	         0 	       3 	        6 	         0 	       4 	        6
   4107701 	     1077 	          01 	          2370 	         0 	       7 	        6 	       480 	       1 	        1 	       480 	       2 	        1 	       480 	       3 	        1 	       450 	       4 	        1 	       480 	       5 	        1 	         0 	       6 	        6
   4108101 	     1081 	          01 	          2400 	       480 	       2 	        1 	       480 	       3 	        1 	       480 	       4 	        1 	       480 	       5 	        1 	         0 	       6 	        6 	         0 	       7 	        6 	       480 	       1 	        1
   4108102 	     1081 	          02 	          2100 	       420 	       2 	        1 	       420 	       3 	        1 	       420 	       4 	        1 	       420 	       5 	        1 	         0 	       6 	        6 	         0 	       7 	        6 	       420 	       1 	        1
   4108106 	     1081 	          06 	          2340 	       660 	       2 	        1 	       360 	       3 	        1 	       600 	       4 	        1 	       360 	       5 	        1 	         0 	       6 	        6 	         0 	       7 	        6 	       360 	       1 	        1
   4108201 	     1082 	          01 	          2340 	       420 	       2 	        1 	       465 	       3 	        1 	       480 	       4 	        1 	       450 	       5 	        1 	         0 	       6 	        6 	         0 	       7 	        6 	       525 	       1 	        1
   4108202 	     1082 	          02 	          2160 	       540 	       2 	        1 	       540 	       3 	        1 	       540 	       4 	        1 	         0 	       5 	        6 	         0 	       6 	        6 	         0 	       7 	        6 	       540 	       1 	        1
   4108501 	     1085 	          01 	          2400 	         0 	       7 	        6 	       480 	       1 	        1 	       480 	       2 	        1 	       480 	       3 	        1 	       480 	       4 	        1 	       480 	       5 	        1 	         0 	       6 	        6
   4108502 	     1085 	          02 	          2100 	         0 	       7 	        6 	       420 	       1 	        1 	       420 	       2 	        1 	       420 	       3 	        1 	       420 	       4 	        1 	       420 	       5 	        1 	         0 	       6 	        6
   4108901 	     1089 	          01 	          2100 	       420 	       2 	        1 	       420 	       3 	        1 	         0 	       4 	        6 	         0 	       5 	        6 	       420 	       6 	        1 	       420 	       7 	        1 	       420 	       1 	        1
   4108902 	     1089 	          02 	          2400 	       480 	       2 	        1 	       480 	       3 	        1 	       480 	       4 	        1 	       480 	       5 	        1 	         0 	       6 	        6 	         0 	       7 	        6 	       480 	       1 	        1
   4108903 	     1089 	          03 	          2700 	       540 	       2 	        1 	       540 	       3 	        1 	       540 	       4 	        1 	       540 	       5 	        1 	         0 	       6 	        6 	         0 	       7 	        6 	       540 	       1 	        1
   4109101 	     1091 	          01 	          3210 	       600 	       2 	        1 	       660 	       3 	        1 	       750 	       4 	        1 	       600 	       5 	        1 	         0 	       6 	        6 	         0 	       7 	        6 	       600 	       1 	        1
   4109301 	     1093 	          01 	          3600 	         0 	       6 	        6 	         0 	       7 	        6 	       720 	       1 	        1 	       720 	       2 	        1 	       720 	       3 	        1 	       720 	       4 	        1 	       720 	       5 	        1
   4109601 	     1096 	          01 	          2460 	       435 	       1 	        1 	       615 	       2 	        1 	       420 	       3 	        1 	       615 	       4 	        1 	       375 	       5 	        1 	         0 	       6 	        6 	         0 	       7 	        6
   4109602 	     1096 	          02 	          1965 	       420 	       1 	        1 	       450 	       2 	        1 	       420 	       3 	        1 	       435 	       4 	        1 	       240 	       5 	        1 	         0 	       6 	        6 	         0 	       7 	        6
   4110002 	     1100 	          02 	          1500 	         0 	       6 	        6 	         0 	       7 	        6 	         0 	       1 	        6 	       540 	       2 	        1 	         0 	       3 	        6 	       540 	       4 	        1 	       420 	       5 	        1
   4110302 	     1103 	          02 	          2100 	         0 	       7 	        6 	       420 	       1 	        1 	       420 	       2 	        1 	       420 	       3 	        1 	       420 	       4 	        1 	       420 	       5 	        1 	         0 	       6 	        6
   4110602 	     1106 	          02 	          2100 	       420 	       5 	        1 	         0 	       6 	        6 	         0 	       7 	        6 	       420 	       1 	        1 	       420 	       2 	        1 	       420 	       3 	        1 	       420 	       4 	        1
   4110801 	     1108 	          01 	           960 	         0 	       6 	        6 	         0 	       7 	        6 	         0 	       1 	        6 	         0 	       2 	        6 	         0 	       3 	        6 	       480 	       4 	        1 	       480 	       5 	        1
   4110901 	     1109 	          01 	          2025 	         0 	       6 	        6 	         0 	       7 	        6 	       405 	       1 	        1 	       405 	       2 	        1 	       405 	       3 	        1 	       405 	       4 	        1 	       405 	       5 	        1
   4110902 	     1109 	          02 	          3150 	         0 	       6 	        6 	         0 	       7 	        6 	       630 	       1 	        1 	       630 	       2 	        1 	       630 	       3 	        1 	       630 	       4 	        1 	       630 	       5 	        1
   4111402 	     1114 	          02 	          1440 	       480 	       2 	        1 	       480 	       3 	        1 	       480 	       4 	        1 	         0 	       5 	        6 	         0 	       6 	        6 	         0 	       7 	        6 	         0 	       1 	        6
   4112102 	     1121 	          02 	          2655 	       465 	       5 	        1 	       270 	       6 	        1 	       300 	       7 	        1 	       405 	       1 	        1 	       405 	       2 	        1 	       405 	       3 	        1 	       405 	       4 	        1
   4113001 	     1130 	          01 	          4020 	       450 	       1 	        1 	       450 	       2 	        1 	       450 	       3 	        1 	       660 	       4 	        1 	       660 	       5 	        1 	       660 	       6 	        1 	       690 	       7 	        1
   4113002 	     1130 	          02 	          2460 	       360 	       1 	        1 	      1200 	       2 	        1 	       180 	       3 	        1 	       360 	       4 	        1 	       360 	       5 	        1 	         0 	       6 	        6 	         0 	       7 	        6
   4113003 	     1130 	          03 	          2100 	       420 	       1 	        1 	       420 	       2 	        1 	       420 	       3 	        1 	       420 	       4 	        1 	       420 	       5 	        1 	         0 	       6 	        6 	         0 	       7 	        6
   4113201 	     1132 	          01 	          2850 	       570 	       2 	        1 	       570 	       3 	        1 	       570 	       4 	        1 	       570 	       5 	        1 	         0 	       6 	        6 	         0 	       7 	        6 	       570 	       1 	        1
   4113301 	     1133 	          01 	          1680 	       420 	       2 	        1 	       420 	       3 	        1 	       420 	       4 	        1 	       420 	       5 	        1 	         0 	       6 	        6 	         0 	       7 	        6 	         0 	       1 	        6
   4113302 	     1133 	          02 	          1800 	       450 	       2 	        1 	       450 	       3 	        1 	       450 	       4 	        1 	       450 	       5 	        1 	         0 	       6 	        6 	         0 	       7 	        6 	         0 	       1 	        6
   4113501 	     1135 	          01 	          3060 	       510 	       6 	        1 	       510 	       7 	        1 	       510 	       1 	        1 	       510 	       2 	        1 	         0 	       3 	        6 	       510 	       4 	        1 	       510 	       5 	        1
   4113502 	     1135 	          02 	          1440 	       240 	       6 	        1 	       240 	       7 	        1 	       240 	       1 	        1 	       240 	       2 	        1 	         0 	       3 	        6 	       240 	       4 	        1 	       240 	       5 	        1
   4114103 	     1141 	          03 	          2400 	       480 	       3 	        1 	       480 	       4 	        1 	       480 	       5 	        1 	         0 	       6 	        6 	         0 	       7 	        6 	       480 	       1 	        1 	       480 	       2 	        1
   4114104 	     1141 	          04 	          2400 	       480 	       3 	        1 	       480 	       4 	        1 	       480 	       5 	        1 	         0 	       6 	        6 	         0 	       7 	        6 	       480 	       1 	        1 	       480 	       2 	        1
   4114105 	     1141 	          05 	          2400 	       480 	       3 	        1 	       480 	       4 	        1 	       480 	       5 	        1 	         0 	       6 	        6 	         0 	       7 	        6 	       480 	       1 	        1 	       480 	       2 	        1
   4114301 	     1143 	          01 	          1500 	         0 	       6 	        6 	         0 	       7 	        6 	       300 	       1 	        1 	       300 	       2 	        1 	       300 	       3 	        1 	       300 	       4 	        1 	       300 	       5 	        1
   4115202 	     1152 	          02 	          3030 	       570 	       4 	        1 	       570 	       5 	        1 	       180 	       6 	        1 	         0 	       7 	        6 	       570 	       1 	        1 	       570 	       2 	        1 	       570 	       3 	        1
   4115301 	     1153 	          01 	          2160 	       360 	       6 	        1 	         0 	       7 	        6 	       360 	       1 	        1 	       360 	       2 	        1 	       360 	       3 	        1 	       360 	       4 	        1 	       360 	       5 	        1
   4115402 	     1154 	          02 	          1965 	         0 	       6 	        6 	         0 	       7 	        6 	       405 	       1 	        1 	       405 	       2 	        1 	       405 	       3 	        1 	       405 	       4 	        1 	       345 	       5 	        1
   4116001 	     1160 	          01 	          2115 	       435 	       3 	        1 	       420 	       4 	        1 	       420 	       5 	        1 	         0 	       6 	        6 	         0 	       7 	        6 	       420 	       1 	        1 	       420 	       2 	        1
   4116003 	     1160 	          03 	          2370 	       480 	       3 	        1 	       450 	       4 	        1 	       420 	       5 	        1 	         0 	       6 	        6 	         0 	       7 	        6 	       510 	       1 	        1 	       510 	       2 	        1
   4116602 	     1166 	          02 	             0 	         0 	       7 	        1 	         0 	       1 	        1 	         0 	       2 	        1 	         0 	       3 	        1 	         0 	       4 	        1 	         0 	       5 	        1 	         0 	       6 	        1
   4116801 	     1168 	          01 	          1605 	       480 	       1 	        1 	       525 	       2 	        1 	       195 	       3 	        1 	       300 	       4 	        1 	       105 	       5 	        1 	         0 	       6 	        6 	         0 	       7 	        6
   4117101 	     1171 	          01 	          2250 	         0 	       6 	        6 	         0 	       7 	        6 	       450 	       1 	        1 	       450 	       2 	        1 	       450 	       3 	        1 	       450 	       4 	        1 	       450 	       5 	        1
   4117301 	     1173 	          01 	          3630 	         0 	       6 	        6 	         0 	       7 	        6 	       690 	       1 	        1 	       750 	       2 	        1 	       690 	       3 	        1 	       810 	       4 	        1 	       690 	       5 	        1
   4118202 	     1182 	          02 	           855 	       255 	       4 	        1 	       180 	       5 	        1 	         0 	       6 	        6 	         0 	       7 	        6 	       180 	       1 	        1 	         0 	       2 	        6 	       240 	       3 	        1
   4118401 	     1184 	          01 	          2370 	         0 	       6 	        6 	       480 	       7 	        1 	         0 	       1 	        6 	       480 	       2 	        1 	       480 	       3 	        1 	       480 	       4 	        1 	       450 	       5 	        1
   4118502 	     1185 	          02 	          2340 	         0 	       7 	        6 	       540 	       1 	        1 	       360 	       2 	        1 	       360 	       3 	        1 	       360 	       4 	        1 	       360 	       5 	        1 	       360 	       6 	        1
   4119601 	     1196 	          01 	          1920 	         0 	       7 	        6 	         0 	       1 	        6 	       480 	       2 	        1 	       480 	       3 	        1 	       480 	       4 	        1 	         0 	       5 	        6 	       480 	       6 	        1
   4119901 	     1199 	          01 	          2040 	       600 	       4 	        1 	       120 	       5 	        1 	       540 	       6 	        1 	       120 	       7 	        1 	       540 	       1 	        1 	       120 	       2 	        1 	         0 	       3 	        6
   4120101 	     1201 	          01 	          2475 	       495 	       4 	        1 	       495 	       5 	        1 	         0 	       6 	        6 	         0 	       7 	        6 	       495 	       1 	        1 	       495 	       2 	        1 	       495 	       3 	        1
   4120102 	     1201 	          02 	          2400 	       480 	       4 	        1 	       480 	       5 	        1 	         0 	       6 	        6 	         0 	       7 	        6 	       480 	       1 	        1 	       480 	       2 	        1 	       480 	       3 	        1
   4120103 	     1201 	          03 	          2550 	       510 	       4 	        1 	       510 	       5 	        1 	         0 	       6 	        6 	         0 	       7 	        6 	       510 	       1 	        1 	       510 	       2 	        1 	       510 	       3 	        1
   4120303 	     1203 	          03 	          2250 	         0 	       6 	        6 	         0 	       7 	        6 	       450 	       1 	        1 	       450 	       2 	        1 	       450 	       3 	        1 	       450 	       4 	        1 	       450 	       5 	        1
   4120801 	     1208 	          01 	          3060 	       510 	       1 	        1 	       510 	       2 	        1 	       510 	       3 	        1 	       510 	       4 	        1 	       510 	       5 	        1 	       510 	       6 	        1 	         0 	       7 	        6
   4120902 	     1209 	          02 	          5040 	       720 	       4 	        1 	       720 	       5 	        1 	       720 	       6 	        1 	       720 	       7 	        1 	       720 	       1 	        1 	       720 	       2 	        1 	       720 	       3 	        1
   4121101 	     1211 	          01 	          2880 	       480 	       4 	        1 	       480 	       5 	        1 	       480 	       6 	        1 	         0 	       7 	        6 	       480 	       1 	        1 	       480 	       2 	        1 	       480 	       3 	        1
   4121102 	     1211 	          02 	          2640 	       540 	       4 	        1 	       480 	       5 	        1 	         0 	       6 	        6 	         0 	       7 	        6 	       540 	       1 	        1 	       540 	       2 	        1 	       540 	       3 	        1
   4121201 	     1212 	          01 	          2250 	       450 	       4 	        1 	       450 	       5 	        1 	         0 	       6 	        6 	         0 	       7 	        6 	       450 	       1 	        1 	       450 	       2 	        1 	       450 	       3 	        1
   4121202 	     1212 	          02 	          1200 	       240 	       4 	        1 	       240 	       5 	        1 	         0 	       6 	        6 	         0 	       7 	        6 	       240 	       1 	        1 	       240 	       2 	        1 	       240 	       3 	        1
   4121901 	     1219 	          01 	          2340 	       420 	       5 	        1 	         0 	       6 	        6 	         0 	       7 	        6 	       480 	       1 	        1 	       480 	       2 	        1 	       480 	       3 	        1 	       480 	       4 	        1
   4121902 	     1219 	          02 	          2100 	       420 	       5 	        1 	         0 	       6 	        6 	         0 	       7 	        6 	       420 	       1 	        1 	       420 	       2 	        1 	       420 	       3 	        1 	       420 	       4 	        1
   4122001 	     1220 	          01 	           360 	         0 	       5 	        6 	         0 	       6 	        6 	         0 	       7 	        6 	         0 	       1 	        6 	         0 	       2 	        6 	         0 	       3 	        6 	       360 	       4 	        1
   4122401 	     1224 	          01 	          3480 	         0 	       7 	        6 	       660 	       1 	        1 	       660 	       2 	        1 	       660 	       3 	        1 	       660 	       4 	        1 	       660 	       5 	        1 	       180 	       6 	        1
   4122601 	     1226 	          01 	          1230 	       270 	       1 	        1 	       360 	       2 	        1 	       180 	       3 	        1 	       240 	       4 	        1 	       180 	       5 	        1 	         0 	       6 	        6 	         0 	       7 	        6
   4123002 	     1230 	          02 	          2475 	         0 	       6 	        6 	         0 	       7 	        6 	       495 	       1 	        1 	       495 	       2 	        1 	       495 	       3 	        1 	       495 	       4 	        1 	       495 	       5 	        1
   4123701 	     1237 	          01 	          3240 	         0 	       2 	        6 	       540 	       3 	        1 	       540 	       4 	        1 	       540 	       5 	        1 	       540 	       6 	        1 	       540 	       7 	        1 	       540 	       1 	        1
   4124301 	     1243 	          01 	          2700 	       540 	       2 	        1 	       540 	       3 	        1 	       540 	       4 	        1 	       540 	       5 	        1 	         0 	       6 	        6 	         0 	       7 	        6 	       540 	       1 	        1
   4124302 	     1243 	          02 	          5250 	       750 	       2 	        1 	       750 	       3 	        1 	       750 	       4 	        1 	       750 	       5 	        1 	       750 	       6 	        1 	       750 	       7 	        1 	       750 	       1 	        1
   4125002 	     1250 	          02 	          1500 	         0 	       1 	        6 	         0 	       2 	        6 	       330 	       3 	        1 	       330 	       4 	        1 	       330 	       5 	        1 	       330 	       6 	        1 	       180 	       7 	        1
   4125401 	     1254 	          01 	          2400 	         0 	       6 	        6 	         0 	       7 	        6 	       480 	       1 	        1 	       480 	       2 	        1 	       480 	       3 	        1 	       480 	       4 	        1 	       480 	       5 	        1
   4125501 	     1255 	          01 	          1260 	         0 	       7 	        6 	         0 	       1 	        6 	         0 	       2 	        6 	       420 	       3 	        1 	       420 	       4 	        1 	       420 	       5 	        1 	         0 	       6 	        6
   4125502 	     1255 	          02 	             0 	         0 	       7 	        6 	         0 	       1 	        6 	         0 	       2 	        6 	         0 	       3 	        6 	         0 	       4 	        6 	         0 	       5 	        6 	         0 	       6 	        6
   4126101 	     1261 	          01 	          2400 	       480 	       2 	        1 	       480 	       3 	        1 	       480 	       4 	        1 	       480 	       5 	        1 	         0 	       6 	        6 	         0 	       7 	        6 	       480 	       1 	        1
   4126401 	     1264 	          01 	          1920 	       480 	       7 	        1 	       480 	       1 	        1 	       480 	       2 	        1 	       480 	       3 	        1 	         0 	       4 	        6 	         0 	       5 	        6 	         0 	       6 	        6
   4126701 	     1267 	          01 	          2400 	       360 	       2 	        1 	       360 	       3 	        1 	       360 	       4 	        1 	       360 	       5 	        1 	       600 	       6 	        1 	         0 	       7 	        6 	       360 	       1 	        1
   4126702 	     1267 	          02 	           750 	       240 	       2 	        1 	       120 	       3 	        1 	         0 	       4 	        6 	         0 	       5 	        6 	       180 	       6 	        1 	         0 	       7 	        6 	       210 	       1 	        1
   4127001 	     1270 	          01 	          2415 	       480 	       2 	        1 	       480 	       3 	        1 	       480 	       4 	        1 	       480 	       5 	        1 	       495 	       6 	        1 	         0 	       7 	        6 	         0 	       1 	        6
   4127802 	     1278 	          02 	          2880 	       480 	       5 	        1 	       480 	       6 	        1 	       480 	       7 	        1 	       480 	       1 	        1 	       480 	       2 	        1 	       480 	       3 	        1 	         0 	       4 	        6
   4128401 	     1284 	          01 	          2400 	         0 	       7 	        6 	       480 	       1 	        1 	       480 	       2 	        1 	       480 	       3 	        1 	       480 	       4 	        1 	       480 	       5 	        1 	         0 	       6 	        6
   4128801 	     1288 	          01 	           510 	         0 	       2 	        6 	         0 	       3 	        6 	         0 	       4 	        6 	         0 	       5 	        6 	         0 	       6 	        6 	         0 	       7 	        6 	       510 	       1 	        1
   4130102 	     1301 	          02 	          3090 	         0 	       6 	        6 	         0 	       7 	        6 	       630 	       1 	        1 	       630 	       2 	        1 	       630 	       3 	        1 	       570 	       4 	        1 	       630 	       5 	        1
   4130301 	     1303 	          01 	          2400 	         0 	       7 	        6 	       480 	       1 	        1 	       480 	       2 	        1 	       480 	       3 	        1 	       480 	       4 	        1 	       480 	       5 	        1 	         0 	       6 	        6
   4130601 	     1306 	          01 	          2400 	       480 	       1 	        1 	       480 	       2 	        1 	       480 	       3 	        1 	       480 	       4 	        1 	       480 	       5 	        1 	         0 	       6 	        6 	         0 	       7 	        6
   4130801 	     1308 	          01 	          1500 	       240 	       5 	        1 	         0 	       6 	        6 	         0 	       7 	        6 	       420 	       1 	        1 	       180 	       2 	        1 	       420 	       3 	        1 	       240 	       4 	        1
   4132401 	     1324 	          01 	           240 	         0 	       7 	        6 	       120 	       1 	        1 	         0 	       2 	        6 	         0 	       3 	        6 	       120 	       4 	        1 	         0 	       5 	        6 	         0 	       6 	        6
   4132502 	     1325 	          02 	          1350 	       330 	       1 	        1 	       180 	       2 	        1 	       330 	       3 	        1 	       180 	       4 	        1 	       330 	       5 	        1 	         0 	       6 	        6 	         0 	       7 	        6
   4132901 	     1329 	          01 	          3060 	       510 	       5 	        1 	       510 	       6 	        1 	         0 	       7 	        6 	       510 	       1 	        1 	       510 	       2 	        1 	       510 	       3 	        1 	       510 	       4 	        1
   4132902 	     1329 	          02 	          2550 	       510 	       5 	        1 	         0 	       6 	        6 	         0 	       7 	        6 	       510 	       1 	        1 	       510 	       2 	        1 	       510 	       3 	        1 	       510 	       4 	        1
   4133001 	     1330 	          01 	          2700 	       540 	       5 	        1 	         0 	       6 	        6 	         0 	       7 	        6 	       540 	       1 	        1 	       540 	       2 	        1 	       540 	       3 	        1 	       540 	       4 	        1
   4133701 	     1337 	          01 	          1200 	         0 	       3 	        6 	       300 	       4 	        1 	       300 	       5 	        1 	         0 	       6 	        6 	         0 	       7 	        6 	       300 	       1 	        1 	       300 	       2 	        1
   4134202 	     1342 	          02 	           960 	         0 	       7 	        6 	         0 	       1 	        6 	         0 	       2 	        6 	         0 	       3 	        6 	       480 	       4 	        1 	       480 	       5 	        1 	         0 	       6 	        6
   4134601 	     1346 	          01 	          1200 	       240 	       5 	        1 	         0 	       6 	        6 	         0 	       7 	        6 	       240 	       1 	        1 	       240 	       2 	        1 	       240 	       3 	        1 	       240 	       4 	        1
   4134701 	     1347 	          01 	          3300 	       660 	       5 	        1 	         0 	       6 	        6 	         0 	       7 	        6 	       660 	       1 	        1 	       660 	       2 	        1 	       660 	       3 	        1 	       660 	       4 	        1
   4135401 	     1354 	          01 	          3510 	       630 	       3 	        1 	       630 	       4 	        1 	       630 	       5 	        1 	       420 	       6 	        1 	         0 	       7 	        6 	       570 	       1 	        1 	       630 	       2 	        1
   4135501 	     1355 	          01 	          1920 	       360 	       3 	        1 	       480 	       4 	        1 	       360 	       5 	        1 	         0 	       6 	        6 	         0 	       7 	        6 	       360 	       1 	        1 	       360 	       2 	        1
   4135601 	     1356 	          01 	          2880 	       480 	       6 	        1 	         0 	       7 	        6 	       480 	       1 	        1 	       480 	       2 	        1 	       480 	       3 	        1 	       480 	       4 	        1 	       480 	       5 	        1
   4135602 	     1356 	          02 	          2400 	         0 	       6 	        6 	         0 	       7 	        6 	       480 	       1 	        1 	       480 	       2 	        1 	       480 	       3 	        1 	       480 	       4 	        1 	       480 	       5 	        1
   4135902 	     1359 	          02 	          2340 	       495 	       1 	        1 	       465 	       2 	        1 	       465 	       3 	        1 	       465 	       4 	        1 	       450 	       5 	        1 	         0 	       6 	        6 	         0 	       7 	        6
   4136201 	     1362 	          01 	          2730 	         0 	       2 	        6 	       540 	       3 	        1 	       540 	       4 	        1 	       540 	       5 	        1 	         0 	       6 	        6 	       540 	       7 	        1 	       570 	       1 	        1
   4136302 	     1363 	          02 	             0 	         0 	       2 	        6 	         0 	       3 	        6 	         0 	       4 	        6 	         0 	       5 	        6 	         0 	       6 	        6 	         0 	       7 	        6 	         0 	       1 	        6
   4136601 	     1366 	          01 	             0 	         0 	       7 	        6 	         0 	       1 	        6 	         0 	       2 	        6 	         0 	       3 	        6 	         0 	       4 	        6 	         0 	       5 	        6 	         0 	       6 	        6
   4136602 	     1366 	          02 	          3405 	         0 	       7 	        6 	       570 	       1 	        1 	       705 	       2 	        1 	       810 	       3 	        1 	       750 	       4 	        1 	       570 	       5 	        1 	         0 	       6 	        6
   4136701 	     1367 	          01 	          2400 	       480 	       1 	        1 	       480 	       2 	        1 	       480 	       3 	        1 	       480 	       4 	        1 	       480 	       5 	        1 	         0 	       6 	        6 	         0 	       7 	        6
   4136702 	     1367 	          02 	          2100 	       420 	       1 	        1 	       420 	       2 	        1 	       420 	       3 	        1 	       420 	       4 	        1 	       420 	       5 	        1 	         0 	       6 	        6 	         0 	       7 	        6
   4136902 	     1369 	          02 	          3120 	       540 	       5 	        1 	       660 	       6 	        1 	       660 	       7 	        1 	       510 	       1 	        1 	       270 	       2 	        1 	       270 	       3 	        1 	       210 	       4 	        1
   4137001 	     1370 	          01 	          3000 	       600 	       5 	        1 	         0 	       6 	        6 	         0 	       7 	        6 	       600 	       1 	        1 	       600 	       2 	        1 	       600 	       3 	        1 	       600 	       4 	        1
   4137003 	     1370 	          03 	          2130 	       465 	       5 	        1 	         0 	       6 	        6 	         0 	       7 	        6 	       450 	       1 	        1 	       300 	       2 	        1 	       450 	       3 	        1 	       465 	       4 	        1
   4137502 	     1375 	          02 	          2550 	       510 	       1 	        1 	       510 	       2 	        1 	       510 	       3 	        1 	       510 	       4 	        1 	       510 	       5 	        1 	         0 	       6 	        6 	         0 	       7 	        6
   4138201 	     1382 	          01 	          3300 	         0 	       6 	        6 	         0 	       7 	        6 	       660 	       1 	        1 	       660 	       2 	        1 	       660 	       3 	        1 	       660 	       4 	        1 	       660 	       5 	        1
   4138204 	     1382 	          04 	          2820 	         0 	       6 	        6 	         0 	       7 	        6 	       540 	       1 	        1 	       540 	       2 	        1 	       600 	       3 	        1 	       600 	       4 	        1 	       540 	       5 	        1
   4138205 	     1382 	          05 	          2220 	         0 	       6 	        6 	         0 	       7 	        6 	       480 	       1 	        1 	       480 	       2 	        1 	       480 	       3 	        1 	       480 	       4 	        1 	       300 	       5 	        1
   4139103 	     1391 	          03 	             0 	         0 	       7 	        6 	         0 	       1 	        6 	         0 	       2 	        6 	         0 	       3 	        6 	         0 	       4 	        6 	         0 	       5 	        6 	         0 	       6 	        6
   4139701 	     1397 	          01 	          1560 	       390 	       5 	        1 	         0 	       6 	        6 	         0 	       7 	        6 	       390 	       1 	        1 	       390 	       2 	        1 	         0 	       3 	        6 	       390 	       4 	        1
   4139702 	     1397 	          02 	          2010 	       450 	       5 	        1 	         0 	       6 	        6 	         0 	       7 	        6 	       390 	       1 	        1 	       390 	       2 	        1 	       390 	       3 	        1 	       390 	       4 	        1
   4139902 	     1399 	          02 	          2310 	       390 	       6 	        1 	         0 	       7 	        6 	       375 	       1 	        1 	       390 	       2 	        1 	       390 	       3 	        1 	       375 	       4 	        1 	       390 	       5 	        1
   4140203 	     1402 	          03 	          3300 	       480 	       7 	        1 	       480 	       1 	        1 	         0 	       2 	        6 	       480 	       3 	        1 	       480 	       4 	        1 	       690 	       5 	        1 	       690 	       6 	        1
   4141301 	     1413 	          01 	          2700 	       540 	       1 	        1 	       540 	       2 	        1 	       540 	       3 	        1 	       540 	       4 	        1 	       540 	       5 	        1 	         0 	       6 	        6 	         0 	       7 	        6
   4141303 	     1413 	          03 	          2220 	       420 	       1 	        1 	       420 	       2 	        1 	       420 	       3 	        1 	       420 	       4 	        1 	       420 	       5 	        1 	       120 	       6 	        1 	         0 	       7 	        6
   4141401 	     1414 	          01 	          2550 	       510 	       1 	        1 	       510 	       2 	        1 	       525 	       3 	        1 	       495 	       4 	        1 	       510 	       5 	        1 	         0 	       6 	        6 	         0 	       7 	        6
   4141402 	     1414 	          02 	          1215 	       315 	       1 	        1 	       300 	       2 	        1 	         0 	       3 	        6 	       300 	       4 	        1 	       300 	       5 	        1 	         0 	       6 	        6 	         0 	       7 	        6
   4142301 	     1423 	          01 	          2700 	       540 	       1 	        1 	       540 	       2 	        1 	       540 	       3 	        1 	       540 	       4 	        1 	       540 	       5 	        1 	         0 	       6 	        6 	         0 	       7 	        6
   4142302 	     1423 	          02 	           960 	         0 	       1 	        6 	         0 	       2 	        6 	         0 	       3 	        6 	       240 	       4 	        1 	       240 	       5 	        1 	       240 	       6 	        1 	       240 	       7 	        1
   4142404 	     1424 	          04 	          2400 	       480 	       1 	        1 	       480 	       2 	        1 	       480 	       3 	        1 	       480 	       4 	        1 	       480 	       5 	        1 	         0 	       6 	        6 	         0 	       7 	        6
   4142601 	     1426 	          01 	          2400 	       480 	       3 	        1 	       480 	       4 	        1 	       480 	       5 	        1 	         0 	       6 	        6 	         0 	       7 	        6 	       480 	       1 	        1 	       480 	       2 	        1
   4142701 	     1427 	          01 	          2550 	       510 	       3 	        1 	       510 	       4 	        1 	       510 	       5 	        1 	         0 	       6 	        6 	         0 	       7 	        6 	       510 	       1 	        1 	       510 	       2 	        1
   4142702 	     1427 	          02 	          2400 	       480 	       3 	        1 	       480 	       4 	        1 	       480 	       5 	        1 	         0 	       6 	        6 	         0 	       7 	        6 	       480 	       1 	        1 	       480 	       2 	        1
   4142801 	     1428 	          01 	          2400 	       480 	       3 	        1 	       480 	       4 	        1 	       480 	       5 	        1 	         0 	       6 	        6 	         0 	       7 	        6 	       480 	       1 	        1 	       480 	       2 	        1
   4142802 	     1428 	          02 	          2790 	       240 	       3 	        1 	       630 	       4 	        1 	       630 	       5 	        1 	       510 	       6 	        1 	         0 	       7 	        6 	       390 	       1 	        1 	       390 	       2 	        1
   4143101 	     1431 	          01 	          2700 	       540 	       7 	        1 	       540 	       1 	        1 	       540 	       2 	        1 	         0 	       3 	        6 	         0 	       4 	        6 	       540 	       5 	        1 	       540 	       6 	        1
   4143201 	     1432 	          01 	             0 	         0 	       7 	        6 	         0 	       1 	        6 	         0 	       2 	        6 	         0 	       3 	        6 	         0 	       4 	        6 	         0 	       5 	        6 	         0 	       6 	        6
   4143302 	     1433 	          02 	          1080 	       540 	       1 	        1 	       540 	       2 	        1 	         0 	       3 	        6 	         0 	       4 	        6 	         0 	       5 	        6 	         0 	       6 	        6 	         0 	       7 	        6
   4143501 	     1435 	          01 	          1920 	         0 	       4 	        6 	       480 	       5 	        1 	         0 	       6 	        6 	         0 	       7 	        6 	       480 	       1 	        1 	       480 	       2 	        1 	       480 	       3 	        1
   4144001 	     1440 	          01 	          1665 	         0 	       6 	        6 	         0 	       7 	        6 	       180 	       1 	        1 	       180 	       2 	        1 	       180 	       3 	        1 	       540 	       4 	        1 	       585 	       5 	        1
   4144201 	     1442 	          01 	          3990 	       750 	       7 	        1 	       750 	       1 	        1 	       750 	       2 	        1 	       870 	       3 	        1 	         0 	       4 	        6 	       870 	       5 	        1 	         0 	       6 	        6
   4144302 	     1443 	          02 	          1815 	       390 	       1 	        1 	       360 	       2 	        1 	       330 	       3 	        1 	       360 	       4 	        1 	       150 	       5 	        1 	       225 	       6 	        1 	         0 	       7 	        6
   4144602 	     1446 	          02 	          3000 	         0 	       4 	        6 	       600 	       5 	        1 	       600 	       6 	        1 	         0 	       7 	        6 	       600 	       1 	        1 	       600 	       2 	        1 	       600 	       3 	        1
   4145001 	     1450 	          01 	          1350 	         0 	       6 	        6 	         0 	       7 	        6 	       270 	       1 	        1 	       270 	       2 	        1 	       270 	       3 	        1 	       270 	       4 	        1 	       270 	       5 	        1
   4145002 	     1450 	          02 	          2760 	         0 	       6 	        6 	         0 	       7 	        6 	       540 	       1 	        1 	       540 	       2 	        1 	       540 	       3 	        1 	       540 	       4 	        1 	       600 	       5 	        1
   4146301 	     1463 	          01 	           540 	         0 	       3 	        6 	         0 	       4 	        6 	         0 	       5 	        6 	         0 	       6 	        6 	         0 	       7 	        6 	         0 	       1 	        6 	       540 	       2 	        1
   4146302 	     1463 	          02 	           960 	       480 	       3 	        1 	         0 	       4 	        6 	         0 	       5 	        6 	         0 	       6 	        6 	         0 	       7 	        6 	         0 	       1 	        6 	       480 	       2 	        1
   4146501 	     1465 	          01 	           495 	         0 	       3 	        6 	         0 	       4 	        6 	         0 	       5 	        6 	         0 	       6 	        6 	         0 	       7 	        6 	         0 	       1 	        6 	       495 	       2 	        1
   4146502 	     1465 	          02 	           600 	       300 	       3 	        1 	         0 	       4 	        6 	         0 	       5 	        6 	         0 	       6 	        6 	         0 	       7 	        6 	         0 	       1 	        6 	       300 	       2 	        1
   4146601 	     1466 	          01 	          1920 	         0 	       6 	        6 	         0 	       7 	        6 	         0 	       1 	        6 	       540 	       2 	        1 	       600 	       3 	        1 	       390 	       4 	        1 	       390 	       5 	        1
   4146702 	     1467 	          02 	           360 	         0 	       6 	        6 	         0 	       7 	        6 	         0 	       1 	        6 	       120 	       2 	        1 	       120 	       3 	        1 	       120 	       4 	        1 	         0 	       5 	        6
   4146801 	     1468 	          01 	          1890 	         0 	       7 	        6 	       750 	       1 	        1 	       780 	       2 	        1 	       360 	       3 	        1 	         0 	       4 	        6 	         0 	       5 	        6 	         0 	       6 	        6
   4146803 	     1468 	          03 	             0 	         0 	       7 	        6 	         0 	       1 	        6 	         0 	       2 	        6 	         0 	       3 	        6 	         0 	       4 	        6 	         0 	       5 	        6 	         0 	       6 	        6
   4146901 	     1469 	          01 	          1920 	         0 	       1 	        6 	       480 	       2 	        1 	       480 	       3 	        1 	       480 	       4 	        1 	       480 	       5 	        1 	         0 	       6 	        6 	         0 	       7 	        6
   4146902 	     1469 	          02 	          1920 	         0 	       1 	        6 	       480 	       2 	        1 	       480 	       3 	        1 	       480 	       4 	        1 	       480 	       5 	        1 	         0 	       6 	        6 	         0 	       7 	        6
   4147701 	     1477 	          01 	          2400 	       480 	       1 	        1 	       480 	       2 	        1 	       480 	       3 	        1 	       480 	       4 	        1 	       480 	       5 	        1 	         0 	       6 	        6 	         0 	       7 	        6
   4147702 	     1477 	          02 	           405 	         0 	       1 	        6 	         0 	       2 	        6 	         0 	       3 	        6 	         0 	       4 	        6 	       405 	       5 	        1 	         0 	       6 	        6 	         0 	       7 	        6
   4149101 	     1491 	          01 	          3660 	         0 	       6 	        6 	       780 	       7 	        1 	       720 	       1 	        1 	       720 	       2 	        1 	       720 	       3 	        1 	       720 	       4 	        1 	         0 	       5 	        6
   4149102 	     1491 	          02 	          2490 	       450 	       6 	        1 	       240 	       7 	        1 	         0 	       1 	        6 	       450 	       2 	        1 	       450 	       3 	        1 	       450 	       4 	        1 	       450 	       5 	        1
   4149201 	     1492 	          01 	          3480 	       540 	       7 	        1 	       540 	       1 	        1 	       540 	       2 	        1 	         0 	       3 	        6 	       540 	       4 	        1 	       540 	       5 	        1 	       780 	       6 	        1
   4149202 	     1492 	          02 	          2535 	       390 	       7 	        1 	       390 	       1 	        1 	       390 	       2 	        1 	         0 	       3 	        6 	       390 	       4 	        1 	       390 	       5 	        1 	       585 	       6 	        1
   4149801 	     1498 	          01 	          2400 	         0 	       6 	        6 	         0 	       7 	        6 	       480 	       1 	        1 	       480 	       2 	        1 	       480 	       3 	        1 	       480 	       4 	        1 	       480 	       5 	        1
   4149802 	     1498 	          02 	          2400 	         0 	       6 	        6 	         0 	       7 	        6 	       480 	       1 	        1 	       480 	       2 	        1 	       480 	       3 	        1 	       480 	       4 	        1 	       480 	       5 	        1
   4150602 	     1506 	          02 	          2400 	         0 	       6 	        6 	         0 	       7 	        6 	       480 	       1 	        1 	       480 	       2 	        1 	       480 	       3 	        1 	       480 	       4 	        1 	       480 	       5 	        1
   4151001 	     1510 	          01 	          1530 	       510 	       1 	        1 	       510 	       2 	        1 	       510 	       3 	        1 	         0 	       4 	        6 	         0 	       5 	        6 	         0 	       6 	        6 	         0 	       7 	        6
   4151002 	     1510 	          02 	          1515 	       510 	       1 	        1 	       510 	       2 	        1 	       495 	       3 	        1 	         0 	       4 	        6 	         0 	       5 	        6 	         0 	       6 	        6 	         0 	       7 	        6
   4151301 	     1513 	          01 	          3120 	       600 	       2 	        1 	       600 	       3 	        1 	       600 	       4 	        1 	       600 	       5 	        1 	         0 	       6 	        6 	       120 	       7 	        1 	       600 	       1 	        1
   4151302 	     1513 	          02 	          2400 	       480 	       2 	        1 	       480 	       3 	        1 	       480 	       4 	        1 	       480 	       5 	        1 	         0 	       6 	        6 	         0 	       7 	        6 	       480 	       1 	        1
   4151402 	     1514 	          02 	          2370 	         0 	       6 	        6 	         0 	       7 	        6 	       495 	       1 	        1 	       495 	       2 	        1 	       495 	       3 	        1 	       495 	       4 	        1 	       390 	       5 	        1
   4151703 	     1517 	          03 	          1440 	         0 	       7 	        6 	       240 	       1 	        1 	       240 	       2 	        1 	       240 	       3 	        1 	       240 	       4 	        1 	       240 	       5 	        1 	       240 	       6 	        1
   4152101 	     1521 	          01 	          2400 	       480 	       3 	        1 	       480 	       4 	        1 	       480 	       5 	        1 	         0 	       6 	        6 	         0 	       7 	        6 	       480 	       1 	        1 	       480 	       2 	        1
   4152201 	     1522 	          01 	          2250 	         0 	       6 	        6 	         0 	       7 	        6 	       450 	       1 	        1 	       450 	       2 	        1 	       450 	       3 	        1 	       450 	       4 	        1 	       450 	       5 	        1
   4152202 	     1522 	          02 	          2865 	       180 	       6 	        1 	       300 	       7 	        1 	       420 	       1 	        1 	       420 	       2 	        1 	       420 	       3 	        1 	       420 	       4 	        1 	       705 	       5 	        1
   4152801 	     1528 	          01 	          2400 	       510 	       4 	        1 	       360 	       5 	        1 	         0 	       6 	        6 	         0 	       7 	        6 	       510 	       1 	        1 	       510 	       2 	        1 	       510 	       3 	        1
   4153101 	     1531 	          01 	             0 	         0 	       6 	        6 	         0 	       7 	        6 	         0 	       1 	        6 	         0 	       2 	        6 	         0 	       3 	        6 	         0 	       4 	        6 	         0 	       5 	        6
   4153201 	     1532 	          01 	          2700 	         0 	       7 	        6 	       540 	       1 	        1 	       540 	       2 	        1 	       540 	       3 	        1 	       540 	       4 	        1 	       540 	       5 	        1 	         0 	       6 	        6
   4153202 	     1532 	          02 	          2820 	         0 	       7 	        6 	       420 	       1 	        1 	       420 	       2 	        1 	       420 	       3 	        1 	       420 	       4 	        1 	       420 	       5 	        1 	       720 	       6 	        1
   4154303 	     1543 	          03 	          2445 	       480 	       5 	        1 	         0 	       6 	        6 	         0 	       7 	        6 	       495 	       1 	        1 	       495 	       2 	        1 	       495 	       3 	        1 	       480 	       4 	        1
   4154502 	     1545 	          02 	          2400 	       480 	       5 	        1 	         0 	       6 	        1 	         0 	       7 	        1 	       480 	       1 	        1 	       480 	       2 	        1 	       480 	       3 	        1 	       480 	       4 	        1
   4154701 	     1547 	          01 	             0 	         0 	       7 	        6 	         0 	       1 	        6 	         0 	       2 	        6 	         0 	       3 	        6 	         0 	       4 	        6 	         0 	       5 	        6 	         0 	       6 	        6
   4155101 	     1551 	          01 	          2700 	       540 	       2 	        1 	       540 	       3 	        1 	       540 	       4 	        1 	       540 	       5 	        1 	         0 	       6 	        6 	         0 	       7 	        6 	       540 	       1 	        1
   4156101 	     1561 	          01 	          3240 	       600 	       5 	        1 	       240 	       6 	        1 	         0 	       7 	        6 	       600 	       1 	        1 	       600 	       2 	        1 	       600 	       3 	        1 	       600 	       4 	        1
   4156901 	     1569 	          01 	          2400 	       480 	       5 	        1 	         0 	       6 	        6 	         0 	       7 	        6 	       480 	       1 	        1 	       480 	       2 	        1 	       480 	       3 	        1 	       480 	       4 	        1
   4158601 	     1586 	          01 	          2400 	         0 	       7 	        6 	       480 	       1 	        1 	       480 	       2 	        1 	       480 	       3 	        1 	       480 	       4 	        1 	       480 	       5 	        1 	         0 	       6 	        6
   4159102 	     1591 	          02 	          2400 	         0 	       5 	        6 	         0 	       6 	        6 	      1020 	       7 	        1 	       360 	       1 	        1 	         0 	       2 	        6 	         0 	       3 	        6 	      1020 	       4 	        1
   4159701 	     1597 	          01 	          2310 	       450 	       2 	        1 	       390 	       3 	        1 	       300 	       4 	        1 	       480 	       5 	        1 	       240 	       6 	        1 	         0 	       7 	        6 	       450 	       1 	        1
   4159702 	     1597 	          02 	          2550 	       540 	       2 	        1 	       540 	       3 	        1 	       540 	       4 	        1 	       390 	       5 	        1 	         0 	       6 	        6 	         0 	       7 	        6 	       540 	       1 	        1
   4159703 	     1597 	          03 	          3060 	       600 	       2 	        1 	       600 	       3 	        1 	       600 	       4 	        1 	       600 	       5 	        1 	         0 	       6 	        6 	         0 	       7 	        6 	       660 	       1 	        1
   4160301 	     1603 	          01 	          2565 	       525 	       1 	        1 	       510 	       2 	        1 	       510 	       3 	        1 	       510 	       4 	        1 	       510 	       5 	        1 	         0 	       6 	        6 	         0 	       7 	        6
   4160701 	     1607 	          01 	          2460 	         0 	       4 	        6 	       420 	       5 	        1 	       420 	       6 	        1 	       360 	       7 	        1 	       420 	       1 	        1 	       420 	       2 	        1 	       420 	       3 	        1
   4161201 	     1612 	          01 	          2880 	       480 	       1 	        1 	       480 	       2 	        1 	       480 	       3 	        1 	       480 	       4 	        1 	       480 	       5 	        1 	       480 	       6 	        1 	         0 	       7 	        6
   4161202 	     1612 	          02 	          2400 	       480 	       1 	        1 	       480 	       2 	        1 	       480 	       3 	        1 	       480 	       4 	        1 	       480 	       5 	        1 	         0 	       6 	        6 	         0 	       7 	        6
   4161301 	     1613 	          01 	          1920 	       480 	       4 	        1 	       480 	       5 	        1 	         0 	       6 	        6 	         0 	       7 	        6 	         0 	       1 	        6 	       480 	       2 	        1 	       480 	       3 	        1
   4161303 	     1613 	          03 	          2115 	       630 	       4 	        1 	       435 	       5 	        1 	         0 	       6 	        6 	         0 	       7 	        6 	         0 	       1 	        6 	       435 	       2 	        1 	       615 	       3 	        1
   4161402 	     1614 	          02 	             0 	         0 	       4 	        6 	         0 	       5 	        6 	         0 	       6 	        6 	         0 	       7 	        6 	         0 	       1 	        6 	         0 	       2 	        6 	         0 	       3 	        6
   4161901 	     1619 	          01 	          1890 	         0 	       1 	        6 	       510 	       2 	        1 	       510 	       3 	        1 	       510 	       4 	        1 	       360 	       5 	        1 	         0 	       6 	        6 	         0 	       7 	        6
   4162101 	     1621 	          01 	          2340 	       480 	       3 	        1 	       480 	       4 	        1 	       480 	       5 	        1 	         0 	       6 	        6 	         0 	       7 	        6 	       480 	       1 	        1 	       420 	       2 	        1
   4162102 	     1621 	          02 	          2490 	       450 	       3 	        1 	       510 	       4 	        1 	       510 	       5 	        1 	         0 	       6 	        6 	         0 	       7 	        6 	       510 	       1 	        1 	       510 	       2 	        1
   4162401 	     1624 	          01 	          2400 	         0 	       6 	        6 	         0 	       7 	        6 	       480 	       1 	        1 	       480 	       2 	        1 	       480 	       3 	        1 	       480 	       4 	        1 	       480 	       5 	        1
   4162402 	     1624 	          02 	          2295 	         0 	       6 	        6 	         0 	       7 	        6 	       510 	       1 	        1 	       495 	       2 	        1 	       510 	       3 	        1 	       480 	       4 	        1 	       300 	       5 	        1
   4162502 	     1625 	          02 	             0 	         0 	       6 	        1 	         0 	       7 	        1 	         0 	       1 	        1 	         0 	       2 	        1 	         0 	       3 	        1 	         0 	       4 	        1 	         0 	       5 	        1
   4162503 	     1625 	          03 	          3390 	         0 	       6 	        6 	         0 	       7 	        6 	       780 	       1 	        1 	       780 	       2 	        1 	       480 	       3 	        1 	       780 	       4 	        1 	       570 	       5 	        1
   4163403 	     1634 	          03 	           900 	         0 	       7 	        6 	       180 	       1 	        1 	       180 	       2 	        1 	       180 	       3 	        1 	       180 	       4 	        1 	       180 	       5 	        1 	         0 	       6 	        6
   4163601 	     1636 	          01 	          2100 	       420 	       1 	        1 	       420 	       2 	        1 	       420 	       3 	        1 	       420 	       4 	        1 	       420 	       5 	        1 	         0 	       6 	        6 	         0 	       7 	        6
   4163602 	     1636 	          02 	          2400 	       480 	       1 	        1 	       480 	       2 	        1 	       480 	       3 	        1 	       480 	       4 	        1 	       480 	       5 	        1 	         0 	       6 	        6 	         0 	       7 	        6
   4163701 	     1637 	          01 	          1500 	       300 	       5 	        1 	         0 	       6 	        6 	         0 	       7 	        6 	       300 	       1 	        1 	       300 	       2 	        1 	       300 	       3 	        1 	       300 	       4 	        1
   4163702 	     1637 	          02 	          2880 	       540 	       5 	        1 	       180 	       6 	        1 	         0 	       7 	        6 	       540 	       1 	        1 	       540 	       2 	        1 	       540 	       3 	        1 	       540 	       4 	        1
   4164001 	     1640 	          01 	          2475 	         0 	       6 	        6 	         0 	       7 	        6 	       495 	       1 	        1 	       495 	       2 	        1 	       495 	       3 	        1 	       495 	       4 	        1 	       495 	       5 	        1
   4164101 	     1641 	          01 	          2400 	         0 	       6 	        6 	         0 	       7 	        6 	       480 	       1 	        1 	       480 	       2 	        1 	       480 	       3 	        1 	       480 	       4 	        1 	       480 	       5 	        1
   4164102 	     1641 	          02 	          1800 	         0 	       6 	        6 	         0 	       7 	        6 	       360 	       1 	        1 	       360 	       2 	        1 	       360 	       3 	        1 	       360 	       4 	        1 	       360 	       5 	        1
   4164301 	     1643 	          01 	          1080 	         0 	       7 	        6 	       360 	       1 	        1 	       180 	       2 	        1 	       180 	       3 	        1 	       180 	       4 	        1 	       180 	       5 	        1 	         0 	       6 	        6
   4164302 	     1643 	          02 	          3600 	         0 	       7 	        6 	       720 	       1 	        1 	       720 	       2 	        1 	       720 	       3 	        1 	       720 	       4 	        1 	       720 	       5 	        1 	         0 	       6 	        6
   4164501 	     1645 	          01 	          3000 	         0 	       2 	        6 	         0 	       3 	        6 	       600 	       4 	        1 	       600 	       5 	        1 	       600 	       6 	        1 	       600 	       7 	        1 	       600 	       1 	        1
   4164502 	     1645 	          02 	          2400 	       480 	       2 	        1 	       480 	       3 	        1 	       480 	       4 	        1 	       480 	       5 	        1 	         0 	       6 	        6 	         0 	       7 	        6 	       480 	       1 	        1
   4164802 	     1648 	          02 	          2640 	         0 	       6 	        6 	         0 	       7 	        6 	       540 	       1 	        1 	       540 	       2 	        1 	       540 	       3 	        1 	       540 	       4 	        1 	       480 	       5 	        1
   4164901 	     1649 	          01 	          2520 	       270 	       6 	        1 	         0 	       7 	        6 	       450 	       1 	        1 	       450 	       2 	        1 	       450 	       3 	        1 	       450 	       4 	        1 	       450 	       5 	        1
   4165301 	     1653 	          01 	          2100 	       420 	       4 	        1 	       420 	       5 	        1 	         0 	       6 	        6 	         0 	       7 	        6 	       420 	       1 	        1 	       420 	       2 	        1 	       420 	       3 	        1
   4165302 	     1653 	          02 	          2100 	       420 	       4 	        1 	       420 	       5 	        1 	         0 	       6 	        6 	         0 	       7 	        6 	       420 	       1 	        1 	       420 	       2 	        1 	       420 	       3 	        1
   4165303 	     1653 	          03 	             0 	         0 	       4 	        1 	         0 	       5 	        1 	         0 	       6 	        1 	         0 	       7 	        1 	         0 	       1 	        1 	         0 	       2 	        1 	         0 	       3 	        1
   4165601 	     1656 	          01 	          2400 	       480 	       4 	        1 	       480 	       5 	        1 	         0 	       6 	        6 	         0 	       7 	        6 	       480 	       1 	        1 	       480 	       2 	        1 	       480 	       3 	        1
   4166702 	     1667 	          02 	          3000 	         0 	       6 	        6 	         0 	       7 	        6 	       600 	       1 	        1 	       600 	       2 	        1 	       600 	       3 	        1 	       600 	       4 	        1 	       600 	       5 	        1
   4167101 	     1671 	          01 	          3780 	       540 	       1 	        1 	       540 	       2 	        1 	       540 	       3 	        1 	       540 	       4 	        1 	       540 	       5 	        1 	       540 	       6 	        1 	       540 	       7 	        1
   4167103 	     1671 	          03 	          2700 	       540 	       1 	        1 	         0 	       2 	        6 	         0 	       3 	        6 	       540 	       4 	        1 	       540 	       5 	        1 	       540 	       6 	        1 	       540 	       7 	        1
   4167202 	     1672 	          02 	          1680 	       510 	       1 	        1 	       390 	       2 	        1 	       390 	       3 	        1 	         0 	       4 	        6 	       390 	       5 	        1 	         0 	       6 	        6 	         0 	       7 	        6
   4167702 	     1677 	          02 	           660 	         0 	       6 	        6 	         0 	       7 	        6 	       240 	       1 	        1 	         0 	       2 	        6 	         0 	       3 	        6 	       240 	       4 	        1 	       180 	       5 	        1
   4167801 	     1678 	          01 	          2955 	       300 	       6 	        1 	         0 	       7 	        6 	       450 	       1 	        1 	       630 	       2 	        1 	       345 	       3 	        1 	       615 	       4 	        1 	       615 	       5 	        1
   4167802 	     1678 	          02 	          2940 	         0 	       6 	        6 	         0 	       7 	        6 	       600 	       1 	        1 	       600 	       2 	        1 	       600 	       3 	        1 	       600 	       4 	        1 	       540 	       5 	        1
   4168303 	     1683 	          03 	          2400 	       480 	       4 	        1 	       480 	       5 	        1 	         0 	       6 	        6 	         0 	       7 	        6 	       480 	       1 	        1 	       480 	       2 	        1 	       480 	       3 	        1
   4168501 	     1685 	          01 	          2250 	       450 	       4 	        1 	       450 	       5 	        1 	         0 	       6 	        6 	         0 	       7 	        6 	       450 	       1 	        1 	       450 	       2 	        1 	       450 	       3 	        1
   4168502 	     1685 	          02 	          2805 	       615 	       4 	        1 	         0 	       5 	        6 	       615 	       6 	        1 	       540 	       7 	        1 	         0 	       1 	        6 	       615 	       2 	        1 	       420 	       3 	        1
   4168702 	     1687 	          02 	          1770 	         0 	       6 	        6 	         0 	       7 	        6 	       495 	       1 	        1 	       495 	       2 	        1 	       510 	       3 	        1 	         0 	       4 	        6 	       270 	       5 	        1
   4169702 	     1697 	          02 	          2400 	       285 	       6 	        1 	       420 	       7 	        1 	       285 	       1 	        1 	       420 	       2 	        1 	       285 	       3 	        1 	       420 	       4 	        1 	       285 	       5 	        1
   4170302 	     1703 	          02 	          3180 	       600 	       4 	        1 	       600 	       5 	        1 	         0 	       6 	        6 	         0 	       7 	        6 	       660 	       1 	        1 	       660 	       2 	        1 	       660 	       3 	        1
   4170801 	     1708 	          01 	          2790 	       240 	       6 	        1 	         0 	       7 	        6 	       510 	       1 	        1 	       510 	       2 	        1 	       510 	       3 	        1 	       510 	       4 	        1 	       510 	       5 	        1
   4171401 	     1714 	          01 	          2295 	       525 	       3 	        1 	       525 	       4 	        1 	         0 	       5 	        6 	         0 	       6 	        6 	         0 	       7 	        6 	       525 	       1 	        1 	       720 	       2 	        1
   4171402 	     1714 	          02 	          1335 	       270 	       3 	        1 	       300 	       4 	        1 	       150 	       5 	        1 	         0 	       6 	        6 	         0 	       7 	        6 	        75 	       1 	        1 	       540 	       2 	        1
   4171504 	     1715 	          04 	          2415 	       510 	       3 	        1 	       510 	       4 	        1 	       360 	       5 	        1 	         0 	       6 	        6 	         0 	       7 	        6 	       510 	       1 	        1 	       525 	       2 	        1
   4171801 	     1718 	          01 	          1590 	         0 	       6 	        6 	         0 	       7 	        6 	       330 	       1 	        1 	       330 	       2 	        1 	       390 	       3 	        1 	       210 	       4 	        1 	       330 	       5 	        1
   4171802 	     1718 	          02 	          2520 	         0 	       6 	        6 	         0 	       7 	        6 	       540 	       1 	        1 	       540 	       2 	        1 	       540 	       3 	        1 	       540 	       4 	        1 	       360 	       5 	        1
   4172201 	     1722 	          01 	          2850 	       570 	       1 	        1 	       570 	       2 	        1 	       570 	       3 	        1 	       570 	       4 	        1 	       570 	       5 	        1 	         0 	       6 	        6 	         0 	       7 	        6
   4172901 	     1729 	          01 	          2325 	         0 	       7 	        6 	       465 	       1 	        1 	       465 	       2 	        1 	       465 	       3 	        1 	       465 	       4 	        1 	       465 	       5 	        1 	         0 	       6 	        6
   4173701 	     1737 	          01 	          3000 	         0 	       6 	        6 	         0 	       7 	        6 	       600 	       1 	        1 	       600 	       2 	        1 	       600 	       3 	        1 	       600 	       4 	        1 	       600 	       5 	        1
   4173702 	     1737 	          02 	           960 	       240 	       6 	        1 	         0 	       7 	        6 	       240 	       1 	        1 	         0 	       2 	        6 	         0 	       3 	        6 	       240 	       4 	        1 	       240 	       5 	        1
   4174001 	     1740 	          01 	          3180 	       510 	       7 	        1 	       510 	       1 	        1 	       510 	       2 	        1 	       510 	       3 	        1 	       510 	       4 	        1 	         0 	       5 	        6 	       630 	       6 	        1
   4175303 	     1753 	          03 	          2400 	       480 	       3 	        1 	         0 	       4 	        6 	       480 	       5 	        1 	       480 	       6 	        1 	         0 	       7 	        6 	       480 	       1 	        1 	       480 	       2 	        1
   4175501 	     1755 	          01 	          2400 	       480 	       3 	        1 	       480 	       4 	        1 	       480 	       5 	        1 	         0 	       6 	        6 	         0 	       7 	        6 	       480 	       1 	        1 	       480 	       2 	        1
   4175502 	     1755 	          02 	          1800 	       360 	       3 	        1 	       360 	       4 	        1 	       360 	       5 	        1 	         0 	       6 	        6 	         0 	       7 	        6 	       360 	       1 	        1 	       360 	       2 	        1
   4175601 	     1756 	          01 	          2850 	       570 	       3 	        1 	       570 	       4 	        1 	       570 	       5 	        1 	         0 	       6 	        6 	         0 	       7 	        6 	       570 	       1 	        1 	       570 	       2 	        1
   4175801 	     1758 	          01 	          2565 	       315 	       6 	        1 	         0 	       7 	        6 	       450 	       1 	        1 	       450 	       2 	        1 	       450 	       3 	        1 	       450 	       4 	        1 	       450 	       5 	        1
   4175802 	     1758 	          02 	          1200 	         0 	       6 	        6 	         0 	       7 	        6 	       240 	       1 	        1 	       240 	       2 	        1 	       240 	       3 	        1 	       240 	       4 	        1 	       240 	       5 	        1
   4175901 	     1759 	          01 	          1200 	         0 	       7 	        6 	       240 	       1 	        1 	       240 	       2 	        1 	       240 	       3 	        1 	       240 	       4 	        1 	       240 	       5 	        1 	         0 	       6 	        6
   4175902 	     1759 	          02 	          3720 	         0 	       7 	        6 	       660 	       1 	        1 	       660 	       2 	        1 	       660 	       3 	        1 	       660 	       4 	        1 	       660 	       5 	        1 	       420 	       6 	        1
   4176501 	     1765 	          01 	          1560 	       300 	       4 	        1 	       300 	       5 	        1 	         0 	       6 	        6 	         0 	       7 	        6 	       360 	       1 	        1 	       300 	       2 	        1 	       300 	       3 	        1
   4176502 	     1765 	          02 	          2400 	       480 	       4 	        1 	       480 	       5 	        1 	         0 	       6 	        6 	         0 	       7 	        6 	       480 	       1 	        1 	       480 	       2 	        1 	       480 	       3 	        1
   4176801 	     1768 	          01 	          1500 	         0 	       6 	        6 	         0 	       7 	        6 	       300 	       1 	        1 	       300 	       2 	        1 	       300 	       3 	        1 	       300 	       4 	        1 	       300 	       5 	        1
   4176904 	     1769 	          04 	             0 	         0 	       7 	        6 	         0 	       1 	        6 	         0 	       2 	        6 	         0 	       3 	        6 	         0 	       4 	        6 	         0 	       5 	        6 	         0 	       6 	        6
   4177301 	     1773 	          01 	          2160 	       360 	       3 	        1 	       360 	       4 	        1 	       360 	       5 	        1 	       360 	       6 	        1 	         0 	       7 	        6 	       360 	       1 	        1 	       360 	       2 	        1
   4177802 	     1778 	          02 	          3150 	         0 	       6 	        6 	         0 	       7 	        6 	       630 	       1 	        1 	       630 	       2 	        1 	       630 	       3 	        1 	       630 	       4 	        1 	       630 	       5 	        1
   4177901 	     1779 	          01 	          2700 	         0 	       7 	        6 	       540 	       1 	        1 	       540 	       2 	        1 	       540 	       3 	        1 	       540 	       4 	        1 	       540 	       5 	        1 	         0 	       6 	        6
   4178203 	     1782 	          03 	          2850 	       570 	       1 	        1 	       570 	       2 	        1 	       570 	       3 	        1 	       570 	       4 	        1 	       570 	       5 	        1 	         0 	       6 	        6 	         0 	       7 	        6
   4178502 	     1785 	          02 	           480 	         0 	       5 	        6 	         0 	       6 	        6 	         0 	       7 	        6 	         0 	       1 	        6 	         0 	       2 	        6 	         0 	       3 	        6 	       480 	       4 	        1
   4178701 	     1787 	          01 	          1380 	         0 	       7 	        6 	       300 	       1 	        1 	       300 	       2 	        1 	       240 	       3 	        1 	       240 	       4 	        1 	       300 	       5 	        1 	         0 	       6 	        6
   4178702 	     1787 	          02 	             0 	         0 	       7 	        6 	         0 	       1 	        6 	         0 	       2 	        6 	         0 	       3 	        6 	         0 	       4 	        6 	         0 	       5 	        6 	         0 	       6 	        6
   4179101 	     1791 	          01 	          1800 	       360 	       2 	        1 	       360 	       3 	        1 	       360 	       4 	        1 	       360 	       5 	        1 	         0 	       6 	        6 	         0 	       7 	        6 	       360 	       1 	        1
   4179102 	     1791 	          02 	          3120 	       570 	       2 	        1 	       510 	       3 	        1 	       510 	       4 	        1 	       510 	       5 	        1 	       510 	       6 	        1 	         0 	       7 	        6 	       510 	       1 	        1
   4179401 	     1794 	          01 	          1440 	         0 	       6 	        6 	         0 	       7 	        6 	       300 	       1 	        1 	       240 	       2 	        1 	       300 	       3 	        1 	       300 	       4 	        1 	       300 	       5 	        1
   4179402 	     1794 	          02 	          1560 	         0 	       6 	        6 	         0 	       7 	        6 	       360 	       1 	        1 	       360 	       2 	        1 	       360 	       3 	        1 	       180 	       4 	        1 	       300 	       5 	        1
   4180001 	     1800 	          01 	          2100 	       420 	       2 	        1 	       420 	       3 	        1 	       420 	       4 	        1 	       420 	       5 	        1 	         0 	       6 	        6 	         0 	       7 	        6 	       420 	       1 	        1
   4180602 	     1806 	          02 	          3060 	       510 	       1 	        1 	       510 	       2 	        1 	       510 	       3 	        1 	       510 	       4 	        1 	       510 	       5 	        1 	         0 	       6 	        6 	       510 	       7 	        1
   4180901 	     1809 	          01 	          1260 	         0 	       2 	        6 	       420 	       3 	        1 	         0 	       4 	        6 	       420 	       5 	        1 	         0 	       6 	        6 	         0 	       7 	        6 	       420 	       1 	        1
   4180902 	     1809 	          02 	          2400 	       480 	       2 	        1 	       480 	       3 	        1 	       480 	       4 	        1 	       480 	       5 	        1 	         0 	       6 	        6 	         0 	       7 	        6 	       480 	       1 	        1
   4181002 	     1810 	          02 	          1380 	       450 	       2 	        1 	       480 	       3 	        1 	         0 	       4 	        6 	         0 	       5 	        6 	         0 	       6 	        6 	         0 	       7 	        6 	       450 	       1 	        1
   4181003 	     1810 	          03 	          2400 	       480 	       2 	        1 	       480 	       3 	        1 	       480 	       4 	        1 	       480 	       5 	        1 	         0 	       6 	        1 	         0 	       7 	        1 	       480 	       1 	        1
   4182001 	     1820 	          01 	          4560 	       360 	       6 	        1 	         0 	       7 	        6 	       840 	       1 	        1 	       840 	       2 	        1 	       840 	       3 	        1 	       840 	       4 	        1 	       840 	       5 	        1
   4182002 	     1820 	          02 	          1200 	         0 	       6 	        6 	         0 	       7 	        6 	       240 	       1 	        1 	       180 	       2 	        1 	       180 	       3 	        1 	       300 	       4 	        1 	       300 	       5 	        1
   4182602 	     1826 	          02 	          3000 	       600 	       4 	        1 	       600 	       5 	        1 	         0 	       6 	        6 	         0 	       7 	        6 	       600 	       1 	        1 	       600 	       2 	        1 	       600 	       3 	        1
   4183702 	     1837 	          02 	          2400 	       480 	       4 	        1 	       480 	       5 	        1 	         0 	       6 	        6 	         0 	       7 	        6 	       480 	       1 	        1 	       480 	       2 	        1 	       480 	       3 	        1
   4183703 	     1837 	          03 	           390 	       180 	       4 	        1 	         0 	       5 	        6 	         0 	       6 	        6 	         0 	       7 	        6 	         0 	       1 	        6 	         0 	       2 	        6 	       210 	       3 	        1
   4184201 	     1842 	          01 	          1920 	         0 	       7 	        6 	       480 	       1 	        1 	       480 	       2 	        1 	       480 	       3 	        1 	       480 	       4 	        1 	         0 	       5 	        6 	         0 	       6 	        6
   4184202 	     1842 	          02 	          1230 	         0 	       7 	        6 	       390 	       1 	        1 	       270 	       2 	        1 	       330 	       3 	        1 	       240 	       4 	        1 	         0 	       5 	        6 	         0 	       6 	        6
   4184301 	     1843 	          01 	          2400 	       480 	       1 	        1 	       480 	       2 	        1 	       480 	       3 	        1 	       480 	       4 	        1 	       480 	       5 	        1 	         0 	       6 	        6 	         0 	       7 	        6
   4184601 	     1846 	          01 	          2115 	       450 	       3 	        1 	       420 	       4 	        1 	       420 	       5 	        1 	         0 	       6 	        6 	         0 	       7 	        6 	       360 	       1 	        1 	       465 	       2 	        1
   4184602 	     1846 	          02 	          3300 	       660 	       3 	        1 	       660 	       4 	        1 	       660 	       5 	        1 	         0 	       6 	        6 	         0 	       7 	        6 	       660 	       1 	        1 	       660 	       2 	        1
   4184701 	     1847 	          01 	          2670 	       600 	       3 	        1 	       540 	       4 	        1 	       420 	       5 	        1 	         0 	       6 	        6 	         0 	       7 	        6 	       540 	       1 	        1 	       570 	       2 	        1
   4185502 	     1855 	          02 	          3600 	       720 	       4 	        1 	       720 	       5 	        1 	         0 	       6 	        6 	         0 	       7 	        6 	       720 	       1 	        1 	       720 	       2 	        1 	       720 	       3 	        1
   4186402 	     1864 	          02 	          2160 	       360 	       1 	        1 	       540 	       2 	        1 	       360 	       3 	        1 	       540 	       4 	        1 	       360 	       5 	        1 	         0 	       6 	        6 	         0 	       7 	        6
   4186801 	     1868 	          01 	          2250 	       420 	       3 	        1 	       420 	       4 	        1 	       420 	       5 	        1 	       540 	       6 	        1 	         0 	       7 	        6 	       450 	       1 	        1 	         0 	       2 	        6
   4186802 	     1868 	          02 	           780 	         0 	       3 	        6 	         0 	       4 	        6 	         0 	       5 	        6 	         0 	       6 	        6 	         0 	       7 	        6 	       540 	       1 	        1 	       240 	       2 	        1
   4187001 	     1870 	          01 	          2580 	         0 	       6 	        6 	         0 	       7 	        6 	       825 	       1 	        1 	       465 	       2 	        1 	       465 	       3 	        1 	         0 	       4 	        6 	       825 	       5 	        1
   4187601 	     1876 	          01 	          2400 	       480 	       2 	        1 	       480 	       3 	        1 	       480 	       4 	        1 	       480 	       5 	        1 	         0 	       6 	        6 	         0 	       7 	        6 	       480 	       1 	        1
   4187602 	     1876 	          02 	          2880 	       570 	       2 	        1 	       570 	       3 	        1 	       570 	       4 	        1 	       570 	       5 	        1 	         0 	       6 	        6 	         0 	       7 	        6 	       600 	       1 	        1
   4188601 	     1886 	          01 	           690 	         0 	       5 	        6 	         0 	       6 	        6 	         0 	       7 	        6 	         0 	       1 	        6 	         0 	       2 	        6 	       240 	       3 	        1 	       450 	       4 	        1
   4188602 	     1886 	          02 	           480 	         0 	       5 	        6 	         0 	       6 	        6 	         0 	       7 	        6 	         0 	       1 	        6 	         0 	       2 	        6 	       240 	       3 	        1 	       240 	       4 	        1
   4188702 	     1887 	          02 	          4395 	       720 	       5 	        1 	       660 	       6 	        1 	       660 	       7 	        1 	       660 	       1 	        1 	       675 	       2 	        1 	       480 	       3 	        1 	       540 	       4 	        1
   4188708 	     1887 	          08 	          5340 	       780 	       5 	        1 	       720 	       6 	        1 	       720 	       7 	        1 	       780 	       1 	        1 	       780 	       2 	        1 	       780 	       3 	        1 	       780 	       4 	        1
   4189101 	     1891 	          01 	          1680 	       300 	       1 	        1 	       300 	       2 	        1 	       300 	       3 	        1 	       300 	       4 	        1 	       300 	       5 	        1 	       180 	       6 	        1 	         0 	       7 	        6
   4189103 	     1891 	          03 	          3060 	       540 	       1 	        1 	       540 	       2 	        1 	       540 	       3 	        1 	       540 	       4 	        1 	       540 	       5 	        1 	       360 	       6 	        1 	         0 	       7 	        6
   4189403 	     1894 	          03 	          1980 	       480 	       5 	        1 	         0 	       6 	        6 	         0 	       7 	        6 	       480 	       1 	        1 	       540 	       2 	        1 	         0 	       3 	        6 	       480 	       4 	        1
   4189701 	     1897 	          01 	          5880 	       840 	       6 	        1 	       840 	       7 	        1 	       840 	       1 	        1 	       840 	       2 	        1 	       840 	       3 	        1 	       840 	       4 	        1 	       840 	       5 	        1
   4189801 	     1898 	          01 	           480 	         0 	       7 	        6 	       240 	       1 	        1 	         0 	       2 	        6 	        60 	       3 	        1 	       120 	       4 	        1 	        60 	       5 	        1 	         0 	       6 	        6
   4189803 	     1898 	          03 	           300 	         0 	       7 	        6 	         0 	       1 	        6 	         0 	       2 	        6 	       240 	       3 	        1 	         0 	       4 	        6 	        60 	       5 	        1 	         0 	       6 	        6
   4190301 	     1903 	          01 	          2280 	       630 	       4 	        1 	       510 	       5 	        1 	         0 	       6 	        6 	         0 	       7 	        6 	         0 	       1 	        6 	       630 	       2 	        1 	       510 	       3 	        1
   4190601 	     1906 	          01 	          2115 	         0 	       7 	        6 	       360 	       1 	        1 	       360 	       2 	        1 	       795 	       3 	        1 	       360 	       4 	        1 	       240 	       5 	        1 	         0 	       6 	        6
   4191001 	     1910 	          01 	          1950 	       390 	       5 	        1 	         0 	       6 	        6 	         0 	       7 	        6 	       390 	       1 	        1 	       390 	       2 	        1 	       390 	       3 	        1 	       390 	       4 	        1
   4191102 	     1911 	          02 	          2340 	       300 	       5 	        1 	         0 	       6 	        6 	         0 	       7 	        6 	       510 	       1 	        1 	       510 	       2 	        1 	       510 	       3 	        1 	       510 	       4 	        1
   4191201 	     1912 	          01 	          2880 	       480 	       6 	        1 	         0 	       7 	        6 	       480 	       1 	        1 	       480 	       2 	        1 	       480 	       3 	        1 	       480 	       4 	        1 	       480 	       5 	        1
   4191202 	     1912 	          02 	          2550 	         0 	       6 	        6 	         0 	       7 	        6 	       510 	       1 	        1 	       510 	       2 	        1 	       510 	       3 	        1 	       510 	       4 	        1 	       510 	       5 	        1
   4191601 	     1916 	          01 	          4410 	       720 	       1 	        1 	       780 	       2 	        1 	       840 	       3 	        1 	       840 	       4 	        1 	       840 	       5 	        1 	       390 	       6 	        1 	         0 	       7 	        6
   4191602 	     1916 	          02 	             0 	         0 	       1 	        6 	         0 	       2 	        6 	         0 	       3 	        6 	         0 	       4 	        6 	         0 	       5 	        6 	         0 	       6 	        6 	         0 	       7 	        6
   4191701 	     1917 	          01 	          2280 	       525 	       5 	        1 	         0 	       6 	        6 	         0 	       7 	        6 	       180 	       1 	        1 	       525 	       2 	        1 	       525 	       3 	        1 	       525 	       4 	        1
   4191702 	     1917 	          02 	          3150 	       540 	       5 	        1 	       750 	       6 	        1 	         0 	       7 	        6 	       540 	       1 	        1 	       540 	       2 	        1 	       540 	       3 	        1 	       240 	       4 	        1
   4191801 	     1918 	          01 	          3450 	       690 	       5 	        1 	         0 	       6 	        6 	         0 	       7 	        6 	       690 	       1 	        1 	       690 	       2 	        1 	       690 	       3 	        1 	       690 	       4 	        1
   4191802 	     1918 	          02 	          1680 	       420 	       5 	        1 	         0 	       6 	        6 	         0 	       7 	        6 	       420 	       1 	        1 	       420 	       2 	        1 	       420 	       3 	        1 	         0 	       4 	        6
   4192202 	     1922 	          02 	          2700 	         0 	       7 	        6 	       540 	       1 	        1 	       540 	       2 	        1 	       540 	       3 	        1 	       540 	       4 	        1 	       540 	       5 	        1 	         0 	       6 	        6
   4192204 	     1922 	          04 	          3150 	         0 	       7 	        6 	       630 	       1 	        1 	       630 	       2 	        1 	       630 	       3 	        1 	       630 	       4 	        1 	       630 	       5 	        1 	         0 	       6 	        6
   4192601 	     1926 	          01 	          3600 	       660 	       2 	        1 	       660 	       3 	        1 	       660 	       4 	        1 	       660 	       5 	        1 	       300 	       6 	        1 	         0 	       7 	        6 	       660 	       1 	        1
   4193101 	     1931 	          01 	          1950 	         0 	       7 	        6 	       390 	       1 	        1 	       390 	       2 	        1 	       390 	       3 	        1 	       390 	       4 	        1 	       390 	       5 	        1 	         0 	       6 	        6
   4193201 	     1932 	          01 	          2850 	       570 	       1 	        1 	       570 	       2 	        1 	       570 	       3 	        1 	       570 	       4 	        1 	       570 	       5 	        1 	         0 	       6 	        6 	         0 	       7 	        6
   4193501 	     1935 	          01 	          2400 	       480 	       2 	        1 	         0 	       3 	        6 	         0 	       4 	        6 	       480 	       5 	        1 	       480 	       6 	        1 	       480 	       7 	        1 	       480 	       1 	        1
   4193502 	     1935 	          02 	          1500 	       360 	       2 	        1 	         0 	       3 	        6 	       360 	       4 	        1 	       420 	       5 	        1 	         0 	       6 	        6 	         0 	       7 	        6 	       360 	       1 	        1
   4194301 	     1943 	          01 	          2550 	       510 	       5 	        1 	         0 	       6 	        6 	         0 	       7 	        6 	       510 	       1 	        1 	       510 	       2 	        1 	       510 	       3 	        1 	       510 	       4 	        1
   4194302 	     1943 	          02 	          1800 	       360 	       5 	        1 	         0 	       6 	        6 	         0 	       7 	        6 	       360 	       1 	        1 	       360 	       2 	        1 	       360 	       3 	        1 	       360 	       4 	        1
   4194401 	     1944 	          01 	          2355 	         0 	       6 	        6 	         0 	       7 	        6 	       495 	       1 	        1 	       495 	       2 	        1 	       495 	       3 	        1 	       495 	       4 	        1 	       375 	       5 	        1
   4194402 	     1944 	          02 	          1350 	         0 	       6 	        6 	         0 	       7 	        6 	       270 	       1 	        1 	       270 	       2 	        1 	       270 	       3 	        1 	       270 	       4 	        1 	       270 	       5 	        1
   4194802 	     1948 	          02 	          1800 	       360 	       1 	        1 	       360 	       2 	        1 	       360 	       3 	        1 	       360 	       4 	        1 	       360 	       5 	        1 	         0 	       6 	        6 	         0 	       7 	        6
   4194901 	     1949 	          01 	          2400 	       480 	       5 	        1 	         0 	       6 	        6 	         0 	       7 	        6 	       480 	       1 	        1 	       480 	       2 	        1 	       480 	       3 	        1 	       480 	       4 	        1
   4194902 	     1949 	          02 	          2400 	         0 	       5 	        6 	         0 	       6 	        6 	         0 	       7 	        6 	       600 	       1 	        1 	       600 	       2 	        1 	       600 	       3 	        1 	       600 	       4 	        1
   4195101 	     1951 	          01 	          2160 	         0 	       5 	        6 	         0 	       6 	        6 	         0 	       7 	        6 	       540 	       1 	        1 	       540 	       2 	        1 	       540 	       3 	        1 	       540 	       4 	        1
   4195602 	     1956 	          02 	          2520 	       510 	       1 	        1 	       480 	       2 	        1 	       480 	       3 	        1 	       570 	       4 	        1 	       480 	       5 	        1 	         0 	       6 	        6 	         0 	       7 	        6
   4195701 	     1957 	          01 	          2205 	       435 	       5 	        1 	         0 	       6 	        6 	         0 	       7 	        6 	       420 	       1 	        1 	       450 	       2 	        1 	       450 	       3 	        1 	       450 	       4 	        1
   4195702 	     1957 	          02 	          3720 	       720 	       5 	        1 	         0 	       6 	        6 	         0 	       7 	        6 	       750 	       1 	        1 	       750 	       2 	        1 	       750 	       3 	        1 	       750 	       4 	        1
   4195901 	     1959 	          01 	          3480 	       780 	       5 	        1 	       480 	       6 	        1 	         0 	       7 	        6 	       330 	       1 	        1 	       330 	       2 	        1 	       780 	       3 	        1 	       780 	       4 	        1
   4195902 	     1959 	          02 	          4140 	       780 	       5 	        1 	       480 	       6 	        1 	         0 	       7 	        6 	       780 	       1 	        1 	       780 	       2 	        1 	       540 	       3 	        1 	       780 	       4 	        1
   4196001 	     1960 	          01 	          1500 	       240 	       6 	        1 	         0 	       7 	        6 	       240 	       1 	        1 	       240 	       2 	        1 	       240 	       3 	        1 	         0 	       4 	        6 	       540 	       5 	        1
   4196003 	     1960 	          03 	          4320 	       720 	       6 	        1 	       720 	       7 	        1 	       720 	       1 	        1 	         0 	       2 	        6 	       720 	       3 	        1 	       720 	       4 	        1 	       720 	       5 	        1
   4196601 	     1966 	          01 	          2520 	       540 	       2 	        1 	        90 	       3 	        1 	         0 	       4 	        6 	       540 	       5 	        1 	       630 	       6 	        1 	       630 	       7 	        1 	        90 	       1 	        1
   4196602 	     1966 	          02 	          2595 	       540 	       2 	        1 	       555 	       3 	        1 	       600 	       4 	        1 	       540 	       5 	        1 	         0 	       6 	        6 	         0 	       7 	        6 	       360 	       1 	        1
   4197201 	     1972 	          01 	          3315 	       660 	       1 	        1 	       660 	       2 	        1 	       675 	       3 	        1 	       660 	       4 	        1 	       660 	       5 	        1 	         0 	       6 	        6 	         0 	       7 	        6
   4198402 	     1984 	          02 	          2190 	         0 	       6 	        6 	         0 	       7 	        6 	         0 	       1 	        6 	       480 	       2 	        1 	       570 	       3 	        1 	       570 	       4 	        1 	       570 	       5 	        1
   4199201 	     1992 	          01 	          2700 	       540 	       5 	        1 	         0 	       6 	        6 	         0 	       7 	        6 	       540 	       1 	        1 	       540 	       2 	        1 	       540 	       3 	        1 	       540 	       4 	        1
   4199301 	     1993 	          01 	          2550 	         0 	       6 	        6 	         0 	       7 	        6 	       510 	       1 	        1 	       510 	       2 	        1 	       510 	       3 	        1 	       510 	       4 	        1 	       510 	       5 	        1
   4199302 	     1993 	          02 	          1740 	         0 	       6 	        6 	         0 	       7 	        6 	       360 	       1 	        1 	       300 	       2 	        1 	       360 	       3 	        1 	       360 	       4 	        1 	       360 	       5 	        1
   4199403 	     1994 	          03 	          2040 	         0 	       6 	        6 	         0 	       7 	        6 	       360 	       1 	        1 	       420 	       2 	        1 	       420 	       3 	        1 	       420 	       4 	        1 	       420 	       5 	        1
   4199404 	     1994 	          04 	          2100 	         0 	       6 	        6 	         0 	       7 	        6 	       420 	       1 	        1 	       420 	       2 	        1 	       420 	       3 	        1 	       420 	       4 	        1 	       420 	       5 	        1
   4199703 	     1997 	          03 	          3150 	       450 	       1 	        1 	       450 	       2 	        1 	       450 	       3 	        1 	       450 	       4 	        1 	       450 	       5 	        1 	       450 	       6 	        1 	       450 	       7 	        1
   4200001 	     2000 	          01 	          2550 	       420 	       5 	        1 	         0 	       6 	        6 	         0 	       7 	        6 	       525 	       1 	        1 	       555 	       2 	        1 	       525 	       3 	        1 	       525 	       4 	        1
   4200002 	     2000 	          02 	          1320 	       375 	       5 	        1 	         0 	       6 	        6 	         0 	       7 	        6 	       120 	       1 	        1 	       270 	       2 	        1 	       285 	       3 	        1 	       270 	       4 	        1
   4200602 	     2006 	          02 	          2400 	         0 	       7 	        6 	       510 	       1 	        1 	       510 	       2 	        1 	       510 	       3 	        1 	       510 	       4 	        1 	       360 	       5 	        1 	         0 	       6 	        6
   4201002 	     2010 	          02 	          2100 	       420 	       2 	        1 	       420 	       3 	        1 	       420 	       4 	        1 	       420 	       5 	        1 	         0 	       6 	        6 	         0 	       7 	        6 	       420 	       1 	        1
   4201301 	     2013 	          01 	          1395 	         0 	       6 	        6 	         0 	       7 	        6 	         0 	       1 	        6 	         0 	       2 	        6 	       465 	       3 	        1 	       465 	       4 	        1 	       465 	       5 	        1
   4201302 	     2013 	          02 	          1800 	         0 	       6 	        6 	         0 	       7 	        6 	       480 	       1 	        1 	       120 	       2 	        1 	       480 	       3 	        1 	       600 	       4 	        1 	       120 	       5 	        1
   4201702 	     2017 	          02 	          2415 	         0 	       1 	        6 	       615 	       2 	        1 	       420 	       3 	        1 	         0 	       4 	        6 	       720 	       5 	        1 	       660 	       6 	        1 	         0 	       7 	        6
   4201703 	     2017 	          03 	           960 	         0 	       1 	        6 	         0 	       2 	        6 	         0 	       3 	        6 	         0 	       4 	        6 	       480 	       5 	        1 	       480 	       6 	        1 	         0 	       7 	        6
   4201803 	     2018 	          03 	          3285 	       690 	       1 	        1 	       600 	       2 	        1 	       735 	       3 	        1 	       660 	       4 	        1 	         0 	       5 	        6 	       240 	       6 	        1 	       360 	       7 	        1
   4202001 	     2020 	          01 	          1920 	       420 	       5 	        1 	         0 	       6 	        6 	         0 	       7 	        6 	       420 	       1 	        1 	       420 	       2 	        1 	       420 	       3 	        1 	       240 	       4 	        1
   4202301 	     2023 	          01 	          3210 	       300 	       6 	        1 	         0 	       7 	        6 	       570 	       1 	        1 	       570 	       2 	        1 	       570 	       3 	        1 	       570 	       4 	        1 	       630 	       5 	        1
   4202302 	     2023 	          02 	          1500 	         0 	       6 	        6 	         0 	       7 	        6 	       300 	       1 	        1 	       300 	       2 	        1 	       300 	       3 	        1 	       300 	       4 	        1 	       300 	       5 	        1
   4202602 	     2026 	          02 	          1440 	         0 	       7 	        6 	       480 	       1 	        1 	       480 	       2 	        1 	       480 	       3 	        1 	         0 	       4 	        6 	         0 	       5 	        6 	         0 	       6 	        6
   4202701 	     2027 	          01 	          1215 	       240 	       1 	        1 	       240 	       2 	        1 	       240 	       3 	        1 	       240 	       4 	        1 	       255 	       5 	        1 	         0 	       6 	        6 	         0 	       7 	        6
   4202702 	     2027 	          02 	          2400 	       480 	       1 	        1 	       480 	       2 	        1 	       480 	       3 	        1 	       480 	       4 	        1 	       480 	       5 	        1 	         0 	       6 	        6 	         0 	       7 	        6
   4202901 	     2029 	          01 	          2400 	       510 	       2 	        1 	       510 	       3 	        1 	       510 	       4 	        1 	       360 	       5 	        1 	         0 	       6 	        6 	         0 	       7 	        6 	       510 	       1 	        1
   4203301 	     2033 	          01 	          2400 	         0 	       6 	        6 	         0 	       7 	        6 	       480 	       1 	        1 	       480 	       2 	        1 	       480 	       3 	        1 	       480 	       4 	        1 	       480 	       5 	        1
   4203501 	     2035 	          01 	          6330 	         0 	       7 	        6 	      1080 	       1 	        1 	      1080 	       2 	        1 	      1080 	       3 	        1 	      1080 	       4 	        1 	      1080 	       5 	        1 	       930 	       6 	        1
   4203601 	     2036 	          01 	             0 	         0 	       7 	        6 	         0 	       1 	        6 	         0 	       2 	        6 	         0 	       3 	        6 	         0 	       4 	        6 	         0 	       5 	        6 	         0 	       6 	        6
   4203802 	     2038 	          02 	          1500 	       300 	       1 	        1 	       300 	       2 	        1 	       300 	       3 	        1 	       300 	       4 	        1 	       300 	       5 	        1 	         0 	       6 	        6 	         0 	       7 	        6
   4204301 	     2043 	          01 	          1680 	         0 	       6 	        6 	         0 	       7 	        6 	       420 	       1 	        1 	       420 	       2 	        1 	       420 	       3 	        1 	       420 	       4 	        1 	         0 	       5 	        6
   4204302 	     2043 	          02 	          1425 	         0 	       6 	        6 	         0 	       7 	        6 	       285 	       1 	        1 	       285 	       2 	        1 	       285 	       3 	        1 	       285 	       4 	        1 	       285 	       5 	        1
   4204401 	     2044 	          01 	           975 	         0 	       6 	        6 	         0 	       7 	        6 	         0 	       1 	        6 	       240 	       2 	        1 	       240 	       3 	        1 	       240 	       4 	        1 	       255 	       5 	        1
   4204503 	     2045 	          03 	           420 	         0 	       7 	        6 	         0 	       1 	        6 	       360 	       2 	        1 	         0 	       3 	        6 	         0 	       4 	        6 	        60 	       5 	        1 	         0 	       6 	        6
   4204601 	     2046 	          01 	          2160 	         0 	       7 	        6 	         0 	       1 	        6 	       540 	       2 	        1 	       540 	       3 	        1 	       540 	       4 	        1 	       540 	       5 	        1 	         0 	       6 	        6
   4204901 	     2049 	          01 	          1920 	       480 	       2 	        1 	       480 	       3 	        1 	       480 	       4 	        1 	       480 	       5 	        1 	         0 	       6 	        6 	         0 	       7 	        6 	         0 	       1 	        6
   4206001 	     2060 	          01 	          2430 	         0 	       6 	        6 	         0 	       7 	        6 	       510 	       1 	        1 	       510 	       2 	        1 	       510 	       3 	        1 	       510 	       4 	        1 	       390 	       5 	        1
   4206002 	     2060 	          02 	          2610 	         0 	       6 	        6 	         0 	       7 	        6 	       570 	       1 	        1 	       570 	       2 	        1 	       570 	       3 	        1 	       570 	       4 	        1 	       330 	       5 	        1
   4206004 	     2060 	          04 	           660 	       330 	       6 	        1 	         0 	       7 	        6 	         0 	       1 	        6 	         0 	       2 	        6 	         0 	       3 	        6 	         0 	       4 	        6 	       330 	       5 	        1
   4206201 	     2062 	          01 	          2400 	         0 	       7 	        6 	       480 	       1 	        1 	       480 	       2 	        1 	       480 	       3 	        1 	       480 	       4 	        1 	       480 	       5 	        1 	         0 	       6 	        6
   4206202 	     2062 	          02 	          2100 	         0 	       7 	        6 	       420 	       1 	        1 	       420 	       2 	        1 	       420 	       3 	        1 	       420 	       4 	        1 	       420 	       5 	        1 	         0 	       6 	        6
   4206401 	     2064 	          01 	          2220 	       420 	       1 	        1 	       420 	       2 	        1 	       420 	       3 	        1 	       480 	       4 	        1 	       480 	       5 	        1 	         0 	       6 	        6 	         0 	       7 	        6
   4206402 	     2064 	          02 	          2400 	       480 	       1 	        1 	       480 	       2 	        1 	       480 	       3 	        1 	       480 	       4 	        1 	       480 	       5 	        1 	         0 	       6 	        6 	         0 	       7 	        6
   4206404 	     2064 	          04 	          2520 	       420 	       1 	        1 	       420 	       2 	        1 	       420 	       3 	        1 	       420 	       4 	        1 	       420 	       5 	        1 	       420 	       6 	        1 	         0 	       7 	        6
   4206802 	     2068 	          02 	          3300 	         0 	       6 	        6 	         0 	       7 	        6 	       660 	       1 	        1 	       660 	       2 	        1 	       660 	       3 	        1 	       660 	       4 	        1 	       660 	       5 	        1
   4207301 	     2073 	          01 	          1515 	       375 	       2 	        1 	       375 	       3 	        1 	       375 	       4 	        1 	       390 	       5 	        1 	         0 	       6 	        6 	         0 	       7 	        6 	         0 	       1 	        6
   4207302 	     2073 	          02 	          1980 	       495 	       2 	        1 	       495 	       3 	        1 	       495 	       4 	        1 	       495 	       5 	        1 	         0 	       6 	        6 	         0 	       7 	        6 	         0 	       1 	        6
   4207901 	     2079 	          01 	           990 	       270 	       1 	        1 	         0 	       2 	        6 	       240 	       3 	        1 	       300 	       4 	        1 	       180 	       5 	        1 	         0 	       6 	        6 	         0 	       7 	        6
   4208001 	     2080 	          01 	          2100 	       450 	       1 	        1 	       450 	       2 	        1 	       300 	       3 	        1 	       450 	       4 	        1 	       450 	       5 	        1 	         0 	       6 	        6 	         0 	       7 	        6
   4208002 	     2080 	          02 	          1680 	       420 	       1 	        1 	         0 	       2 	        6 	       420 	       3 	        1 	       420 	       4 	        1 	       420 	       5 	        1 	         0 	       6 	        6 	         0 	       7 	        6
   4208202 	     2082 	          02 	          3990 	       570 	       5 	        1 	       600 	       6 	        1 	       600 	       7 	        1 	       540 	       1 	        1 	       600 	       2 	        1 	       480 	       3 	        1 	       600 	       4 	        1
   4208302 	     2083 	          02 	          2190 	       420 	       5 	        1 	         0 	       6 	        6 	         0 	       7 	        6 	       450 	       1 	        1 	       450 	       2 	        1 	       450 	       3 	        1 	       420 	       4 	        1
   4209301 	     2093 	          01 	          1740 	         0 	       6 	        6 	         0 	       7 	        6 	       435 	       1 	        1 	       435 	       2 	        1 	       435 	       3 	        1 	         0 	       4 	        6 	       435 	       5 	        1
   4209302 	     2093 	          02 	          3090 	         0 	       6 	        6 	         0 	       7 	        6 	       570 	       1 	        1 	       675 	       2 	        1 	       645 	       3 	        1 	       555 	       4 	        1 	       645 	       5 	        1
   4210101 	     2101 	          01 	             0 	         0 	       6 	        1 	         0 	       7 	        1 	         0 	       1 	        1 	         0 	       2 	        1 	         0 	       3 	        1 	         0 	       4 	        1 	         0 	       5 	        1
   4210102 	     2101 	          02 	          3330 	       555 	       6 	        1 	       555 	       7 	        1 	       555 	       1 	        1 	       555 	       2 	        1 	       555 	       3 	        1 	         0 	       4 	        6 	       555 	       5 	        1
   4210502 	     2105 	          02 	          2550 	       510 	       5 	        1 	       510 	       6 	        1 	       510 	       7 	        1 	       510 	       1 	        1 	         0 	       2 	        6 	         0 	       3 	        6 	       510 	       4 	        1
   4210802 	     2108 	          02 	          2160 	       360 	       6 	        1 	         0 	       7 	        6 	       360 	       1 	        1 	       360 	       2 	        1 	       360 	       3 	        1 	       360 	       4 	        1 	       360 	       5 	        1
   4210804 	     2108 	          04 	          2700 	       450 	       6 	        1 	         0 	       7 	        6 	       450 	       1 	        1 	       450 	       2 	        1 	       450 	       3 	        1 	       450 	       4 	        1 	       450 	       5 	        1
   4211001 	     2110 	          01 	          3150 	         0 	       7 	        6 	       630 	       1 	        1 	       630 	       2 	        1 	       630 	       3 	        1 	       630 	       4 	        1 	       630 	       5 	        1 	         0 	       6 	        6
   4211402 	     2114 	          02 	           540 	         0 	       5 	        6 	       180 	       6 	        1 	         0 	       7 	        6 	       180 	       1 	        1 	         0 	       2 	        6 	         0 	       3 	        6 	       180 	       4 	        1
   4211501 	     2115 	          01 	          2820 	       420 	       5 	        1 	       720 	       6 	        1 	         0 	       7 	        6 	       420 	       1 	        1 	       420 	       2 	        1 	       420 	       3 	        1 	       420 	       4 	        1
   4211503 	     2115 	          03 	          1770 	         0 	       5 	        6 	       510 	       6 	        1 	         0 	       7 	        6 	       510 	       1 	        1 	       240 	       2 	        1 	         0 	       3 	        6 	       510 	       4 	        1
   4211801 	     2118 	          01 	          2880 	         0 	       7 	        6 	       600 	       1 	        1 	       600 	       2 	        1 	       600 	       3 	        1 	       600 	       4 	        1 	       480 	       5 	        1 	         0 	       6 	        6
   4211802 	     2118 	          02 	          2430 	         0 	       7 	        6 	       495 	       1 	        1 	       480 	       2 	        1 	       480 	       3 	        1 	       480 	       4 	        1 	       495 	       5 	        1 	         0 	       6 	        6
   4212002 	     2120 	          02 	           960 	       180 	       1 	        1 	       180 	       2 	        1 	       300 	       3 	        1 	         0 	       4 	        6 	       300 	       5 	        1 	         0 	       6 	        6 	         0 	       7 	        6
   4212301 	     2123 	          01 	             0 	         0 	       4 	        6 	         0 	       5 	        6 	         0 	       6 	        6 	         0 	       7 	        6 	         0 	       1 	        6 	         0 	       2 	        6 	         0 	       3 	        6
   4212302 	     2123 	          02 	           420 	         0 	       4 	        6 	         0 	       5 	        6 	         0 	       6 	        6 	         0 	       7 	        6 	         0 	       1 	        6 	         0 	       2 	        6 	       420 	       3 	        1
   4212701 	     2127 	          01 	          2400 	         0 	       7 	        6 	       480 	       1 	        1 	       480 	       2 	        1 	       480 	       3 	        1 	       480 	       4 	        1 	       480 	       5 	        1 	         0 	       6 	        6
   4212702 	     2127 	          02 	          1350 	         0 	       7 	        6 	       270 	       1 	        1 	       270 	       2 	        1 	       270 	       3 	        1 	       270 	       4 	        1 	       270 	       5 	        1 	         0 	       6 	        6
   4213301 	     2133 	          01 	          2040 	         0 	       3 	        6 	         0 	       4 	        6 	       600 	       5 	        1 	       720 	       6 	        1 	       720 	       7 	        1 	         0 	       1 	        6 	         0 	       2 	        6
   4213302 	     2133 	          02 	          2040 	         0 	       3 	        6 	         0 	       4 	        6 	       600 	       5 	        1 	       720 	       6 	        1 	       720 	       7 	        1 	         0 	       1 	        6 	         0 	       2 	        6
   4214401 	     2144 	          01 	           780 	       240 	       4 	        1 	         0 	       5 	        6 	         0 	       6 	        6 	         0 	       7 	        6 	       240 	       1 	        1 	         0 	       2 	        6 	       300 	       3 	        1
   4214402 	     2144 	          02 	           990 	         0 	       4 	        6 	         0 	       5 	        6 	         0 	       6 	        6 	         0 	       7 	        6 	       330 	       1 	        1 	       330 	       2 	        1 	       330 	       3 	        1
   4214801 	     2148 	          01 	          1920 	         0 	       7 	        6 	       360 	       1 	        1 	       360 	       2 	        1 	       360 	       3 	        1 	       360 	       4 	        1 	       240 	       5 	        1 	       240 	       6 	        1
   4214802 	     2148 	          02 	          3555 	       630 	       7 	        1 	       600 	       1 	        1 	       480 	       2 	        1 	       540 	       3 	        1 	       600 	       4 	        1 	       705 	       5 	        1 	         0 	       6 	        6
   4215001 	     2150 	          01 	          1680 	       345 	       1 	        1 	       345 	       2 	        1 	       345 	       3 	        1 	       465 	       4 	        1 	       180 	       5 	        1 	         0 	       6 	        6 	         0 	       7 	        6
   4215201 	     2152 	          01 	          2700 	       540 	       3 	        1 	       540 	       4 	        1 	       540 	       5 	        1 	         0 	       6 	        6 	         0 	       7 	        6 	       540 	       1 	        1 	       540 	       2 	        1
   4215203 	     2152 	          03 	          2700 	       540 	       3 	        1 	       540 	       4 	        1 	       540 	       5 	        1 	         0 	       6 	        6 	         0 	       7 	        6 	       540 	       1 	        1 	       540 	       2 	        1
   4215401 	     2154 	          01 	             0 	         0 	       3 	        6 	         0 	       4 	        6 	         0 	       5 	        6 	         0 	       6 	        6 	         0 	       7 	        6 	         0 	       1 	        6 	         0 	       2 	        6
   4215602 	     2156 	          02 	          2430 	         0 	       6 	        6 	         0 	       7 	        6 	       420 	       1 	        1 	       720 	       2 	        1 	       600 	       3 	        1 	         0 	       4 	        6 	       690 	       5 	        1
   4215802 	     2158 	          02 	           840 	         0 	       7 	        6 	       120 	       1 	        1 	       120 	       2 	        1 	       120 	       3 	        1 	       120 	       4 	        1 	       360 	       5 	        1 	         0 	       6 	        6
   4216001 	     2160 	          01 	          1440 	       480 	       1 	        1 	       480 	       2 	        1 	       480 	       3 	        1 	         0 	       4 	        6 	         0 	       5 	        6 	         0 	       6 	        6 	         0 	       7 	        6
   4216002 	     2160 	          02 	             0 	         0 	       1 	        6 	         0 	       2 	        6 	         0 	       3 	        6 	         0 	       4 	        6 	         0 	       5 	        6 	         0 	       6 	        6 	         0 	       7 	        6
   4216202 	     2162 	          02 	          1275 	         0 	       2 	        6 	         0 	       3 	        6 	       435 	       4 	        1 	       390 	       5 	        1 	         0 	       6 	        6 	         0 	       7 	        6 	       450 	       1 	        1
   4216301 	     2163 	          01 	          3030 	       510 	       2 	        1 	       480 	       3 	        1 	       480 	       4 	        1 	       480 	       5 	        1 	       540 	       6 	        1 	         0 	       7 	        6 	       540 	       1 	        1
   4216501 	     2165 	          01 	          2505 	         0 	       6 	        6 	         0 	       7 	        6 	       495 	       1 	        1 	       525 	       2 	        1 	       495 	       3 	        1 	       495 	       4 	        1 	       495 	       5 	        1
   4216702 	     2167 	          02 	          2550 	         0 	       7 	        6 	       510 	       1 	        1 	       510 	       2 	        1 	       510 	       3 	        1 	       510 	       4 	        1 	       510 	       5 	        1 	         0 	       6 	        6
   4217001 	     2170 	          01 	          2400 	       480 	       1 	        1 	       480 	       2 	        1 	       480 	       3 	        1 	       480 	       4 	        1 	       480 	       5 	        1 	         0 	       6 	        6 	         0 	       7 	        6
   4217901 	     2179 	          01 	          2400 	       480 	       5 	        1 	         0 	       6 	        6 	         0 	       7 	        6 	       480 	       1 	        1 	       480 	       2 	        1 	       480 	       3 	        1 	       480 	       4 	        1
   4217902 	     2179 	          02 	          2400 	       480 	       5 	        1 	         0 	       6 	        6 	         0 	       7 	        6 	       480 	       1 	        1 	       480 	       2 	        1 	       480 	       3 	        1 	       480 	       4 	        1
   4217903 	     2179 	          03 	          2700 	       540 	       5 	        1 	         0 	       6 	        6 	         0 	       7 	        6 	       540 	       1 	        1 	       540 	       2 	        1 	       540 	       3 	        1 	       540 	       4 	        1
   4218301 	     2183 	          01 	          2475 	         0 	       6 	        6 	         0 	       7 	        6 	       495 	       1 	        1 	       495 	       2 	        1 	       495 	       3 	        1 	       495 	       4 	        1 	       495 	       5 	        1
   4218602 	     2186 	          02 	          3150 	       630 	       1 	        1 	       630 	       2 	        1 	       630 	       3 	        1 	       630 	       4 	        1 	       630 	       5 	        1 	         0 	       6 	        6 	         0 	       7 	        6
   4218701 	     2187 	          01 	          2550 	       510 	       5 	        1 	       510 	       6 	        1 	         0 	       7 	        6 	       450 	       1 	        1 	       510 	       2 	        1 	       510 	       3 	        1 	        60 	       4 	        1
   4219301 	     2193 	          01 	             0 	         0 	       1 	        1 	         0 	       2 	        1 	         0 	       3 	        1 	         0 	       4 	        1 	         0 	       5 	        1 	         0 	       6 	        1 	         0 	       7 	        1
   4219501 	     2195 	          01 	          2400 	       480 	       2 	        1 	       480 	       3 	        1 	       480 	       4 	        1 	       480 	       5 	        1 	         0 	       6 	        6 	         0 	       7 	        6 	       480 	       1 	        1
   4219701 	     2197 	          01 	          3600 	       570 	       2 	        1 	       630 	       3 	        1 	       570 	       4 	        1 	       570 	       5 	        1 	         0 	       6 	        6 	       480 	       7 	        1 	       780 	       1 	        1
   4219702 	     2197 	          02 	          2550 	       510 	       2 	        1 	       510 	       3 	        1 	       510 	       4 	        1 	       510 	       5 	        1 	         0 	       6 	        6 	         0 	       7 	        6 	       510 	       1 	        1
   4220102 	     2201 	          02 	          2460 	       540 	       1 	        1 	       540 	       2 	        1 	       540 	       3 	        1 	       540 	       4 	        1 	       300 	       5 	        1 	         0 	       6 	        6 	         0 	       7 	        6
   4220201 	     2202 	          01 	          2640 	       240 	       1 	        1 	       480 	       2 	        1 	       480 	       3 	        1 	       480 	       4 	        1 	       480 	       5 	        1 	       480 	       6 	        1 	         0 	       7 	        6
   4221901 	     2219 	          01 	          3450 	         0 	       7 	        6 	       630 	       1 	        1 	       630 	       2 	        1 	       630 	       3 	        1 	       630 	       4 	        1 	       630 	       5 	        1 	       300 	       6 	        1
   4221902 	     2219 	          02 	             0 	         0 	       7 	        1 	         0 	       1 	        1 	         0 	       2 	        1 	         0 	       3 	        1 	         0 	       4 	        1 	         0 	       5 	        1 	         0 	       6 	        1
   4221903 	     2219 	          03 	          4260 	       480 	       7 	        1 	       480 	       1 	        1 	       840 	       2 	        1 	         0 	       3 	        6 	       840 	       4 	        1 	       840 	       5 	        1 	       780 	       6 	        1
   4222802 	     2228 	          02 	          2550 	         0 	       6 	        6 	         0 	       7 	        6 	       510 	       1 	        1 	       510 	       2 	        1 	       510 	       3 	        1 	       510 	       4 	        1 	       510 	       5 	        1
   4222901 	     2229 	          01 	          2340 	       690 	       7 	        1 	       480 	       1 	        1 	         0 	       2 	        6 	         0 	       3 	        6 	         0 	       4 	        6 	       480 	       5 	        1 	       690 	       6 	        1
   4223001 	     2230 	          01 	          2400 	         0 	       7 	        6 	       480 	       1 	        1 	       480 	       2 	        1 	       480 	       3 	        1 	       480 	       4 	        1 	       480 	       5 	        1 	         0 	       6 	        6
   4223002 	     2230 	          02 	          1440 	         0 	       7 	        6 	       240 	       1 	        1 	       240 	       2 	        1 	       240 	       3 	        1 	       240 	       4 	        1 	       240 	       5 	        1 	       240 	       6 	        1
   4223401 	     2234 	          01 	          1455 	         0 	       4 	        6 	         0 	       5 	        6 	         0 	       6 	        6 	         0 	       7 	        6 	       465 	       1 	        1 	       510 	       2 	        1 	       480 	       3 	        1
   4224102 	     2241 	          02 	          2040 	       420 	       1 	        1 	       420 	       2 	        1 	       360 	       3 	        1 	       360 	       4 	        1 	       480 	       5 	        1 	         0 	       6 	        6 	         0 	       7 	        6
   4224104 	     2241 	          04 	             0 	         0 	       1 	        1 	         0 	       2 	        1 	         0 	       3 	        1 	         0 	       4 	        1 	         0 	       5 	        1 	         0 	       6 	        1 	         0 	       7 	        1
   4224105 	     2241 	          05 	           240 	         0 	       1 	        6 	       240 	       2 	        1 	         0 	       3 	        6 	         0 	       4 	        6 	         0 	       5 	        6 	         0 	       6 	        6 	         0 	       7 	        6
   4224301 	     2243 	          01 	          3300 	       660 	       4 	        1 	       660 	       5 	        1 	         0 	       6 	        6 	         0 	       7 	        6 	       660 	       1 	        1 	       660 	       2 	        1 	       660 	       3 	        1
   4224702 	     2247 	          02 	          3900 	       300 	       6 	        1 	         0 	       7 	        6 	       720 	       1 	        1 	       720 	       2 	        1 	       720 	       3 	        1 	       720 	       4 	        1 	       720 	       5 	        1
   4224901 	     2249 	          01 	          3300 	         0 	       7 	        6 	       660 	       1 	        1 	       660 	       2 	        1 	       660 	       3 	        1 	       660 	       4 	        1 	       660 	       5 	        1 	         0 	       6 	        6
   4225201 	     2252 	          01 	          2400 	       600 	       1 	        1 	         0 	       2 	        6 	       600 	       3 	        1 	       600 	       4 	        1 	       600 	       5 	        1 	         0 	       6 	        6 	         0 	       7 	        6
   4225202 	     2252 	          02 	             0 	         0 	       1 	        1 	         0 	       2 	        1 	         0 	       3 	        1 	         0 	       4 	        1 	         0 	       5 	        1 	         0 	       6 	        1 	         0 	       7 	        1
   4225301 	     2253 	          01 	             0 	         0 	       3 	        1 	         0 	       4 	        1 	         0 	       5 	        1 	         0 	       6 	        1 	         0 	       7 	        1 	         0 	       1 	        1 	         0 	       2 	        1
   4225302 	     2253 	          02 	          1200 	         0 	       3 	        6 	         0 	       4 	        6 	       360 	       5 	        1 	         0 	       6 	        6 	         0 	       7 	        6 	       420 	       1 	        1 	       420 	       2 	        1
   4225801 	     2258 	          01 	          3405 	         0 	       6 	        6 	         0 	       7 	        6 	       660 	       1 	        1 	       660 	       2 	        1 	       660 	       3 	        1 	       660 	       4 	        1 	       765 	       5 	        1
   4225802 	     2258 	          02 	             0 	         0 	       6 	        1 	         0 	       7 	        1 	         0 	       1 	        1 	         0 	       2 	        1 	         0 	       3 	        1 	         0 	       4 	        1 	         0 	       5 	        1
   4225803 	     2258 	          03 	             0 	         0 	       6 	        6 	         0 	       7 	        6 	         0 	       1 	        6 	         0 	       2 	        6 	         0 	       3 	        6 	         0 	       4 	        6 	         0 	       5 	        6
   4226001 	     2260 	          01 	          1200 	         0 	       7 	        6 	         0 	       1 	        6 	         0 	       2 	        6 	       300 	       3 	        1 	       420 	       4 	        1 	       480 	       5 	        1 	         0 	       6 	        6
   4226401 	     2264 	          01 	          2265 	       330 	       3 	        1 	       540 	       4 	        1 	       420 	       5 	        1 	         0 	       6 	        6 	         0 	       7 	        6 	       450 	       1 	        1 	       525 	       2 	        1
   4226901 	     2269 	          01 	          2520 	       360 	       7 	        1 	       360 	       1 	        1 	       360 	       2 	        1 	       360 	       3 	        1 	       360 	       4 	        1 	       360 	       5 	        1 	       360 	       6 	        1
   4226902 	     2269 	          02 	             0 	         0 	       7 	        1 	         0 	       1 	        1 	         0 	       2 	        1 	         0 	       3 	        1 	         0 	       4 	        1 	         0 	       5 	        1 	         0 	       6 	        1
   4226903 	     2269 	          03 	             0 	         0 	       7 	        1 	         0 	       1 	        1 	         0 	       2 	        1 	         0 	       3 	        1 	         0 	       4 	        1 	         0 	       5 	        1 	         0 	       6 	        1
   4226904 	     2269 	          04 	          3060 	       180 	       7 	        1 	       540 	       1 	        1 	       540 	       2 	        1 	       540 	       3 	        1 	       540 	       4 	        1 	       540 	       5 	        1 	       180 	       6 	        1
   4226906 	     2269 	          06 	          7980 	      1440 	       7 	        1 	      1440 	       1 	        1 	      1440 	       2 	        1 	      1440 	       3 	        1 	         0 	       4 	        6 	       780 	       5 	        1 	      1440 	       6 	        1
   4228401 	     2284 	          01 	          2400 	       480 	       4 	        1 	       480 	       5 	        1 	         0 	       6 	        6 	         0 	       7 	        6 	       480 	       1 	        1 	       480 	       2 	        1 	       480 	       3 	        1
   4228701 	     2287 	          01 	          1680 	         0 	       6 	        6 	         0 	       7 	        6 	       420 	       1 	        1 	       420 	       2 	        1 	       420 	       3 	        1 	       420 	       4 	        1 	         0 	       5 	        6
   4228702 	     2287 	          02 	          3600 	         0 	       6 	        6 	         0 	       7 	        6 	       720 	       1 	        1 	       900 	       2 	        1 	       660 	       3 	        1 	       720 	       4 	        1 	       600 	       5 	        1
   4228901 	     2289 	          01 	          3240 	         0 	       7 	        6 	       570 	       1 	        1 	       540 	       2 	        1 	       510 	       3 	        1 	       540 	       4 	        1 	       540 	       5 	        1 	       540 	       6 	        1
   4228902 	     2289 	          02 	          9120 	      1440 	       7 	        1 	      1440 	       1 	        1 	      1440 	       2 	        1 	      1440 	       3 	        1 	      1440 	       4 	        1 	      1440 	       5 	        1 	       480 	       6 	        1
   4229501 	     2295 	          01 	          2640 	       480 	       2 	        1 	       480 	       3 	        1 	       480 	       4 	        1 	       480 	       5 	        1 	       240 	       6 	        1 	         0 	       7 	        6 	       480 	       1 	        1
   4229502 	     2295 	          02 	           960 	       240 	       2 	        1 	       240 	       3 	        1 	       240 	       4 	        1 	       240 	       5 	        1 	         0 	       6 	        6 	         0 	       7 	        6 	         0 	       1 	        6
   4229601 	     2296 	          01 	           840 	         0 	       6 	        6 	         0 	       7 	        6 	         0 	       1 	        6 	       210 	       2 	        1 	       210 	       3 	        1 	       210 	       4 	        1 	       210 	       5 	        1
   4229702 	     2297 	          02 	          2235 	         0 	       7 	        6 	       375 	       1 	        1 	       375 	       2 	        1 	       405 	       3 	        1 	       360 	       4 	        1 	       720 	       5 	        1 	         0 	       6 	        6
   4230301 	     2303 	          01 	          3540 	       660 	       5 	        1 	         0 	       6 	        6 	         0 	       7 	        6 	       720 	       1 	        1 	       720 	       2 	        1 	       720 	       3 	        1 	       720 	       4 	        1
   4230302 	     2303 	          02 	          2340 	       360 	       5 	        1 	         0 	       6 	        6 	         0 	       7 	        6 	       495 	       1 	        1 	       495 	       2 	        1 	       495 	       3 	        1 	       495 	       4 	        1
   4230401 	     2304 	          01 	          1020 	         0 	       6 	        6 	       360 	       7 	        1 	       660 	       1 	        1 	         0 	       2 	        6 	         0 	       3 	        6 	         0 	       4 	        6 	         0 	       5 	        6
   4230403 	     2304 	          03 	          3000 	         0 	       6 	        6 	       180 	       7 	        1 	       600 	       1 	        1 	       600 	       2 	        1 	       600 	       3 	        1 	       600 	       4 	        1 	       420 	       5 	        1
   4231003 	     2310 	          03 	           600 	         0 	       5 	        6 	         0 	       6 	        6 	         0 	       7 	        6 	       210 	       1 	        1 	       210 	       2 	        1 	       180 	       3 	        1 	         0 	       4 	        6
   4231101 	     2311 	          01 	          1800 	       360 	       5 	        1 	         0 	       6 	        6 	         0 	       7 	        6 	       360 	       1 	        1 	       360 	       2 	        1 	       360 	       3 	        1 	       360 	       4 	        1
   4231401 	     2314 	          01 	          1410 	         0 	       7 	        6 	         0 	       1 	        6 	       180 	       2 	        1 	       180 	       3 	        1 	       180 	       4 	        1 	       180 	       5 	        1 	       690 	       6 	        1
   4231702 	     2317 	          02 	          2550 	       510 	       3 	        1 	       510 	       4 	        1 	       510 	       5 	        1 	         0 	       6 	        6 	         0 	       7 	        6 	       510 	       1 	        1 	       510 	       2 	        1
   4231801 	     2318 	          01 	             0 	         0 	       3 	        1 	         0 	       4 	        1 	         0 	       5 	        1 	         0 	       6 	        1 	         0 	       7 	        1 	         0 	       1 	        1 	         0 	       2 	        1
   4231802 	     2318 	          02 	          2220 	       540 	       3 	        1 	       420 	       4 	        1 	       420 	       5 	        1 	         0 	       6 	        6 	         0 	       7 	        6 	       420 	       1 	        1 	       420 	       2 	        1
   4231803 	     2318 	          03 	          2340 	       480 	       3 	        1 	       480 	       4 	        1 	       480 	       5 	        1 	         0 	       6 	        6 	         0 	       7 	        6 	       420 	       1 	        1 	       480 	       2 	        1
   4232401 	     2324 	          01 	          2400 	       480 	       1 	        1 	       480 	       2 	        1 	       480 	       3 	        1 	       480 	       4 	        1 	       480 	       5 	        1 	         0 	       6 	        6 	         0 	       7 	        6
   4232402 	     2324 	          02 	             0 	         0 	       1 	        1 	         0 	       2 	        1 	         0 	       3 	        1 	         0 	       4 	        1 	         0 	       5 	        1 	         0 	       6 	        1 	         0 	       7 	        1
   4232801 	     2328 	          01 	          2400 	         0 	       6 	        6 	         0 	       7 	        6 	       480 	       1 	        1 	       480 	       2 	        1 	       480 	       3 	        1 	       480 	       4 	        1 	       480 	       5 	        1
   4232802 	     2328 	          02 	          2250 	         0 	       6 	        6 	         0 	       7 	        6 	       420 	       1 	        1 	       420 	       2 	        1 	       570 	       3 	        1 	       420 	       4 	        1 	       420 	       5 	        1
   4233301 	     2333 	          01 	          2625 	       390 	       5 	        1 	         0 	       6 	        6 	         0 	       7 	        6 	       555 	       1 	        1 	       630 	       2 	        1 	       495 	       3 	        1 	       555 	       4 	        1
   4233601 	     2336 	          01 	          1920 	         0 	       6 	        6 	         0 	       7 	        6 	         0 	       1 	        6 	       480 	       2 	        1 	       480 	       3 	        1 	       480 	       4 	        1 	       480 	       5 	        1
   4233702 	     2337 	          02 	           480 	       480 	       7 	        1 	         0 	       1 	        6 	         0 	       2 	        6 	         0 	       3 	        6 	         0 	       4 	        6 	         0 	       5 	        6 	         0 	       6 	        6
   4234101 	     2341 	          01 	          2250 	       450 	       2 	        1 	       450 	       3 	        1 	       450 	       4 	        1 	       450 	       5 	        1 	         0 	       6 	        6 	         0 	       7 	        6 	       450 	       1 	        1
   4234102 	     2341 	          02 	          2280 	       480 	       2 	        1 	       480 	       3 	        1 	       480 	       4 	        1 	       360 	       5 	        1 	         0 	       6 	        6 	         0 	       7 	        6 	       480 	       1 	        1
   4234801 	     2348 	          01 	          1800 	       600 	       1 	        1 	       600 	       2 	        1 	       600 	       3 	        1 	         0 	       4 	        6 	         0 	       5 	        6 	         0 	       6 	        6 	         0 	       7 	        6
   4234902 	     2349 	          02 	           420 	       420 	       5 	        1 	         0 	       6 	        6 	         0 	       7 	        6 	         0 	       1 	        6 	         0 	       2 	        6 	         0 	       3 	        6 	         0 	       4 	        6
   4235401 	     2354 	          01 	          3150 	         0 	       7 	        6 	       630 	       1 	        1 	       630 	       2 	        1 	       630 	       3 	        1 	       630 	       4 	        1 	       630 	       5 	        1 	         0 	       6 	        6
   4236201 	     2362 	          01 	           600 	         0 	       7 	        6 	       150 	       1 	        1 	       150 	       2 	        1 	       150 	       3 	        1 	       150 	       4 	        1 	         0 	       5 	        6 	         0 	       6 	        6
   4236401 	     2364 	          01 	          2850 	       570 	       1 	        1 	       570 	       2 	        1 	       570 	       3 	        1 	       570 	       4 	        1 	       570 	       5 	        1 	         0 	       6 	        6 	         0 	       7 	        6
   4236502 	     2365 	          02 	          2820 	       420 	       5 	        1 	       720 	       6 	        1 	         0 	       7 	        6 	       420 	       1 	        1 	       420 	       2 	        1 	       420 	       3 	        1 	       420 	       4 	        1
   4237101 	     2371 	          01 	           300 	       300 	       7 	        1 	         0 	       1 	        6 	         0 	       2 	        6 	         0 	       3 	        6 	         0 	       4 	        6 	         0 	       5 	        6 	         0 	       6 	        6
   4237501 	     2375 	          01 	          2460 	       480 	       2 	        1 	       480 	       3 	        1 	       480 	       4 	        1 	       480 	       5 	        1 	         0 	       6 	        6 	         0 	       7 	        6 	       540 	       1 	        1
   4237502 	     2375 	          02 	          1680 	       420 	       2 	        1 	       420 	       3 	        1 	       420 	       4 	        1 	       420 	       5 	        1 	         0 	       6 	        6 	         0 	       7 	        6 	         0 	       1 	        6
   4237801 	     2378 	          01 	           480 	         0 	       7 	        6 	         0 	       1 	        6 	       120 	       2 	        1 	       120 	       3 	        1 	       120 	       4 	        1 	       120 	       5 	        1 	         0 	       6 	        6
   4237901 	     2379 	          01 	          3375 	         0 	       7 	        6 	       675 	       1 	        1 	       675 	       2 	        1 	       675 	       3 	        1 	       675 	       4 	        1 	       675 	       5 	        1 	         0 	       6 	        6
   4238402 	     2384 	          02 	          1800 	       360 	       3 	        1 	       360 	       4 	        1 	       360 	       5 	        1 	         0 	       6 	        6 	         0 	       7 	        6 	       360 	       1 	        1 	       360 	       2 	        1
   4238801 	     2388 	          01 	          3840 	         0 	       7 	        6 	       660 	       1 	        1 	       660 	       2 	        1 	       660 	       3 	        1 	       660 	       4 	        1 	       660 	       5 	        1 	       540 	       6 	        1
   4239101 	     2391 	          01 	          2100 	       420 	       5 	        1 	         0 	       6 	        6 	         0 	       7 	        6 	       420 	       1 	        1 	       420 	       2 	        1 	       420 	       3 	        1 	       420 	       4 	        1
   4239201 	     2392 	          01 	          2280 	       420 	       4 	        1 	       420 	       5 	        1 	       480 	       6 	        1 	       120 	       7 	        1 	         0 	       1 	        6 	       420 	       2 	        1 	       420 	       3 	        1
   4239202 	     2392 	          02 	          1800 	       360 	       4 	        1 	       360 	       5 	        1 	         0 	       6 	        6 	         0 	       7 	        6 	       360 	       1 	        1 	       360 	       2 	        1 	       360 	       3 	        1
   4240201 	     2402 	          01 	          2400 	       480 	       5 	        1 	         0 	       6 	        6 	         0 	       7 	        6 	       480 	       1 	        1 	       480 	       2 	        1 	       480 	       3 	        1 	       480 	       4 	        1
   4240203 	     2402 	          03 	           180 	         0 	       5 	        6 	         0 	       6 	        6 	         0 	       7 	        6 	         0 	       1 	        6 	        90 	       2 	        1 	         0 	       3 	        6 	        90 	       4 	        1
   4240303 	     2403 	          03 	          2760 	       420 	       5 	        1 	       420 	       6 	        1 	         0 	       7 	        6 	       420 	       1 	        1 	       420 	       2 	        1 	       420 	       3 	        1 	       660 	       4 	        1
   4240402 	     2404 	          02 	          2400 	         0 	       6 	        6 	         0 	       7 	        6 	       480 	       1 	        1 	       480 	       2 	        1 	       480 	       3 	        1 	       480 	       4 	        1 	       480 	       5 	        1
   4240403 	     2404 	          03 	             0 	         0 	       6 	        1 	         0 	       7 	        1 	         0 	       1 	        1 	         0 	       2 	        1 	         0 	       3 	        1 	         0 	       4 	        1 	         0 	       5 	        1
   4240802 	     2408 	          02 	          1080 	         0 	       1 	        6 	         0 	       2 	        6 	       360 	       3 	        1 	       360 	       4 	        1 	       360 	       5 	        1 	         0 	       6 	        6 	         0 	       7 	        6
   4240901 	     2409 	          01 	          3270 	       645 	       2 	        1 	       615 	       3 	        1 	       540 	       4 	        1 	       495 	       5 	        1 	       300 	       6 	        1 	       120 	       7 	        1 	       555 	       1 	        1
   4240902 	     2409 	          02 	          3960 	       660 	       2 	        1 	       660 	       3 	        1 	       660 	       4 	        1 	       660 	       5 	        1 	       660 	       6 	        1 	         0 	       7 	        6 	       660 	       1 	        1
   4241101 	     2411 	          01 	          2400 	       480 	       2 	        1 	       480 	       3 	        1 	       480 	       4 	        1 	         0 	       5 	        6 	         0 	       6 	        6 	       480 	       7 	        1 	       480 	       1 	        1
   4241103 	     2411 	          03 	          3150 	       450 	       2 	        1 	       450 	       3 	        1 	       450 	       4 	        1 	       450 	       5 	        1 	       450 	       6 	        1 	       450 	       7 	        1 	       450 	       1 	        1
   4241105 	     2411 	          05 	          2550 	       510 	       2 	        1 	       510 	       3 	        1 	       510 	       4 	        1 	       510 	       5 	        1 	       510 	       6 	        1 	         0 	       7 	        6 	         0 	       1 	        6
   4241106 	     2411 	          06 	           600 	       120 	       2 	        1 	       120 	       3 	        1 	       120 	       4 	        1 	       120 	       5 	        1 	         0 	       6 	        6 	         0 	       7 	        6 	       120 	       1 	        1
   4241501 	     2415 	          01 	          3600 	         0 	       7 	        6 	       600 	       1 	        1 	       600 	       2 	        1 	       600 	       3 	        1 	       600 	       4 	        1 	       600 	       5 	        1 	       600 	       6 	        1
   4242001 	     2420 	          01 	             0 	         0 	       6 	        6 	         0 	       7 	        6 	         0 	       1 	        6 	         0 	       2 	        6 	         0 	       3 	        6 	         0 	       4 	        6 	         0 	       5 	        6
   4242002 	     2420 	          02 	          2100 	         0 	       6 	        6 	         0 	       7 	        6 	       420 	       1 	        1 	       420 	       2 	        1 	       420 	       3 	        1 	       420 	       4 	        1 	       420 	       5 	        1
   4242801 	     2428 	          01 	          3900 	         0 	       6 	        6 	         0 	       7 	        6 	       780 	       1 	        1 	       780 	       2 	        1 	       780 	       3 	        1 	       780 	       4 	        1 	       780 	       5 	        1
   4242802 	     2428 	          02 	          1650 	         0 	       6 	        6 	         0 	       7 	        6 	       330 	       1 	        1 	       330 	       2 	        1 	       330 	       3 	        1 	       330 	       4 	        1 	       330 	       5 	        1
   4242901 	     2429 	          01 	          3000 	         0 	       6 	        6 	         0 	       7 	        6 	       600 	       1 	        1 	       600 	       2 	        1 	       600 	       3 	        1 	       600 	       4 	        1 	       600 	       5 	        1
   4242902 	     2429 	          02 	          2385 	         0 	       6 	        6 	       375 	       7 	        1 	       390 	       1 	        1 	       390 	       2 	        1 	       390 	       3 	        1 	       540 	       4 	        1 	       300 	       5 	        1
   4243301 	     2433 	          01 	          1950 	       390 	       4 	        1 	       390 	       5 	        1 	         0 	       6 	        6 	         0 	       7 	        6 	       390 	       1 	        1 	       390 	       2 	        1 	       390 	       3 	        1
   4243302 	     2433 	          02 	          1260 	       420 	       4 	        1 	       420 	       5 	        1 	         0 	       6 	        6 	         0 	       7 	        6 	       420 	       1 	        1 	         0 	       2 	        6 	         0 	       3 	        6
   4243303 	     2433 	          03 	             0 	         0 	       4 	        1 	         0 	       5 	        1 	         0 	       6 	        1 	         0 	       7 	        1 	         0 	       1 	        1 	         0 	       2 	        1 	         0 	       3 	        1
   4243601 	     2436 	          01 	          3450 	       690 	       4 	        1 	       690 	       5 	        1 	         0 	       6 	        6 	         0 	       7 	        6 	       690 	       1 	        1 	       690 	       2 	        1 	       690 	       3 	        1
   4243602 	     2436 	          02 	          1350 	       270 	       4 	        1 	       270 	       5 	        1 	         0 	       6 	        6 	         0 	       7 	        6 	       270 	       1 	        1 	       270 	       2 	        1 	       270 	       3 	        1
   4243801 	     2438 	          01 	             0 	         0 	       6 	        1 	         0 	       7 	        1 	         0 	       1 	        1 	         0 	       2 	        1 	         0 	       3 	        1 	         0 	       4 	        1 	         0 	       5 	        1
   4243802 	     2438 	          02 	             0 	         0 	       6 	        1 	         0 	       7 	        1 	         0 	       1 	        1 	         0 	       2 	        1 	         0 	       3 	        1 	         0 	       4 	        1 	         0 	       5 	        1
   4244001 	     2440 	          01 	             0 	         0 	       7 	        1 	         0 	       1 	        1 	         0 	       2 	        1 	         0 	       3 	        1 	         0 	       4 	        1 	         0 	       5 	        1 	         0 	       6 	        1
   4244002 	     2440 	          02 	          2400 	         0 	       7 	        6 	       480 	       1 	        1 	       480 	       2 	        1 	       480 	       3 	        1 	       480 	       4 	        1 	       480 	       5 	        1 	         0 	       6 	        6
   4245001 	     2450 	          01 	          2400 	         0 	       7 	        6 	       480 	       1 	        1 	       480 	       2 	        1 	       480 	       3 	        1 	       480 	       4 	        1 	       480 	       5 	        1 	         0 	       6 	        6
   4245002 	     2450 	          02 	          2400 	         0 	       7 	        6 	       480 	       1 	        1 	       480 	       2 	        1 	       480 	       3 	        1 	       480 	       4 	        1 	       480 	       5 	        1 	         0 	       6 	        6
   4245201 	     2452 	          01 	          2400 	       480 	       1 	        1 	       480 	       2 	        1 	       480 	       3 	        1 	       480 	       4 	        1 	       480 	       5 	        1 	         0 	       6 	        6 	         0 	       7 	        6
   4245402 	     2454 	          02 	          2400 	       480 	       5 	        1 	         0 	       6 	        6 	         0 	       7 	        6 	       480 	       1 	        1 	       480 	       2 	        1 	       480 	       3 	        1 	       480 	       4 	        1
   4245801 	     2458 	          01 	          2880 	         0 	       7 	        6 	       480 	       1 	        1 	       480 	       2 	        1 	       480 	       3 	        1 	       480 	       4 	        1 	       480 	       5 	        1 	       480 	       6 	        1
   4245802 	     2458 	          02 	          2880 	         0 	       7 	        6 	       540 	       1 	        1 	       420 	       2 	        1 	       480 	       3 	        1 	       480 	       4 	        1 	       480 	       5 	        1 	       480 	       6 	        1
   4245901 	     2459 	          01 	          2820 	         0 	       1 	        6 	       510 	       2 	        1 	       510 	       3 	        1 	       450 	       4 	        1 	       450 	       5 	        1 	       450 	       6 	        1 	       450 	       7 	        1
   4245902 	     2459 	          02 	          3000 	       600 	       1 	        1 	       600 	       2 	        1 	       600 	       3 	        1 	       600 	       4 	        1 	       600 	       5 	        1 	         0 	       6 	        6 	         0 	       7 	        6
   4246201 	     2462 	          01 	          1800 	       360 	       3 	        1 	       360 	       4 	        1 	       360 	       5 	        1 	         0 	       6 	        6 	         0 	       7 	        6 	       360 	       1 	        1 	       360 	       2 	        1
   4246202 	     2462 	          02 	          3660 	       690 	       3 	        1 	       750 	       4 	        1 	       750 	       5 	        1 	         0 	       6 	        6 	         0 	       7 	        6 	       780 	       1 	        1 	       690 	       2 	        1
   4246701 	     2467 	          01 	          3450 	       630 	       1 	        1 	       750 	       2 	        1 	       690 	       3 	        1 	       690 	       4 	        1 	       690 	       5 	        1 	         0 	       6 	        6 	         0 	       7 	        6
   4246702 	     2467 	          02 	          1920 	       360 	       1 	        1 	       360 	       2 	        1 	       420 	       3 	        1 	       420 	       4 	        1 	       360 	       5 	        1 	         0 	       6 	        6 	         0 	       7 	        6
   4247102 	     2471 	          02 	          4620 	       660 	       3 	        1 	       750 	       4 	        1 	       660 	       5 	        1 	       660 	       6 	        1 	       660 	       7 	        1 	       600 	       1 	        1 	       630 	       2 	        1
   4247103 	     2471 	          03 	          1980 	         0 	       3 	        6 	         0 	       4 	        6 	       660 	       5 	        1 	       660 	       6 	        1 	       660 	       7 	        1 	         0 	       1 	        6 	         0 	       2 	        6
   4247201 	     2472 	          01 	          2730 	         0 	       6 	        6 	         0 	       7 	        6 	       570 	       1 	        1 	       570 	       2 	        1 	       570 	       3 	        1 	       570 	       4 	        1 	       450 	       5 	        1
   4247202 	     2472 	          02 	          2280 	         0 	       6 	        6 	         0 	       7 	        6 	       480 	       1 	        1 	       480 	       2 	        1 	       480 	       3 	        1 	       480 	       4 	        1 	       360 	       5 	        1
   4247302 	     2473 	          02 	          2850 	         0 	       7 	        6 	       570 	       1 	        1 	       570 	       2 	        1 	       570 	       3 	        1 	       570 	       4 	        1 	       570 	       5 	        1 	         0 	       6 	        6
   4247401 	     2474 	          01 	          1380 	         0 	       7 	        6 	       180 	       1 	        1 	       180 	       2 	        1 	       180 	       3 	        1 	       660 	       4 	        1 	       180 	       5 	        1 	         0 	       6 	        6
   4247403 	     2474 	          03 	          2580 	         0 	       7 	        6 	       540 	       1 	        1 	       480 	       2 	        1 	       480 	       3 	        1 	       510 	       4 	        1 	       570 	       5 	        1 	         0 	       6 	        6
   4247702 	     2477 	          02 	          1440 	         0 	       5 	        6 	         0 	       6 	        6 	         0 	       7 	        6 	         0 	       1 	        6 	       480 	       2 	        1 	       480 	       3 	        1 	       480 	       4 	        1
   4248401 	     2484 	          01 	          2880 	       480 	       1 	        1 	       480 	       2 	        1 	       480 	       3 	        1 	       480 	       4 	        1 	       480 	       5 	        1 	       480 	       6 	        1 	         0 	       7 	        6
   4248901 	     2489 	          01 	           540 	       360 	       7 	        1 	         0 	       1 	        6 	         0 	       2 	        6 	         0 	       3 	        6 	         0 	       4 	        6 	       180 	       5 	        1 	         0 	       6 	        6
   4249101 	     2491 	          01 	          1200 	       300 	       1 	        1 	       300 	       2 	        1 	       300 	       3 	        1 	         0 	       4 	        6 	       300 	       5 	        1 	         0 	       6 	        6 	         0 	       7 	        6
   4249102 	     2491 	          02 	          1920 	       480 	       1 	        1 	       480 	       2 	        1 	       480 	       3 	        1 	         0 	       4 	        6 	       480 	       5 	        1 	         0 	       6 	        6 	         0 	       7 	        6
   4249302 	     2493 	          02 	          1200 	       240 	       4 	        1 	       240 	       5 	        1 	         0 	       6 	        6 	         0 	       7 	        6 	       240 	       1 	        1 	       240 	       2 	        1 	       240 	       3 	        1
   4249801 	     2498 	          01 	           540 	         0 	       7 	        6 	       120 	       1 	        1 	       180 	       2 	        1 	        60 	       3 	        1 	       120 	       4 	        1 	        60 	       5 	        1 	         0 	       6 	        6
   4250901 	     2509 	          01 	          2400 	       480 	       4 	        1 	       480 	       5 	        1 	         0 	       6 	        6 	         0 	       7 	        6 	       480 	       1 	        1 	       480 	       2 	        1 	       480 	       3 	        1
   4250902 	     2509 	          02 	          2340 	       540 	       4 	        1 	       360 	       5 	        1 	       360 	       6 	        1 	       360 	       7 	        1 	       360 	       1 	        1 	       360 	       2 	        1 	         0 	       3 	        6
   4251001 	     2510 	          01 	          2160 	       300 	       4 	        1 	       420 	       5 	        1 	       420 	       6 	        1 	       420 	       7 	        1 	         0 	       1 	        6 	       300 	       2 	        1 	       300 	       3 	        1
   4251401 	     2514 	          01 	          2700 	         0 	       7 	        6 	       540 	       1 	        1 	       540 	       2 	        1 	       540 	       3 	        1 	       540 	       4 	        1 	       540 	       5 	        1 	         0 	       6 	        6
   4251701 	     2517 	          01 	          3360 	       480 	       4 	        1 	       720 	       5 	        1 	       720 	       6 	        1 	       480 	       7 	        1 	         0 	       1 	        6 	       480 	       2 	        1 	       480 	       3 	        1
   4251702 	     2517 	          02 	          1620 	         0 	       4 	        6 	       300 	       5 	        1 	       300 	       6 	        1 	       480 	       7 	        1 	         0 	       1 	        6 	         0 	       2 	        6 	       540 	       3 	        1
   4251802 	     2518 	          02 	          2775 	       555 	       4 	        1 	       555 	       5 	        1 	         0 	       6 	        6 	         0 	       7 	        6 	       555 	       1 	        1 	       555 	       2 	        1 	       555 	       3 	        1
   4252201 	     2522 	          01 	           720 	         0 	       7 	        6 	       180 	       1 	        1 	         0 	       2 	        6 	       360 	       3 	        1 	         0 	       4 	        6 	       180 	       5 	        1 	         0 	       6 	        6
   4252202 	     2522 	          02 	          2700 	         0 	       7 	        6 	       600 	       1 	        1 	       360 	       2 	        1 	       360 	       3 	        1 	       360 	       4 	        1 	       360 	       5 	        1 	       660 	       6 	        1
   4252501 	     2525 	          01 	          1440 	       480 	       3 	        1 	       480 	       4 	        1 	       480 	       5 	        1 	         0 	       6 	        6 	         0 	       7 	        6 	         0 	       1 	        6 	         0 	       2 	        6
   4253402 	     2534 	          02 	          1470 	       240 	       4 	        1 	       240 	       5 	        1 	         0 	       6 	        6 	       240 	       7 	        1 	       270 	       1 	        1 	       240 	       2 	        1 	       240 	       3 	        1
   4253501 	     2535 	          01 	           240 	         0 	       4 	        6 	         0 	       5 	        6 	         0 	       6 	        6 	         0 	       7 	        6 	         0 	       1 	        6 	         0 	       2 	        6 	       240 	       3 	        1
   4254001 	     2540 	          01 	          2640 	       420 	       1 	        1 	       420 	       2 	        1 	       420 	       3 	        1 	       420 	       4 	        1 	         0 	       5 	        6 	       480 	       6 	        1 	       480 	       7 	        1
   4254002 	     2540 	          02 	          2400 	       480 	       1 	        1 	       480 	       2 	        1 	       480 	       3 	        1 	       480 	       4 	        1 	       480 	       5 	        1 	         0 	       6 	        6 	         0 	       7 	        6
   4254901 	     2549 	          01 	          2550 	       510 	       4 	        1 	       510 	       5 	        1 	         0 	       6 	        6 	         0 	       7 	        6 	       510 	       1 	        1 	       510 	       2 	        1 	       510 	       3 	        1
   4254902 	     2549 	          02 	          3060 	         0 	       4 	        6 	       450 	       5 	        1 	       570 	       6 	        1 	       330 	       7 	        1 	       810 	       1 	        1 	       450 	       2 	        1 	       450 	       3 	        1
   4255101 	     2551 	          01 	          1980 	       360 	       4 	        1 	       360 	       5 	        1 	         0 	       6 	        6 	         0 	       7 	        6 	       540 	       1 	        1 	       360 	       2 	        1 	       360 	       3 	        1
   4255103 	     2551 	          03 	          2550 	       510 	       4 	        1 	       510 	       5 	        1 	         0 	       6 	        6 	         0 	       7 	        6 	       510 	       1 	        1 	       510 	       2 	        1 	       510 	       3 	        1
   4255901 	     2559 	          01 	          2520 	       420 	       4 	        1 	       420 	       5 	        1 	       420 	       6 	        1 	         0 	       7 	        6 	       420 	       1 	        1 	       420 	       2 	        1 	       420 	       3 	        1
   4255902 	     2559 	          02 	          2880 	       480 	       4 	        1 	       480 	       5 	        1 	       480 	       6 	        1 	         0 	       7 	        6 	       480 	       1 	        1 	       480 	       2 	        1 	       480 	       3 	        1
   4256802 	     2568 	          02 	          1950 	         0 	       6 	        6 	         0 	       7 	        6 	       390 	       1 	        1 	       390 	       2 	        1 	       390 	       3 	        1 	       390 	       4 	        1 	       390 	       5 	        1
   4257201 	     2572 	          01 	             0 	         0 	       1 	        1 	         0 	       2 	        1 	         0 	       3 	        1 	         0 	       4 	        1 	         0 	       5 	        1 	         0 	       6 	        1 	         0 	       7 	        1
   4257301 	     2573 	          01 	          1260 	         0 	       3 	        6 	         0 	       4 	        6 	         0 	       5 	        6 	         0 	       6 	        6 	         0 	       7 	        6 	       630 	       1 	        1 	       630 	       2 	        1
   4257302 	     2573 	          02 	           480 	         0 	       3 	        6 	         0 	       4 	        6 	         0 	       5 	        6 	         0 	       6 	        6 	         0 	       7 	        6 	       240 	       1 	        1 	       240 	       2 	        1
   4257401 	     2574 	          01 	          2700 	       540 	       3 	        1 	       540 	       4 	        1 	       540 	       5 	        1 	         0 	       6 	        6 	         0 	       7 	        6 	       540 	       1 	        1 	       540 	       2 	        1
   4258102 	     2581 	          02 	          4920 	       825 	       3 	        1 	       825 	       4 	        1 	       825 	       5 	        1 	       795 	       6 	        1 	         0 	       7 	        6 	       825 	       1 	        1 	       825 	       2 	        1
   4258201 	     2582 	          01 	          2700 	       420 	       3 	        1 	       420 	       4 	        1 	       420 	       5 	        1 	       600 	       6 	        1 	         0 	       7 	        6 	       420 	       1 	        1 	       420 	       2 	        1
   4258601 	     2586 	          01 	           360 	         0 	       7 	        6 	       120 	       1 	        1 	         0 	       2 	        6 	       120 	       3 	        1 	         0 	       4 	        6 	       120 	       5 	        1 	         0 	       6 	        6
   4261701 	     2617 	          01 	          2880 	       480 	       2 	        1 	       480 	       3 	        1 	       480 	       4 	        1 	       480 	       5 	        1 	       480 	       6 	        1 	       480 	       7 	        1 	         0 	       1 	        6
   4261901 	     2619 	          01 	          2550 	       510 	       2 	        1 	       510 	       3 	        1 	       510 	       4 	        1 	       510 	       5 	        1 	         0 	       6 	        6 	         0 	       7 	        6 	       510 	       1 	        1
   4262501 	     2625 	          01 	          3015 	       630 	       1 	        1 	       630 	       2 	        1 	       690 	       3 	        1 	       585 	       4 	        1 	       480 	       5 	        1 	         0 	       6 	        6 	         0 	       7 	        6
   4262601 	     2626 	          01 	          3360 	       675 	       1 	        1 	       690 	       2 	        1 	       690 	       3 	        1 	       630 	       4 	        1 	       675 	       5 	        1 	         0 	       6 	        6 	         0 	       7 	        6
   4262602 	     2626 	          02 	          2265 	       465 	       1 	        1 	       450 	       2 	        1 	       465 	       3 	        1 	       435 	       4 	        1 	       450 	       5 	        1 	         0 	       6 	        6 	         0 	       7 	        6
   4262701 	     2627 	          01 	          3600 	       600 	       5 	        1 	       600 	       6 	        1 	         0 	       7 	        6 	       600 	       1 	        1 	       600 	       2 	        1 	       600 	       3 	        1 	       600 	       4 	        1
   4263002 	     2630 	          02 	          1500 	       300 	       5 	        1 	         0 	       6 	        6 	         0 	       7 	        6 	       300 	       1 	        1 	       300 	       2 	        1 	       300 	       3 	        1 	       300 	       4 	        1
   4263003 	     2630 	          03 	             0 	         0 	       5 	        1 	         0 	       6 	        1 	         0 	       7 	        1 	         0 	       1 	        1 	         0 	       2 	        1 	         0 	       3 	        1 	         0 	       4 	        1
   4263401 	     2634 	          01 	          1980 	         0 	       7 	        6 	       420 	       1 	        1 	       420 	       2 	        1 	       390 	       3 	        1 	       450 	       4 	        1 	       300 	       5 	        1 	         0 	       6 	        6
   4263501 	     2635 	          01 	          2265 	       450 	       1 	        1 	       255 	       2 	        1 	       450 	       3 	        1 	         0 	       4 	        6 	         0 	       5 	        6 	       480 	       6 	        1 	       630 	       7 	        1
   4263702 	     2637 	          02 	          1800 	       360 	       5 	        1 	         0 	       6 	        6 	         0 	       7 	        6 	       360 	       1 	        1 	       360 	       2 	        1 	       360 	       3 	        1 	       360 	       4 	        1
   4263901 	     2639 	          01 	          2790 	       390 	       5 	        1 	         0 	       6 	        6 	       210 	       7 	        1 	       465 	       1 	        1 	       570 	       2 	        1 	       525 	       3 	        1 	       630 	       4 	        1
   4263902 	     2639 	          02 	          2100 	       420 	       5 	        1 	         0 	       6 	        6 	         0 	       7 	        6 	       420 	       1 	        1 	       420 	       2 	        1 	       420 	       3 	        1 	       420 	       4 	        1
   4264101 	     2641 	          01 	          2250 	         0 	       6 	        6 	         0 	       7 	        6 	       450 	       1 	        1 	       450 	       2 	        1 	       450 	       3 	        1 	       450 	       4 	        1 	       450 	       5 	        1
   4264102 	     2641 	          02 	          2400 	         0 	       6 	        6 	         0 	       7 	        6 	       480 	       1 	        1 	       480 	       2 	        1 	       480 	       3 	        1 	       480 	       4 	        1 	       480 	       5 	        1
   4264701 	     2647 	          01 	          3840 	       630 	       5 	        1 	       240 	       6 	        1 	         0 	       7 	        6 	       765 	       1 	        1 	       870 	       2 	        1 	       645 	       3 	        1 	       690 	       4 	        1
   4264702 	     2647 	          02 	          2415 	       435 	       5 	        1 	       240 	       6 	        1 	         0 	       7 	        6 	       450 	       1 	        1 	       420 	       2 	        1 	       420 	       3 	        1 	       450 	       4 	        1
   4264801 	     2648 	          01 	          3060 	         0 	       5 	        6 	       570 	       6 	        1 	       570 	       7 	        1 	       450 	       1 	        1 	       450 	       2 	        1 	       450 	       3 	        1 	       570 	       4 	        1
   4265401 	     2654 	          01 	          2460 	         0 	       7 	        6 	       480 	       1 	        1 	       480 	       2 	        1 	       480 	       3 	        1 	       540 	       4 	        1 	       480 	       5 	        1 	         0 	       6 	        6
   4265901 	     2659 	          01 	          2160 	       225 	       2 	        1 	         0 	       3 	        6 	       495 	       4 	        1 	       495 	       5 	        1 	       270 	       6 	        1 	       180 	       7 	        1 	       495 	       1 	        1
   4266103 	     2661 	          03 	          1020 	       120 	       6 	        1 	       180 	       7 	        1 	       120 	       1 	        1 	       120 	       2 	        1 	       120 	       3 	        1 	       180 	       4 	        1 	       180 	       5 	        1
   4266303 	     2663 	          03 	          1290 	         0 	       7 	        6 	         0 	       1 	        6 	         0 	       2 	        6 	       240 	       3 	        1 	       240 	       4 	        1 	       240 	       5 	        1 	       570 	       6 	        1
   4266802 	     2668 	          02 	           540 	         0 	       2 	        6 	         0 	       3 	        6 	         0 	       4 	        6 	         0 	       5 	        6 	         0 	       6 	        6 	         0 	       7 	        6 	       540 	       1 	        1
   4267501 	     2675 	          01 	          2550 	       570 	       1 	        1 	       570 	       2 	        1 	       570 	       3 	        1 	       570 	       4 	        1 	       270 	       5 	        1 	         0 	       6 	        6 	         0 	       7 	        6
   4267802 	     2678 	          02 	          1605 	       210 	       5 	        1 	         0 	       6 	        6 	         0 	       7 	        6 	       360 	       1 	        1 	       360 	       2 	        1 	       240 	       3 	        1 	       435 	       4 	        1
   4268001 	     2680 	          01 	          2595 	       375 	       5 	        1 	         0 	       6 	        6 	         0 	       7 	        6 	       555 	       1 	        1 	       555 	       2 	        1 	       555 	       3 	        1 	       555 	       4 	        1
   4268201 	     2682 	          01 	          2520 	         0 	       6 	        6 	         0 	       7 	        6 	       540 	       1 	        1 	       570 	       2 	        1 	       510 	       3 	        1 	       540 	       4 	        1 	       360 	       5 	        1
   4268202 	     2682 	          02 	          1500 	         0 	       6 	        6 	         0 	       7 	        6 	       300 	       1 	        1 	       300 	       2 	        1 	       300 	       3 	        1 	       300 	       4 	        1 	       300 	       5 	        1
   4268401 	     2684 	          01 	          2100 	         0 	       7 	        6 	       420 	       1 	        1 	       420 	       2 	        1 	       420 	       3 	        1 	       420 	       4 	        1 	       420 	       5 	        1 	         0 	       6 	        6
   4268501 	     2685 	          01 	          3420 	       600 	       1 	        1 	       600 	       2 	        1 	       600 	       3 	        1 	       600 	       4 	        1 	       600 	       5 	        1 	       420 	       6 	        1 	         0 	       7 	        6
   4268502 	     2685 	          02 	          2400 	       480 	       1 	        1 	       480 	       2 	        1 	       480 	       3 	        1 	       480 	       4 	        1 	       480 	       5 	        1 	         0 	       6 	        6 	         0 	       7 	        6
   4268601 	     2686 	          01 	          2625 	       375 	       1 	        1 	       390 	       2 	        1 	       420 	       3 	        1 	       390 	       4 	        1 	       390 	       5 	        1 	       660 	       6 	        1 	         0 	       7 	        6
   4269001 	     2690 	          01 	          3000 	       600 	       5 	        1 	         0 	       6 	        6 	         0 	       7 	        6 	       600 	       1 	        1 	       600 	       2 	        1 	       600 	       3 	        1 	       600 	       4 	        1
   4269101 	     2691 	          01 	          2400 	       300 	       6 	        1 	         0 	       7 	        6 	       420 	       1 	        1 	       420 	       2 	        1 	       420 	       3 	        1 	       420 	       4 	        1 	       420 	       5 	        1
   4269801 	     2698 	          01 	          2100 	       420 	       2 	        1 	       420 	       3 	        1 	       420 	       4 	        1 	       420 	       5 	        1 	         0 	       6 	        6 	         0 	       7 	        6 	       420 	       1 	        1
   4269802 	     2698 	          02 	          1350 	       450 	       2 	        1 	         0 	       3 	        6 	       450 	       4 	        1 	       450 	       5 	        1 	         0 	       6 	        6 	         0 	       7 	        6 	         0 	       1 	        6
   4270001 	     2700 	          01 	             0 	         0 	       2 	        6 	         0 	       3 	        6 	         0 	       4 	        6 	         0 	       5 	        6 	         0 	       6 	        6 	         0 	       7 	        6 	         0 	       1 	        6
   4270002 	     2700 	          02 	             0 	         0 	       2 	        6 	         0 	       3 	        6 	         0 	       4 	        6 	         0 	       5 	        6 	         0 	       6 	        6 	         0 	       7 	        6 	         0 	       1 	        6
   4270701 	     2707 	          01 	          3240 	       600 	       5 	        1 	       480 	       6 	        1 	         0 	       7 	        6 	       585 	       1 	        1 	       495 	       2 	        1 	       525 	       3 	        1 	       555 	       4 	        1
   4271001 	     2710 	          01 	          2100 	       420 	       5 	        1 	         0 	       6 	        6 	         0 	       7 	        6 	       420 	       1 	        1 	       420 	       2 	        1 	       420 	       3 	        1 	       420 	       4 	        1
   4271201 	     2712 	          01 	          1590 	         0 	       6 	        6 	         0 	       7 	        6 	       330 	       1 	        1 	       375 	       2 	        1 	       210 	       3 	        1 	       345 	       4 	        1 	       330 	       5 	        1
   4271301 	     2713 	          01 	          3000 	         0 	       7 	        6 	       540 	       1 	        1 	       540 	       2 	        1 	       540 	       3 	        1 	       540 	       4 	        1 	       540 	       5 	        1 	       300 	       6 	        1
   4271302 	     2713 	          02 	          2640 	         0 	       7 	        6 	       420 	       1 	        1 	       420 	       2 	        1 	       420 	       3 	        1 	       420 	       4 	        1 	       420 	       5 	        1 	       540 	       6 	        1
   4271401 	     2714 	          01 	          2550 	         0 	       7 	        6 	       510 	       1 	        1 	       510 	       2 	        1 	       510 	       3 	        1 	       510 	       4 	        1 	       510 	       5 	        1 	         0 	       6 	        6
   4271402 	     2714 	          02 	          2400 	         0 	       7 	        6 	       480 	       1 	        1 	       480 	       2 	        1 	       480 	       3 	        1 	       480 	       4 	        1 	       480 	       5 	        1 	         0 	       6 	        6
   4272001 	     2720 	          01 	          2100 	       420 	       2 	        1 	       420 	       3 	        1 	       420 	       4 	        1 	       420 	       5 	        1 	         0 	       6 	        6 	         0 	       7 	        6 	       420 	       1 	        1
   4272101 	     2721 	          01 	          1890 	         0 	       6 	        6 	         0 	       7 	        6 	       450 	       1 	        1 	       390 	       2 	        1 	       270 	       3 	        1 	       390 	       4 	        1 	       390 	       5 	        1
   4272102 	     2721 	          02 	          2475 	         0 	       6 	        6 	         0 	       7 	        6 	       495 	       1 	        1 	       495 	       2 	        1 	       495 	       3 	        1 	       495 	       4 	        1 	       495 	       5 	        1
   4273301 	     2733 	          01 	          2550 	         0 	       7 	        6 	       510 	       1 	        1 	       510 	       2 	        1 	       510 	       3 	        1 	       510 	       4 	        1 	       510 	       5 	        1 	         0 	       6 	        6
   4273302 	     2733 	          02 	          1950 	         0 	       7 	        6 	       390 	       1 	        1 	       390 	       2 	        1 	       390 	       3 	        1 	       390 	       4 	        1 	       390 	       5 	        1 	         0 	       6 	        6
   4273503 	     2735 	          03 	          2790 	       510 	       1 	        1 	       510 	       2 	        1 	       510 	       3 	        1 	       630 	       4 	        1 	       630 	       5 	        1 	         0 	       6 	        6 	         0 	       7 	        6
   4273602 	     2736 	          02 	          4440 	       750 	       1 	        1 	       750 	       2 	        1 	       750 	       3 	        1 	       750 	       4 	        1 	       750 	       5 	        1 	       540 	       6 	        1 	       150 	       7 	        1
   4274301 	     2743 	          01 	          3090 	       555 	       1 	        1 	       555 	       2 	        1 	       540 	       3 	        1 	       540 	       4 	        1 	         0 	       5 	        6 	       540 	       6 	        1 	       360 	       7 	        1
   4275201 	     2752 	          01 	          2640 	       660 	       1 	        1 	       660 	       2 	        1 	       660 	       3 	        1 	       660 	       4 	        1 	         0 	       5 	        6 	         0 	       6 	        6 	         0 	       7 	        6
   4275202 	     2752 	          02 	          1320 	       330 	       1 	        1 	       330 	       2 	        1 	       330 	       3 	        1 	       330 	       4 	        1 	         0 	       5 	        6 	         0 	       6 	        6 	         0 	       7 	        6
   4275402 	     2754 	          02 	          2550 	       510 	       3 	        1 	       510 	       4 	        1 	       510 	       5 	        1 	         0 	       6 	        6 	         0 	       7 	        6 	       510 	       1 	        1 	       510 	       2 	        1
   4276101 	     2761 	          01 	          2040 	         0 	       5 	        6 	         0 	       6 	        6 	         0 	       7 	        6 	       510 	       1 	        1 	       510 	       2 	        1 	       510 	       3 	        1 	       510 	       4 	        1
   4276102 	     2761 	          02 	          1830 	       510 	       5 	        1 	       660 	       6 	        1 	       660 	       7 	        1 	         0 	       1 	        6 	         0 	       2 	        6 	         0 	       3 	        6 	         0 	       4 	        6
   4276302 	     2763 	          02 	          1440 	       480 	       5 	        1 	         0 	       6 	        6 	         0 	       7 	        6 	       480 	       1 	        1 	       480 	       2 	        1 	         0 	       3 	        6 	         0 	       4 	        6
   4276401 	     2764 	          01 	          1380 	       270 	       6 	        1 	         0 	       7 	        6 	       210 	       1 	        1 	       210 	       2 	        1 	       210 	       3 	        1 	       210 	       4 	        1 	       270 	       5 	        1
   4276402 	     2764 	          02 	           480 	         0 	       6 	        6 	       180 	       7 	        1 	         0 	       1 	        6 	       180 	       2 	        1 	         0 	       3 	        6 	       120 	       4 	        1 	         0 	       5 	        6
   4276502 	     2765 	          02 	          2400 	         0 	       7 	        6 	       480 	       1 	        1 	       480 	       2 	        1 	       480 	       3 	        1 	       480 	       4 	        1 	       480 	       5 	        1 	         0 	       6 	        6
   4276702 	     2767 	          02 	          3570 	         0 	       1 	        6 	       810 	       2 	        1 	       600 	       3 	        1 	       510 	       4 	        1 	       570 	       5 	        1 	       510 	       6 	        1 	       570 	       7 	        1
   4276801 	     2768 	          01 	          3330 	       540 	       1 	        1 	       540 	       2 	        1 	       540 	       3 	        1 	       540 	       4 	        1 	       540 	       5 	        1 	       300 	       6 	        1 	       330 	       7 	        1
   4276802 	     2768 	          02 	          3090 	       570 	       1 	        1 	       510 	       2 	        1 	       690 	       3 	        1 	       510 	       4 	        1 	       510 	       5 	        1 	       240 	       6 	        1 	        60 	       7 	        1
   4277003 	     2770 	          03 	           600 	       120 	       3 	        1 	         0 	       4 	        6 	       120 	       5 	        1 	         0 	       6 	        6 	         0 	       7 	        6 	       120 	       1 	        1 	       240 	       2 	        1
   4277101 	     2771 	          01 	          2790 	       450 	       3 	        1 	       510 	       4 	        1 	       450 	       5 	        1 	         0 	       6 	        6 	         0 	       7 	        6 	       930 	       1 	        1 	       450 	       2 	        1
   4277501 	     2775 	          01 	          2100 	         0 	       1 	        6 	       420 	       2 	        1 	       420 	       3 	        1 	       420 	       4 	        1 	       420 	       5 	        1 	       420 	       6 	        1 	         0 	       7 	        6
   4277503 	     2775 	          03 	          1560 	       360 	       1 	        1 	         0 	       2 	        6 	         0 	       3 	        6 	         0 	       4 	        6 	       240 	       5 	        1 	       480 	       6 	        1 	       480 	       7 	        1
   4277601 	     2776 	          01 	          1680 	       300 	       1 	        1 	       300 	       2 	        1 	       300 	       3 	        1 	       300 	       4 	        1 	       300 	       5 	        1 	         0 	       6 	        6 	       180 	       7 	        1
   4277602 	     2776 	          02 	          3000 	       570 	       1 	        1 	       690 	       2 	        1 	       570 	       3 	        1 	       570 	       4 	        1 	       600 	       5 	        1 	         0 	       6 	        6 	         0 	       7 	        6
   4277702 	     2777 	          02 	          2400 	       480 	       4 	        1 	       480 	       5 	        1 	         0 	       6 	        6 	         0 	       7 	        6 	       480 	       1 	        1 	       480 	       2 	        1 	       480 	       3 	        1
   4277703 	     2777 	          03 	          2310 	       465 	       4 	        1 	       465 	       5 	        1 	       465 	       6 	        1 	         0 	       7 	        6 	         0 	       1 	        6 	       465 	       2 	        1 	       450 	       3 	        1
   4277901 	     2779 	          01 	          2160 	       480 	       3 	        1 	       240 	       4 	        1 	       480 	       5 	        1 	         0 	       6 	        6 	       480 	       7 	        1 	         0 	       1 	        6 	       480 	       2 	        1
   4277902 	     2779 	          02 	          2400 	       480 	       3 	        1 	       480 	       4 	        1 	         0 	       5 	        6 	         0 	       6 	        6 	       480 	       7 	        1 	       480 	       1 	        1 	       480 	       2 	        1
   4278101 	     2781 	          01 	          2700 	         0 	       7 	        6 	       540 	       1 	        1 	       540 	       2 	        1 	       540 	       3 	        1 	       540 	       4 	        1 	       540 	       5 	        1 	         0 	       6 	        6
   4278102 	     2781 	          02 	          2490 	         0 	       7 	        6 	       540 	       1 	        1 	       540 	       2 	        1 	       480 	       3 	        1 	       570 	       4 	        1 	       360 	       5 	        1 	         0 	       6 	        6
   4278302 	     2783 	          02 	          3480 	       960 	       1 	        1 	       600 	       2 	        1 	       480 	       3 	        1 	       660 	       4 	        1 	       660 	       5 	        1 	       120 	       6 	        1 	         0 	       7 	        6
   4278601 	     2786 	          01 	          1080 	       360 	       3 	        1 	         0 	       4 	        6 	       360 	       5 	        1 	         0 	       6 	        6 	         0 	       7 	        6 	       360 	       1 	        1 	         0 	       2 	        6
   4278602 	     2786 	          02 	          2400 	       600 	       3 	        1 	         0 	       4 	        6 	       600 	       5 	        1 	         0 	       6 	        6 	         0 	       7 	        6 	       600 	       1 	        1 	       600 	       2 	        1
   4280201 	     2802 	          01 	          2970 	       570 	       2 	        1 	       630 	       3 	        1 	       630 	       4 	        1 	       570 	       5 	        1 	         0 	       6 	        6 	         0 	       7 	        6 	       570 	       1 	        1
   4281201 	     2812 	          01 	          2850 	         0 	       6 	        6 	         0 	       7 	        6 	       570 	       1 	        1 	       570 	       2 	        1 	       570 	       3 	        1 	       570 	       4 	        1 	       570 	       5 	        1
   4281202 	     2812 	          02 	          2400 	         0 	       6 	        6 	         0 	       7 	        6 	       480 	       1 	        1 	       480 	       2 	        1 	       480 	       3 	        1 	       480 	       4 	        1 	       480 	       5 	        1
   4281601 	     2816 	          01 	          2460 	         0 	       1 	        6 	         0 	       2 	        6 	       510 	       3 	        1 	       510 	       4 	        1 	       480 	       5 	        1 	       480 	       6 	        1 	       480 	       7 	        1
   4281602 	     2816 	          02 	          1500 	       300 	       1 	        1 	       300 	       2 	        1 	       300 	       3 	        1 	       300 	       4 	        1 	       300 	       5 	        1 	         0 	       6 	        6 	         0 	       7 	        6
   4281901 	     2819 	          01 	          1440 	         0 	       5 	        6 	         0 	       6 	        6 	         0 	       7 	        6 	         0 	       1 	        6 	       480 	       2 	        1 	       480 	       3 	        1 	       480 	       4 	        1
   4282502 	     2825 	          02 	          1140 	       120 	       2 	        1 	       180 	       3 	        1 	       180 	       4 	        1 	       180 	       5 	        1 	       240 	       6 	        1 	       240 	       7 	        1 	         0 	       1 	        6
   4282801 	     2828 	          01 	          1920 	         0 	       6 	        6 	         0 	       7 	        6 	       480 	       1 	        1 	       480 	       2 	        1 	       480 	       3 	        1 	       480 	       4 	        1 	         0 	       5 	        6
   4282802 	     2828 	          02 	          2040 	         0 	       6 	        6 	         0 	       7 	        6 	       510 	       1 	        1 	       510 	       2 	        1 	       510 	       3 	        1 	       510 	       4 	        1 	         0 	       5 	        6
   4282901 	     2829 	          01 	          3360 	       480 	       6 	        1 	       480 	       7 	        1 	       480 	       1 	        1 	         0 	       2 	        6 	       960 	       3 	        1 	       480 	       4 	        1 	       480 	       5 	        1
   4282902 	     2829 	          02 	          1500 	       300 	       6 	        1 	         0 	       7 	        6 	         0 	       1 	        6 	       300 	       2 	        1 	       300 	       3 	        1 	       300 	       4 	        1 	       300 	       5 	        1
   4283402 	     2834 	          02 	          2475 	       495 	       2 	        1 	       495 	       3 	        1 	       495 	       4 	        1 	       495 	       5 	        1 	         0 	       6 	        6 	         0 	       7 	        6 	       495 	       1 	        1
   4283501 	     2835 	          01 	          2400 	       480 	       2 	        1 	       480 	       3 	        1 	       480 	       4 	        1 	       480 	       5 	        1 	         0 	       6 	        6 	         0 	       7 	        6 	       480 	       1 	        1
   4283503 	     2835 	          03 	          2400 	       480 	       2 	        1 	       480 	       3 	        1 	       480 	       4 	        1 	       480 	       5 	        1 	         0 	       6 	        6 	         0 	       7 	        6 	       480 	       1 	        1
   4283901 	     2839 	          01 	          1920 	         0 	       1 	        6 	         0 	       2 	        6 	         0 	       3 	        6 	       480 	       4 	        1 	       480 	       5 	        1 	       480 	       6 	        1 	       480 	       7 	        1
   4284401 	     2844 	          01 	          2640 	         0 	       6 	        6 	         0 	       7 	        6 	       540 	       1 	        1 	       540 	       2 	        1 	       540 	       3 	        1 	       540 	       4 	        1 	       480 	       5 	        1
   4284502 	     2845 	          02 	          2400 	         0 	       7 	        6 	       480 	       1 	        1 	       480 	       2 	        1 	       480 	       3 	        1 	       480 	       4 	        1 	       480 	       5 	        1 	         0 	       6 	        6
   4284901 	     2849 	          01 	          3360 	       480 	       2 	        1 	       480 	       3 	        1 	       480 	       4 	        1 	       480 	       5 	        1 	         0 	       6 	        6 	       720 	       7 	        1 	       720 	       1 	        1
   4284902 	     2849 	          02 	          1500 	       240 	       2 	        1 	       420 	       3 	        1 	       420 	       4 	        1 	       420 	       5 	        1 	         0 	       6 	        6 	         0 	       7 	        6 	         0 	       1 	        6
   4285002 	     2850 	          02 	          3060 	       480 	       2 	        1 	       540 	       3 	        1 	       480 	       4 	        1 	        60 	       5 	        1 	       480 	       6 	        1 	       480 	       7 	        1 	       540 	       1 	        1
   4285003 	     2850 	          03 	          1845 	       420 	       2 	        1 	       300 	       3 	        1 	       420 	       4 	        1 	       300 	       5 	        1 	         0 	       6 	        6 	         0 	       7 	        6 	       405 	       1 	        1
   4285301 	     2853 	          01 	          2550 	         0 	       7 	        6 	       510 	       1 	        1 	       510 	       2 	        1 	       510 	       3 	        1 	       510 	       4 	        1 	       510 	       5 	        1 	         0 	       6 	        6
   4286501 	     2865 	          01 	          1500 	       480 	       4 	        1 	       480 	       5 	        1 	        60 	       6 	        1 	         0 	       7 	        6 	         0 	       1 	        6 	       480 	       2 	        1 	         0 	       3 	        6
   4286901 	     2869 	          01 	          2400 	         0 	       7 	        6 	         0 	       1 	        6 	       480 	       2 	        1 	       480 	       3 	        1 	       480 	       4 	        1 	       480 	       5 	        1 	       480 	       6 	        1
   4286902 	     2869 	          02 	          1920 	         0 	       7 	        6 	         0 	       1 	        6 	       480 	       2 	        1 	       480 	       3 	        1 	       480 	       4 	        1 	       480 	       5 	        1 	         0 	       6 	        6
   4287501 	     2875 	          01 	          2730 	       570 	       5 	        1 	         0 	       6 	        6 	         0 	       7 	        6 	       540 	       1 	        1 	       540 	       2 	        1 	       540 	       3 	        1 	       540 	       4 	        1
   4287503 	     2875 	          03 	          2520 	       420 	       5 	        1 	       420 	       6 	        1 	         0 	       7 	        6 	       420 	       1 	        1 	       420 	       2 	        1 	       420 	       3 	        1 	       420 	       4 	        1
   4287504 	     2875 	          04 	          3000 	       600 	       5 	        1 	         0 	       6 	        6 	         0 	       7 	        6 	       600 	       1 	        1 	       600 	       2 	        1 	       600 	       3 	        1 	       600 	       4 	        1
   4287701 	     2877 	          01 	          2100 	         0 	       7 	        6 	       420 	       1 	        1 	       420 	       2 	        1 	       420 	       3 	        1 	       420 	       4 	        1 	       420 	       5 	        1 	         0 	       6 	        6
   4287702 	     2877 	          02 	          1530 	         0 	       7 	        6 	       300 	       1 	        1 	       300 	       2 	        1 	       330 	       3 	        1 	       300 	       4 	        1 	       300 	       5 	        1 	         0 	       6 	        6
   4287902 	     2879 	          02 	          2250 	       450 	       1 	        1 	       450 	       2 	        1 	       450 	       3 	        1 	       450 	       4 	        1 	       450 	       5 	        1 	         0 	       6 	        6 	         0 	       7 	        6
   4288202 	     2882 	          02 	           480 	       120 	       2 	        1 	       120 	       3 	        1 	       120 	       4 	        1 	       120 	       5 	        1 	         0 	       6 	        6 	         0 	       7 	        6 	         0 	       1 	        6
   4288601 	     2886 	          01 	          1380 	         0 	       7 	        6 	         0 	       1 	        6 	       480 	       2 	        1 	       300 	       3 	        1 	       300 	       4 	        1 	       300 	       5 	        1 	         0 	       6 	        6
   4288602 	     2886 	          02 	          1440 	         0 	       7 	        6 	       360 	       1 	        1 	       360 	       2 	        1 	         0 	       3 	        6 	       360 	       4 	        1 	       360 	       5 	        1 	         0 	       6 	        6
   4288701 	     2887 	          01 	          2130 	       300 	       1 	        1 	       300 	       2 	        1 	       300 	       3 	        1 	       300 	       4 	        1 	       300 	       5 	        1 	         0 	       6 	        6 	       630 	       7 	        1
   4288801 	     2888 	          01 	          2820 	       420 	       1 	        1 	       840 	       2 	        1 	       420 	       3 	        1 	       540 	       4 	        1 	       600 	       5 	        1 	         0 	       6 	        6 	         0 	       7 	        6
   4289201 	     2892 	          01 	          2700 	         0 	       6 	        6 	         0 	       7 	        6 	       540 	       1 	        1 	       540 	       2 	        1 	       540 	       3 	        1 	       540 	       4 	        1 	       540 	       5 	        1
   4289501 	     2895 	          01 	          1500 	       300 	       1 	        1 	       360 	       2 	        1 	       180 	       3 	        1 	         0 	       4 	        6 	       420 	       5 	        1 	       240 	       6 	        1 	         0 	       7 	        6
   4289901 	     2899 	          01 	           600 	         0 	       3 	        6 	       120 	       4 	        1 	         0 	       5 	        6 	         0 	       6 	        6 	         0 	       7 	        6 	       225 	       1 	        1 	       255 	       2 	        1
   4289902 	     2899 	          02 	          1800 	       360 	       3 	        1 	       360 	       4 	        1 	       240 	       5 	        1 	         0 	       6 	        6 	         0 	       7 	        6 	       420 	       1 	        1 	       420 	       2 	        1
   4289903 	     2899 	          03 	          1980 	       450 	       3 	        1 	       180 	       4 	        1 	       450 	       5 	        1 	         0 	       6 	        6 	         0 	       7 	        6 	       450 	       1 	        1 	       450 	       2 	        1
   4290201 	     2902 	          01 	          3150 	         0 	       7 	        6 	       600 	       1 	        1 	       540 	       2 	        1 	       600 	       3 	        1 	       600 	       4 	        1 	       600 	       5 	        1 	       210 	       6 	        1
   4290202 	     2902 	          02 	          2400 	         0 	       7 	        6 	       480 	       1 	        1 	       480 	       2 	        1 	       480 	       3 	        1 	       480 	       4 	        1 	       480 	       5 	        1 	         0 	       6 	        6
   4290303 	     2903 	          03 	          2400 	       480 	       1 	        1 	       480 	       2 	        1 	       480 	       3 	        1 	       480 	       4 	        1 	       480 	       5 	        1 	         0 	       6 	        6 	         0 	       7 	        6
   4290304 	     2903 	          04 	          2400 	       480 	       1 	        1 	       480 	       2 	        1 	       480 	       3 	        1 	       480 	       4 	        1 	       480 	       5 	        1 	         0 	       6 	        6 	         0 	       7 	        6
   4290501 	     2905 	          01 	          2175 	       420 	       5 	        1 	         0 	       6 	        6 	         0 	       7 	        6 	       450 	       1 	        1 	       435 	       2 	        1 	       435 	       3 	        1 	       435 	       4 	        1
   4290601 	     2906 	          01 	          3540 	       540 	       5 	        1 	       540 	       6 	        1 	       300 	       7 	        1 	       540 	       1 	        1 	       540 	       2 	        1 	       540 	       3 	        1 	       540 	       4 	        1
   4290602 	     2906 	          02 	          2400 	       480 	       5 	        1 	         0 	       6 	        6 	         0 	       7 	        6 	       480 	       1 	        1 	       480 	       2 	        1 	       480 	       3 	        1 	       480 	       4 	        1
   4290702 	     2907 	          02 	          2400 	       420 	       5 	        1 	       300 	       6 	        1 	         0 	       7 	        6 	       420 	       1 	        1 	       420 	       2 	        1 	       420 	       3 	        1 	       420 	       4 	        1
   4291001 	     2910 	          01 	          3030 	         0 	       7 	        6 	       540 	       1 	        1 	       540 	       2 	        1 	       540 	       3 	        1 	       540 	       4 	        1 	       540 	       5 	        1 	       330 	       6 	        1
   4291002 	     2910 	          02 	          2550 	         0 	       7 	        6 	       450 	       1 	        1 	       450 	       2 	        1 	       450 	       3 	        1 	       450 	       4 	        1 	       450 	       5 	        1 	       300 	       6 	        1
   4291201 	     2912 	          01 	          2100 	       420 	       1 	        1 	       420 	       2 	        1 	       420 	       3 	        1 	       420 	       4 	        1 	       420 	       5 	        1 	         0 	       6 	        6 	         0 	       7 	        6
   4291202 	     2912 	          02 	          3180 	       570 	       1 	        1 	       570 	       2 	        1 	       570 	       3 	        1 	       570 	       4 	        1 	       570 	       5 	        1 	       330 	       6 	        1 	         0 	       7 	        6
   4291401 	     2914 	          01 	          2430 	       300 	       5 	        1 	         0 	       6 	        6 	         0 	       7 	        6 	       540 	       1 	        1 	       540 	       2 	        1 	       540 	       3 	        1 	       510 	       4 	        1
   4291501 	     2915 	          01 	          2400 	       480 	       5 	        1 	         0 	       6 	        6 	         0 	       7 	        6 	       480 	       1 	        1 	       480 	       2 	        1 	       480 	       3 	        1 	       480 	       4 	        1
   4291601 	     2916 	          01 	          2400 	         0 	       6 	        6 	         0 	       7 	        6 	       480 	       1 	        1 	       480 	       2 	        1 	       480 	       3 	        1 	       480 	       4 	        1 	       480 	       5 	        1
   4291602 	     2916 	          02 	          2100 	       300 	       6 	        1 	         0 	       7 	        6 	       360 	       1 	        1 	       360 	       2 	        1 	       360 	       3 	        1 	       360 	       4 	        1 	       360 	       5 	        1
   4291901 	     2919 	          01 	          2220 	         0 	       7 	        6 	       420 	       1 	        1 	       540 	       2 	        1 	       420 	       3 	        1 	       420 	       4 	        1 	       420 	       5 	        1 	         0 	       6 	        6
   4292201 	     2922 	          01 	             0 	         0 	       2 	        1 	         0 	       3 	        1 	         0 	       4 	        1 	         0 	       5 	        1 	         0 	       6 	        1 	         0 	       7 	        1 	         0 	       1 	        1
   4292301 	     2923 	          01 	          2100 	       420 	       2 	        1 	       420 	       3 	        1 	       420 	       4 	        1 	       420 	       5 	        1 	         0 	       6 	        6 	         0 	       7 	        6 	       420 	       1 	        1
   4292302 	     2923 	          02 	          2100 	       420 	       2 	        1 	       420 	       3 	        1 	       420 	       4 	        1 	       420 	       5 	        1 	         0 	       6 	        6 	         0 	       7 	        6 	       420 	       1 	        1
   4292401 	     2924 	          01 	             0 	         0 	       6 	        1 	         0 	       7 	        1 	         0 	       1 	        1 	         0 	       2 	        1 	         0 	       3 	        1 	         0 	       4 	        1 	         0 	       5 	        1
   4292601 	     2926 	          01 	          2400 	         0 	       7 	        6 	       480 	       1 	        1 	       480 	       2 	        1 	       480 	       3 	        1 	       480 	       4 	        1 	       480 	       5 	        1 	         0 	       6 	        6
   4292701 	     2927 	          01 	          2400 	         0 	       7 	        6 	       480 	       1 	        1 	       480 	       2 	        1 	       480 	       3 	        1 	       480 	       4 	        1 	       480 	       5 	        1 	         0 	       6 	        6
   4292801 	     2928 	          01 	          1740 	       300 	       1 	        1 	       300 	       2 	        1 	       300 	       3 	        1 	       300 	       4 	        1 	       300 	       5 	        1 	       120 	       6 	        1 	       120 	       7 	        1
   4292901 	     2929 	          01 	          3000 	       540 	       5 	        1 	       540 	       6 	        1 	       540 	       7 	        1 	       300 	       1 	        1 	         0 	       2 	        6 	       540 	       3 	        1 	       540 	       4 	        1
   4293201 	     2932 	          01 	          2205 	         0 	       6 	        6 	         0 	       7 	        6 	       345 	       1 	        1 	       465 	       2 	        1 	       465 	       3 	        1 	       465 	       4 	        1 	       465 	       5 	        1
   4293401 	     2934 	          01 	          2550 	         0 	       7 	        6 	       510 	       1 	        1 	       510 	       2 	        1 	       510 	       3 	        1 	       510 	       4 	        1 	       510 	       5 	        1 	         0 	       6 	        6
   4293502 	     2935 	          02 	          2970 	       450 	       6 	        1 	         0 	       7 	        6 	       450 	       1 	        1 	       450 	       2 	        1 	       450 	       3 	        1 	       450 	       4 	        1 	       720 	       5 	        1
   4293603 	     2936 	          03 	          2850 	       570 	       1 	        1 	       570 	       2 	        1 	       570 	       3 	        1 	       570 	       4 	        1 	       570 	       5 	        1 	         0 	       6 	        6 	         0 	       7 	        6
   4293701 	     2937 	          01 	          2400 	       480 	       2 	        1 	       480 	       3 	        1 	       480 	       4 	        1 	       480 	       5 	        1 	         0 	       6 	        6 	         0 	       7 	        6 	       480 	       1 	        1
   4293703 	     2937 	          03 	          3960 	         0 	       2 	        6 	       660 	       3 	        1 	       660 	       4 	        1 	       660 	       5 	        1 	       660 	       6 	        1 	       660 	       7 	        1 	       660 	       1 	        1
   4294201 	     2942 	          01 	             0 	         0 	       7 	        6 	         0 	       1 	        6 	         0 	       2 	        6 	         0 	       3 	        6 	         0 	       4 	        6 	         0 	       5 	        6 	         0 	       6 	        6
   4294202 	     2942 	          02 	             0 	         0 	       7 	        6 	         0 	       1 	        6 	         0 	       2 	        6 	         0 	       3 	        6 	         0 	       4 	        6 	         0 	       5 	        6 	         0 	       6 	        6
   4294702 	     2947 	          02 	           900 	       300 	       2 	        1 	       300 	       3 	        1 	         0 	       4 	        6 	       300 	       5 	        1 	         0 	       6 	        6 	         0 	       7 	        6 	         0 	       1 	        6
   4294703 	     2947 	          03 	          1920 	       480 	       2 	        1 	       480 	       3 	        1 	         0 	       4 	        6 	       480 	       5 	        1 	         0 	       6 	        6 	         0 	       7 	        6 	       480 	       1 	        1
   4294704 	     2947 	          04 	          1410 	       360 	       2 	        1 	       360 	       3 	        1 	         0 	       4 	        6 	       360 	       5 	        1 	         0 	       6 	        6 	         0 	       7 	        6 	       330 	       1 	        1
   4294801 	     2948 	          01 	          2940 	       420 	       6 	        1 	       420 	       7 	        1 	       420 	       1 	        1 	       420 	       2 	        1 	       420 	       3 	        1 	       420 	       4 	        1 	       420 	       5 	        1
   4295601 	     2956 	          01 	          2820 	       240 	       6 	        1 	         0 	       7 	        6 	       540 	       1 	        1 	       570 	       2 	        1 	       330 	       3 	        1 	       540 	       4 	        1 	       600 	       5 	        1
   4296001 	     2960 	          01 	          2400 	       495 	       1 	        1 	       495 	       2 	        1 	       495 	       3 	        1 	       495 	       4 	        1 	       420 	       5 	        1 	         0 	       6 	        6 	         0 	       7 	        6
   4296901 	     2969 	          01 	          1200 	       240 	       2 	        1 	       240 	       3 	        1 	       240 	       4 	        1 	       240 	       5 	        1 	         0 	       6 	        6 	         0 	       7 	        6 	       240 	       1 	        1
   4296902 	     2969 	          02 	          2700 	       540 	       2 	        1 	       540 	       3 	        1 	       540 	       4 	        1 	       540 	       5 	        1 	         0 	       6 	        6 	         0 	       7 	        6 	       540 	       1 	        1
   4297002 	     2970 	          02 	          2100 	       420 	       2 	        1 	       420 	       3 	        1 	       420 	       4 	        1 	       420 	       5 	        1 	         0 	       6 	        6 	         0 	       7 	        6 	       420 	       1 	        1
   4297101 	     2971 	          01 	          2400 	       480 	       2 	        1 	       480 	       3 	        1 	       480 	       4 	        1 	       480 	       5 	        1 	         0 	       6 	        6 	         0 	       7 	        6 	       480 	       1 	        1
   4297401 	     2974 	          01 	          2400 	         0 	       7 	        6 	       480 	       1 	        1 	       480 	       2 	        1 	       480 	       3 	        1 	       480 	       4 	        1 	       480 	       5 	        1 	         0 	       6 	        6
   4297501 	     2975 	          01 	          2280 	       480 	       1 	        1 	       480 	       2 	        1 	       480 	       3 	        1 	       480 	       4 	        1 	       360 	       5 	        1 	         0 	       6 	        6 	         0 	       7 	        6
   4297903 	     2979 	          03 	          2460 	       480 	       5 	        1 	         0 	       6 	        6 	         0 	       7 	        6 	       480 	       1 	        1 	       540 	       2 	        1 	       480 	       3 	        1 	       480 	       4 	        1
   4298201 	     2982 	          01 	          2550 	       450 	       7 	        1 	       300 	       1 	        1 	       300 	       2 	        1 	       300 	       3 	        1 	       300 	       4 	        1 	       450 	       5 	        1 	       450 	       6 	        1
   4298701 	     2987 	          01 	          2700 	       540 	       2 	        1 	       540 	       3 	        1 	       540 	       4 	        1 	       540 	       5 	        1 	         0 	       6 	        6 	         0 	       7 	        6 	       540 	       1 	        1
   4298702 	     2987 	          02 	          2655 	       465 	       2 	        1 	       465 	       3 	        1 	       450 	       4 	        1 	       435 	       5 	        1 	       420 	       6 	        1 	         0 	       7 	        6 	       420 	       1 	        1
   4298703 	     2987 	          03 	          2985 	       585 	       2 	        1 	       600 	       3 	        1 	       600 	       4 	        1 	       600 	       5 	        1 	         0 	       6 	        6 	         0 	       7 	        6 	       600 	       1 	        1
   4299101 	     2991 	          01 	             0 	         0 	       1 	        6 	         0 	       2 	        6 	         0 	       3 	        6 	         0 	       4 	        6 	         0 	       5 	        6 	         0 	       6 	        6 	         0 	       7 	        6
   4299102 	     2991 	          02 	          2700 	       420 	       1 	        1 	       420 	       2 	        1 	       420 	       3 	        1 	      1320 	       4 	        1 	       120 	       5 	        1 	         0 	       6 	        6 	         0 	       7 	        6
   4300601 	     3006 	          01 	          1785 	         0 	       7 	        6 	       405 	       1 	        1 	       405 	       2 	        1 	       255 	       3 	        1 	       405 	       4 	        1 	       315 	       5 	        1 	         0 	       6 	        6
   4300602 	     3006 	          02 	          2550 	       390 	       7 	        1 	       420 	       1 	        1 	         0 	       2 	        6 	       420 	       3 	        1 	       420 	       4 	        1 	       420 	       5 	        1 	       480 	       6 	        1
   4300701 	     3007 	          01 	          1380 	       360 	       1 	        1 	         0 	       2 	        6 	       420 	       3 	        1 	         0 	       4 	        6 	       420 	       5 	        1 	         0 	       6 	        6 	       180 	       7 	        1
   4300702 	     3007 	          02 	          1200 	       360 	       1 	        1 	         0 	       2 	        6 	       420 	       3 	        1 	         0 	       4 	        6 	       420 	       5 	        1 	         0 	       6 	        6 	         0 	       7 	        6
   4300703 	     3007 	          03 	          1980 	         0 	       1 	        6 	         0 	       2 	        6 	       480 	       3 	        1 	       480 	       4 	        1 	       300 	       5 	        1 	       480 	       6 	        1 	       240 	       7 	        1
   4300902 	     3009 	          02 	          1725 	       585 	       2 	        1 	       585 	       3 	        1 	       555 	       4 	        1 	         0 	       5 	        6 	         0 	       6 	        6 	         0 	       7 	        6 	         0 	       1 	        6
   4300903 	     3009 	          03 	          1020 	       360 	       2 	        1 	       360 	       3 	        1 	       300 	       4 	        1 	         0 	       5 	        6 	         0 	       6 	        6 	         0 	       7 	        6 	         0 	       1 	        6
   4301001 	     3010 	          01 	          1905 	       540 	       2 	        1 	       540 	       3 	        1 	       300 	       4 	        1 	       255 	       5 	        1 	       270 	       6 	        1 	         0 	       7 	        6 	         0 	       1 	        6
   4301002 	     3010 	          02 	          1695 	       540 	       2 	        1 	       540 	       3 	        1 	       615 	       4 	        1 	         0 	       5 	        6 	         0 	       6 	        6 	         0 	       7 	        6 	         0 	       1 	        6
   4301004 	     3010 	          04 	          1680 	       540 	       2 	        1 	       540 	       3 	        1 	       540 	       4 	        1 	         0 	       5 	        6 	        60 	       6 	        1 	         0 	       7 	        6 	         0 	       1 	        6
   4301601 	     3016 	          01 	          3975 	       690 	       1 	        1 	       660 	       2 	        1 	       690 	       3 	        1 	       675 	       4 	        1 	       660 	       5 	        1 	       420 	       6 	        1 	       180 	       7 	        1
   4301602 	     3016 	          02 	          1800 	       360 	       1 	        1 	       360 	       2 	        1 	       360 	       3 	        1 	       360 	       4 	        1 	       360 	       5 	        1 	         0 	       6 	        6 	         0 	       7 	        6
   4301701 	     3017 	          01 	          2910 	       600 	       3 	        1 	       570 	       4 	        1 	       570 	       5 	        1 	         0 	       6 	        6 	         0 	       7 	        6 	       600 	       1 	        1 	       570 	       2 	        1
   4301702 	     3017 	          02 	          2940 	       420 	       3 	        1 	       420 	       4 	        1 	       420 	       5 	        1 	       420 	       6 	        1 	       420 	       7 	        1 	       420 	       1 	        1 	       420 	       2 	        1
   4302301 	     3023 	          01 	          2940 	       540 	       1 	        1 	       240 	       2 	        1 	       240 	       3 	        1 	       540 	       4 	        1 	       540 	       5 	        1 	       540 	       6 	        1 	       300 	       7 	        1
   4302702 	     3027 	          02 	          3360 	       480 	       2 	        1 	       480 	       3 	        1 	       480 	       4 	        1 	       480 	       5 	        1 	       480 	       6 	        1 	       480 	       7 	        1 	       480 	       1 	        1
   4302801 	     3028 	          01 	          2400 	         0 	       6 	        6 	         0 	       7 	        6 	       480 	       1 	        1 	       480 	       2 	        1 	       480 	       3 	        1 	       480 	       4 	        1 	       480 	       5 	        1
   4302802 	     3028 	          02 	           900 	         0 	       6 	        6 	         0 	       7 	        6 	       180 	       1 	        1 	       180 	       2 	        1 	       180 	       3 	        1 	       180 	       4 	        1 	       180 	       5 	        1
   4303301 	     3033 	          01 	          4350 	       660 	       4 	        1 	       660 	       5 	        1 	       660 	       6 	        1 	       660 	       7 	        1 	       570 	       1 	        1 	       570 	       2 	        1 	       570 	       3 	        1
   4303302 	     3033 	          02 	          4620 	       660 	       4 	        1 	       660 	       5 	        1 	       660 	       6 	        1 	       660 	       7 	        1 	       660 	       1 	        1 	       660 	       2 	        1 	       660 	       3 	        1
   4303401 	     3034 	          01 	          1800 	       360 	       4 	        1 	       360 	       5 	        1 	       360 	       6 	        1 	         0 	       7 	        6 	         0 	       1 	        6 	       360 	       2 	        1 	       360 	       3 	        1
   4303402 	     3034 	          02 	          3330 	       480 	       4 	        1 	       480 	       5 	        1 	       480 	       6 	        1 	       480 	       7 	        1 	       480 	       1 	        1 	       480 	       2 	        1 	       450 	       3 	        1
   4303701 	     3037 	          01 	          3240 	       540 	       6 	        1 	       540 	       7 	        1 	       540 	       1 	        1 	       540 	       2 	        1 	       540 	       3 	        1 	       540 	       4 	        1 	         0 	       5 	        6
   4303702 	     3037 	          02 	          3810 	       540 	       6 	        1 	       540 	       7 	        1 	       540 	       1 	        1 	       540 	       2 	        1 	       540 	       3 	        1 	       600 	       4 	        1 	       510 	       5 	        1
   4304501 	     3045 	          01 	          2760 	         0 	       6 	        6 	         0 	       7 	        6 	       540 	       1 	        1 	       570 	       2 	        1 	       555 	       3 	        1 	       540 	       4 	        1 	       555 	       5 	        1
   4304602 	     3046 	          02 	          3000 	         0 	       7 	        6 	       510 	       1 	        1 	       510 	       2 	        1 	       510 	       3 	        1 	       510 	       4 	        1 	       510 	       5 	        1 	       450 	       6 	        1
   4304701 	     3047 	          01 	          2400 	       480 	       1 	        1 	       480 	       2 	        1 	       480 	       3 	        1 	       480 	       4 	        1 	       480 	       5 	        1 	         0 	       6 	        6 	         0 	       7 	        6
   4305101 	     3051 	          01 	          2100 	       420 	       5 	        1 	         0 	       6 	        6 	         0 	       7 	        6 	       420 	       1 	        1 	       420 	       2 	        1 	       420 	       3 	        1 	       420 	       4 	        1
   4305302 	     3053 	          02 	          2550 	         0 	       6 	        6 	         0 	       7 	        6 	       510 	       1 	        1 	       510 	       2 	        1 	       510 	       3 	        1 	       510 	       4 	        1 	       510 	       5 	        1
   4305603 	     3056 	          03 	          2265 	         0 	       7 	        6 	       420 	       1 	        1 	       420 	       2 	        1 	       420 	       3 	        1 	       585 	       4 	        1 	       420 	       5 	        1 	         0 	       6 	        6
   4305701 	     3057 	          01 	          3000 	       600 	       1 	        1 	       600 	       2 	        1 	       600 	       3 	        1 	       600 	       4 	        1 	       600 	       5 	        1 	         0 	       6 	        6 	         0 	       7 	        6
   4305702 	     3057 	          02 	          1350 	       270 	       1 	        1 	       270 	       2 	        1 	       270 	       3 	        1 	       270 	       4 	        1 	       270 	       5 	        1 	         0 	       6 	        6 	         0 	       7 	        6
   4306501 	     3065 	          01 	          3090 	         0 	       7 	        6 	       615 	       1 	        1 	       615 	       2 	        1 	       615 	       3 	        1 	       630 	       4 	        1 	       615 	       5 	        1 	         0 	       6 	        6
   4306502 	     3065 	          02 	          1500 	         0 	       7 	        6 	       300 	       1 	        1 	       300 	       2 	        1 	       300 	       3 	        1 	       300 	       4 	        1 	       300 	       5 	        1 	         0 	       6 	        6
   4308102 	     3081 	          02 	          2700 	       540 	       2 	        1 	       540 	       3 	        1 	       540 	       4 	        1 	       540 	       5 	        1 	         0 	       6 	        6 	         0 	       7 	        6 	       540 	       1 	        1
   4308201 	     3082 	          01 	          2640 	       480 	       2 	        1 	       480 	       3 	        1 	       480 	       4 	        1 	       480 	       5 	        1 	         0 	       6 	        6 	       240 	       7 	        1 	       480 	       1 	        1
   4309302 	     3093 	          02 	          2160 	         0 	       6 	        6 	         0 	       7 	        6 	       540 	       1 	        1 	       540 	       2 	        1 	       540 	       3 	        1 	       540 	       4 	        1 	         0 	       5 	        6
   4309501 	     3095 	          01 	          1260 	         0 	       7 	        6 	       180 	       1 	        1 	       180 	       2 	        1 	       420 	       3 	        1 	       180 	       4 	        1 	         0 	       5 	        6 	       300 	       6 	        1
   4310101 	     3101 	          01 	          2400 	       480 	       2 	        1 	       480 	       3 	        1 	       480 	       4 	        1 	       480 	       5 	        1 	         0 	       6 	        6 	         0 	       7 	        6 	       480 	       1 	        1
   4310301 	     3103 	          01 	          1650 	         0 	       6 	        6 	         0 	       7 	        6 	       330 	       1 	        1 	       330 	       2 	        1 	       330 	       3 	        1 	       330 	       4 	        1 	       330 	       5 	        1
   4310502 	     3105 	          02 	          3660 	         0 	       7 	        6 	       660 	       1 	        1 	       660 	       2 	        1 	       660 	       3 	        1 	       660 	       4 	        1 	       660 	       5 	        1 	       360 	       6 	        1
   4310701 	     3107 	          01 	          2400 	       480 	       1 	        1 	       480 	       2 	        1 	       480 	       3 	        1 	       480 	       4 	        1 	       480 	       5 	        1 	         0 	       6 	        6 	         0 	       7 	        6
   4310702 	     3107 	          02 	          2220 	       510 	       1 	        1 	       510 	       2 	        1 	       450 	       3 	        1 	       450 	       4 	        1 	       300 	       5 	        1 	         0 	       6 	        6 	         0 	       7 	        6
   4310901 	     3109 	          01 	          2790 	       465 	       5 	        1 	       465 	       6 	        1 	         0 	       7 	        6 	       465 	       1 	        1 	       465 	       2 	        1 	       465 	       3 	        1 	       465 	       4 	        1
   4311502 	     3115 	          02 	          3240 	         0 	       7 	        6 	       660 	       1 	        1 	       660 	       2 	        1 	       660 	       3 	        1 	       660 	       4 	        1 	       600 	       5 	        1 	         0 	       6 	        6
   4311801 	     3118 	          01 	          1500 	       300 	       1 	        1 	       300 	       2 	        1 	       300 	       3 	        1 	       300 	       4 	        1 	       300 	       5 	        1 	         0 	       6 	        6 	         0 	       7 	        6
   4311802 	     3118 	          02 	          2340 	       480 	       1 	        1 	       480 	       2 	        1 	       480 	       3 	        1 	       480 	       4 	        1 	       420 	       5 	        1 	         0 	       6 	        6 	         0 	       7 	        6
   4312101 	     3121 	          01 	          2505 	       510 	       5 	        1 	         0 	       6 	        6 	         0 	       7 	        6 	       450 	       1 	        1 	       510 	       2 	        1 	       510 	       3 	        1 	       525 	       4 	        1
   4312201 	     3122 	          01 	          3300 	       660 	       5 	        1 	         0 	       6 	        6 	         0 	       7 	        6 	       660 	       1 	        1 	       660 	       2 	        1 	       660 	       3 	        1 	       660 	       4 	        1
   4313002 	     3130 	          02 	          2880 	       720 	       5 	        1 	         0 	       6 	        6 	       720 	       7 	        1 	         0 	       1 	        6 	       720 	       2 	        1 	         0 	       3 	        6 	       720 	       4 	        1
   4313201 	     3132 	          01 	          3600 	       720 	       5 	        1 	         0 	       6 	        6 	         0 	       7 	        6 	       720 	       1 	        1 	       720 	       2 	        1 	       720 	       3 	        1 	       720 	       4 	        1
   4313501 	     3135 	          01 	          1200 	         0 	       7 	        6 	       240 	       1 	        1 	       240 	       2 	        1 	         0 	       3 	        6 	       240 	       4 	        1 	       240 	       5 	        1 	       240 	       6 	        1
   4313502 	     3135 	          02 	          3000 	         0 	       7 	        6 	       600 	       1 	        1 	       600 	       2 	        1 	       600 	       3 	        1 	       600 	       4 	        1 	       600 	       5 	        1 	         0 	       6 	        6
   4313901 	     3139 	          01 	          1530 	         0 	       5 	        6 	         0 	       6 	        6 	         0 	       7 	        6 	         0 	       1 	        6 	       540 	       2 	        1 	       480 	       3 	        1 	       510 	       4 	        1
   4313902 	     3139 	          02 	          1440 	         0 	       5 	        6 	         0 	       6 	        6 	         0 	       7 	        6 	         0 	       1 	        6 	       480 	       2 	        1 	       480 	       3 	        1 	       480 	       4 	        1
   4314501 	     3145 	          01 	          1920 	         0 	       7 	        6 	         0 	       1 	        6 	       480 	       2 	        1 	       480 	       3 	        1 	       480 	       4 	        1 	       480 	       5 	        1 	         0 	       6 	        6
   4315502 	     3155 	          02 	          2700 	       480 	       1 	        1 	       480 	       2 	        1 	       480 	       3 	        1 	       480 	       4 	        1 	       480 	       5 	        1 	       300 	       6 	        1 	         0 	       7 	        6
   4316001 	     3160 	          01 	          4830 	       690 	       6 	        1 	       690 	       7 	        1 	       690 	       1 	        1 	       690 	       2 	        1 	       690 	       3 	        1 	       690 	       4 	        1 	       690 	       5 	        1
   4316002 	     3160 	          02 	          2550 	         0 	       6 	        6 	         0 	       7 	        6 	       510 	       1 	        1 	       510 	       2 	        1 	       510 	       3 	        1 	       510 	       4 	        1 	       510 	       5 	        1
   4316201 	     3162 	          01 	          3390 	         0 	       7 	        6 	       630 	       1 	        1 	       630 	       2 	        1 	       630 	       3 	        1 	       630 	       4 	        1 	       630 	       5 	        1 	       240 	       6 	        1
   4316203 	     3162 	          03 	          2310 	         0 	       7 	        6 	       420 	       1 	        1 	       420 	       2 	        1 	       420 	       3 	        1 	       420 	       4 	        1 	       420 	       5 	        1 	       210 	       6 	        1
   4316701 	     3167 	          01 	          1200 	       240 	       4 	        1 	       240 	       5 	        1 	         0 	       6 	        6 	         0 	       7 	        6 	       240 	       1 	        1 	       240 	       2 	        1 	       240 	       3 	        1
   4316702 	     3167 	          02 	          2910 	       570 	       4 	        1 	       570 	       5 	        1 	         0 	       6 	        6 	         0 	       7 	        6 	       570 	       1 	        1 	       570 	       2 	        1 	       630 	       3 	        1
   4316801 	     3168 	          01 	          3945 	         0 	       6 	        6 	         0 	       7 	        6 	       645 	       1 	        1 	      1230 	       2 	        1 	       960 	       3 	        1 	       600 	       4 	        1 	       510 	       5 	        1
   4317102 	     3171 	          02 	          2520 	       495 	       1 	        1 	       525 	       2 	        1 	       495 	       3 	        1 	       495 	       4 	        1 	       510 	       5 	        1 	         0 	       6 	        6 	         0 	       7 	        6
   4317301 	     3173 	          01 	          1950 	       390 	       3 	        1 	       390 	       4 	        1 	       390 	       5 	        1 	         0 	       6 	        6 	         0 	       7 	        6 	       390 	       1 	        1 	       390 	       2 	        1
   4317401 	     3174 	          01 	          2550 	       510 	       3 	        1 	       510 	       4 	        1 	       510 	       5 	        1 	         0 	       6 	        6 	         0 	       7 	        6 	       510 	       1 	        1 	       510 	       2 	        1
   4317402 	     3174 	          02 	          3435 	       600 	       3 	        1 	       600 	       4 	        1 	       420 	       5 	        1 	       600 	       6 	        1 	         0 	       7 	        6 	       555 	       1 	        1 	       660 	       2 	        1
   4318103 	     3181 	          03 	          2400 	       480 	       3 	        1 	       480 	       4 	        1 	       480 	       5 	        1 	         0 	       6 	        6 	         0 	       7 	        6 	       480 	       1 	        1 	       480 	       2 	        1
   4318901 	     3189 	          01 	          3060 	         0 	       3 	        6 	      1260 	       4 	        1 	         0 	       5 	        6 	         0 	       6 	        6 	       540 	       7 	        1 	         0 	       1 	        6 	      1260 	       2 	        1
   4319301 	     3193 	          01 	          1440 	         0 	       6 	        6 	         0 	       7 	        6 	       480 	       1 	        1 	       480 	       2 	        1 	       480 	       3 	        1 	         0 	       4 	        6 	         0 	       5 	        6
   4320102 	     3201 	          02 	          2055 	         0 	       6 	        6 	         0 	       7 	        6 	       345 	       1 	        1 	       420 	       2 	        1 	       405 	       3 	        1 	       420 	       4 	        1 	       465 	       5 	        1
   4320802 	     3208 	          02 	          3420 	       420 	       6 	        1 	         0 	       7 	        6 	       600 	       1 	        1 	       600 	       2 	        1 	       600 	       3 	        1 	       600 	       4 	        1 	       600 	       5 	        1
   4321101 	     3211 	          01 	          2250 	       450 	       1 	        1 	       450 	       2 	        1 	       450 	       3 	        1 	       450 	       4 	        1 	       450 	       5 	        1 	         0 	       6 	        6 	         0 	       7 	        6
   4321102 	     3211 	          02 	          4230 	       630 	       1 	        1 	       600 	       2 	        1 	       570 	       3 	        1 	       600 	       4 	        1 	       600 	       5 	        1 	       600 	       6 	        1 	       630 	       7 	        1
   4321105 	     3211 	          05 	             0 	         0 	       1 	        1 	         0 	       2 	        1 	         0 	       3 	        1 	         0 	       4 	        1 	         0 	       5 	        1 	         0 	       6 	        1 	         0 	       7 	        1
   4321201 	     3212 	          01 	          2250 	       450 	       1 	        1 	       450 	       2 	        1 	       450 	       3 	        1 	       450 	       4 	        1 	       450 	       5 	        1 	         0 	       6 	        6 	         0 	       7 	        6
   4321601 	     3216 	          01 	          2400 	         0 	       6 	        6 	         0 	       7 	        6 	       480 	       1 	        1 	       480 	       2 	        1 	       480 	       3 	        1 	       480 	       4 	        1 	       480 	       5 	        1
   4322103 	     3221 	          03 	          2400 	       480 	       5 	        1 	         0 	       6 	        6 	         0 	       7 	        6 	       480 	       1 	        1 	       480 	       2 	        1 	       480 	       3 	        1 	       480 	       4 	        1
   4322801 	     3228 	          01 	          2850 	       570 	       1 	        1 	       570 	       2 	        1 	       570 	       3 	        1 	       570 	       4 	        1 	       570 	       5 	        1 	         0 	       6 	        6 	         0 	       7 	        6
   4323201 	     3232 	          01 	          2850 	       420 	       6 	        1 	       300 	       7 	        1 	       420 	       1 	        1 	       420 	       2 	        1 	       420 	       3 	        1 	       420 	       4 	        1 	       450 	       5 	        1
   4323202 	     3232 	          02 	           840 	         0 	       6 	        6 	         0 	       7 	        6 	       360 	       1 	        1 	       480 	       2 	        1 	         0 	       3 	        6 	         0 	       4 	        6 	         0 	       5 	        6
   4324102 	     3241 	          02 	          3300 	         0 	       6 	        6 	         0 	       7 	        6 	       660 	       1 	        1 	       660 	       2 	        1 	       660 	       3 	        1 	       660 	       4 	        1 	       660 	       5 	        1
   4324202 	     3242 	          02 	          1935 	         0 	       7 	        6 	       180 	       1 	        1 	       450 	       2 	        1 	       435 	       3 	        1 	       435 	       4 	        1 	       435 	       5 	        1 	         0 	       6 	        6
   4324203 	     3242 	          03 	          2685 	       570 	       7 	        1 	         0 	       1 	        6 	       495 	       2 	        1 	       540 	       3 	        1 	       540 	       4 	        1 	       540 	       5 	        1 	         0 	       6 	        6
   4324301 	     3243 	          01 	          2430 	       495 	       1 	        1 	       480 	       2 	        1 	       495 	       3 	        1 	       480 	       4 	        1 	       480 	       5 	        1 	         0 	       6 	        6 	         0 	       7 	        6
   4324701 	     3247 	          01 	          2700 	       450 	       4 	        1 	       450 	       5 	        1 	       450 	       6 	        1 	       450 	       7 	        1 	         0 	       1 	        6 	       450 	       2 	        1 	       450 	       3 	        1
   4324702 	     3247 	          02 	          1560 	       510 	       4 	        1 	       210 	       5 	        1 	       210 	       6 	        1 	         0 	       7 	        6 	       210 	       1 	        1 	       210 	       2 	        1 	       210 	       3 	        1
   4324801 	     3248 	          01 	          1440 	         0 	       6 	        6 	         0 	       7 	        6 	       480 	       1 	        1 	       480 	       2 	        1 	       480 	       3 	        1 	         0 	       4 	        6 	         0 	       5 	        6
   4324802 	     3248 	          02 	          1680 	       240 	       6 	        1 	         0 	       7 	        6 	       480 	       1 	        1 	       480 	       2 	        1 	       480 	       3 	        1 	         0 	       4 	        6 	         0 	       5 	        6
   4325201 	     3252 	          01 	           840 	       420 	       1 	        1 	       420 	       2 	        1 	         0 	       3 	        6 	         0 	       4 	        6 	         0 	       5 	        6 	         0 	       6 	        6 	         0 	       7 	        6
   4325202 	     3252 	          02 	          2160 	       540 	       1 	        1 	       420 	       2 	        1 	       360 	       3 	        1 	       420 	       4 	        1 	       420 	       5 	        1 	         0 	       6 	        6 	         0 	       7 	        6
   4325401 	     3254 	          01 	          1980 	       420 	       4 	        1 	       420 	       5 	        1 	       300 	       6 	        1 	         0 	       7 	        6 	         0 	       1 	        6 	       420 	       2 	        1 	       420 	       3 	        1
   4325801 	     3258 	          01 	          1920 	         0 	       7 	        6 	         0 	       1 	        6 	       480 	       2 	        1 	       480 	       3 	        1 	       480 	       4 	        1 	       480 	       5 	        1 	         0 	       6 	        6
   4325802 	     3258 	          02 	          2850 	         0 	       7 	        6 	       540 	       1 	        1 	       570 	       2 	        1 	       540 	       3 	        1 	       600 	       4 	        1 	       600 	       5 	        1 	         0 	       6 	        6
   4325902 	     3259 	          02 	          2430 	         0 	       1 	        6 	       600 	       2 	        1 	       600 	       3 	        1 	       600 	       4 	        1 	       630 	       5 	        1 	         0 	       6 	        6 	         0 	       7 	        6
   4326101 	     3261 	          01 	          2805 	        60 	       4 	        1 	       900 	       5 	        1 	        60 	       6 	        1 	         0 	       7 	        6 	       900 	       1 	        1 	       675 	       2 	        1 	       210 	       3 	        1
   4326201 	     3262 	          01 	          2520 	       420 	       4 	        1 	       420 	       5 	        1 	       420 	       6 	        1 	       420 	       7 	        1 	       420 	       1 	        1 	       420 	       2 	        1 	         0 	       3 	        6
   4326401 	     3264 	          01 	          1650 	         0 	       6 	        6 	         0 	       7 	        6 	       330 	       1 	        1 	       330 	       2 	        1 	       330 	       3 	        1 	       330 	       4 	        1 	       330 	       5 	        1
   4328101 	     3281 	          01 	          2550 	         0 	       6 	        6 	         0 	       7 	        6 	       510 	       1 	        1 	       510 	       2 	        1 	       510 	       3 	        1 	       510 	       4 	        1 	       510 	       5 	        1
   4328401 	     3284 	          01 	          2850 	       570 	       1 	        1 	       570 	       2 	        1 	       570 	       3 	        1 	       570 	       4 	        1 	       570 	       5 	        1 	         0 	       6 	        6 	         0 	       7 	        6
   4328901 	     3289 	          01 	          2325 	         0 	       7 	        6 	       510 	       1 	        1 	       510 	       2 	        1 	       510 	       3 	        1 	       270 	       4 	        1 	       240 	       5 	        1 	       285 	       6 	        1
   4329501 	     3295 	          01 	          2580 	       540 	       2 	        1 	       540 	       3 	        1 	       540 	       4 	        1 	       420 	       5 	        1 	         0 	       6 	        6 	         0 	       7 	        6 	       540 	       1 	        1
   4330701 	     3307 	          01 	          2100 	       420 	       1 	        1 	       420 	       2 	        1 	       420 	       3 	        1 	       420 	       4 	        1 	       420 	       5 	        1 	         0 	       6 	        6 	         0 	       7 	        6
   4330901 	     3309 	          01 	          2760 	       720 	       4 	        1 	       120 	       5 	        1 	         0 	       6 	        6 	         0 	       7 	        6 	       720 	       1 	        1 	       720 	       2 	        1 	       480 	       3 	        1
   4330902 	     3309 	          02 	          2745 	       540 	       4 	        1 	       555 	       5 	        1 	         0 	       6 	        6 	         0 	       7 	        6 	       555 	       1 	        1 	       555 	       2 	        1 	       540 	       3 	        1
   4331601 	     3316 	          01 	          2460 	       480 	       1 	        1 	       480 	       2 	        1 	       480 	       3 	        1 	       540 	       4 	        1 	       480 	       5 	        1 	         0 	       6 	        6 	         0 	       7 	        6
   4331602 	     3316 	          02 	           900 	       180 	       1 	        1 	       180 	       2 	        1 	       180 	       3 	        1 	       180 	       4 	        1 	       180 	       5 	        1 	         0 	       6 	        6 	         0 	       7 	        6
   4331701 	     3317 	          01 	          1215 	       240 	       3 	        1 	       360 	       4 	        1 	         0 	       5 	        6 	         0 	       6 	        6 	         0 	       7 	        6 	       285 	       1 	        1 	       330 	       2 	        1
   4332301 	     3323 	          01 	          2100 	       420 	       1 	        1 	       420 	       2 	        1 	       420 	       3 	        1 	       420 	       4 	        1 	       420 	       5 	        1 	         0 	       6 	        6 	         0 	       7 	        6
   4332701 	     3327 	          01 	           600 	         0 	       3 	        6 	         0 	       4 	        6 	         0 	       5 	        6 	       300 	       6 	        1 	       300 	       7 	        1 	         0 	       1 	        6 	         0 	       2 	        6
   4332801 	     3328 	          01 	          3000 	         0 	       6 	        6 	         0 	       7 	        6 	       660 	       1 	        1 	       540 	       2 	        1 	       540 	       3 	        1 	       540 	       4 	        1 	       720 	       5 	        1
   4332802 	     3328 	          02 	          1140 	         0 	       6 	        6 	         0 	       7 	        6 	       240 	       1 	        1 	       240 	       2 	        1 	       300 	       3 	        1 	       240 	       4 	        1 	       120 	       5 	        1
   4333801 	     3338 	          01 	          2100 	         0 	       7 	        6 	       540 	       1 	        1 	       360 	       2 	        1 	       540 	       3 	        1 	       480 	       4 	        1 	       180 	       5 	        1 	         0 	       6 	        6
   4334001 	     3340 	          01 	          2625 	       525 	       1 	        1 	       525 	       2 	        1 	       525 	       3 	        1 	       525 	       4 	        1 	       525 	       5 	        1 	         0 	       6 	        6 	         0 	       7 	        6
   4334301 	     3343 	          01 	           525 	         0 	       3 	        6 	         0 	       4 	        6 	        90 	       5 	        1 	        90 	       6 	        1 	         0 	       7 	        6 	       150 	       1 	        1 	       195 	       2 	        1
   4334401 	     3344 	          01 	           450 	         0 	       6 	        6 	         0 	       7 	        6 	        90 	       1 	        1 	        90 	       2 	        1 	        90 	       3 	        1 	        90 	       4 	        1 	        90 	       5 	        1
   4334402 	     3344 	          02 	           240 	         0 	       6 	        6 	         0 	       7 	        6 	        90 	       1 	        1 	         0 	       2 	        6 	        90 	       3 	        1 	         0 	       4 	        6 	        60 	       5 	        1
   4334501 	     3345 	          01 	          2100 	         0 	       6 	        6 	         0 	       7 	        6 	       420 	       1 	        1 	       420 	       2 	        1 	       420 	       3 	        1 	       420 	       4 	        1 	       420 	       5 	        1
   4334705 	     3347 	          05 	             0 	         0 	       1 	        1 	         0 	       2 	        1 	         0 	       3 	        1 	         0 	       4 	        1 	         0 	       5 	        1 	         0 	       6 	        1 	         0 	       7 	        1
   4334902 	     3349 	          02 	          1980 	       420 	       4 	        1 	       420 	       5 	        1 	       420 	       6 	        1 	         0 	       7 	        6 	       360 	       1 	        1 	       360 	       2 	        1 	         0 	       3 	        6
   4336001 	     3360 	          01 	          3105 	         0 	       6 	        6 	         0 	       7 	        6 	       660 	       1 	        1 	       600 	       2 	        1 	       600 	       3 	        1 	       600 	       4 	        1 	       645 	       5 	        1
   4336002 	     3360 	          02 	          1920 	         0 	       6 	        6 	         0 	       7 	        6 	       480 	       1 	        1 	       480 	       2 	        1 	       480 	       3 	        1 	       480 	       4 	        1 	         0 	       5 	        6
   4336201 	     3362 	          01 	          3210 	         0 	       7 	        6 	       705 	       1 	        1 	       585 	       2 	        1 	       675 	       3 	        1 	       660 	       4 	        1 	       585 	       5 	        1 	         0 	       6 	        6
   4336202 	     3362 	          02 	          2400 	         0 	       7 	        6 	       480 	       1 	        1 	       480 	       2 	        1 	       480 	       3 	        1 	       480 	       4 	        1 	       480 	       5 	        1 	         0 	       6 	        6
   4336301 	     3363 	          01 	           720 	         0 	       1 	        6 	         0 	       2 	        6 	       720 	       3 	        1 	         0 	       4 	        6 	         0 	       5 	        6 	         0 	       6 	        6 	         0 	       7 	        6
   4336402 	     3364 	          02 	          3240 	       540 	       1 	        1 	       540 	       2 	        1 	       540 	       3 	        1 	       540 	       4 	        1 	       540 	       5 	        1 	       540 	       6 	        1 	         0 	       7 	        6
   4336502 	     3365 	          02 	          2550 	       510 	       4 	        1 	       510 	       5 	        1 	         0 	       6 	        6 	         0 	       7 	        6 	       510 	       1 	        1 	       510 	       2 	        1 	       510 	       3 	        1
   4336801 	     3368 	          01 	          1800 	         0 	       6 	        6 	         0 	       7 	        6 	       360 	       1 	        1 	       360 	       2 	        1 	       360 	       3 	        1 	       360 	       4 	        1 	       360 	       5 	        1
   4337001 	     3370 	          01 	          1440 	         0 	       7 	        6 	       300 	       1 	        1 	       300 	       2 	        1 	       240 	       3 	        1 	       300 	       4 	        1 	       300 	       5 	        1 	         0 	       6 	        6
   4337002 	     3370 	          02 	          3600 	         0 	       7 	        6 	       600 	       1 	        1 	       600 	       2 	        1 	       600 	       3 	        1 	       600 	       4 	        1 	       600 	       5 	        1 	       600 	       6 	        1
   4337301 	     3373 	          01 	           300 	         0 	       2 	        6 	         0 	       3 	        6 	         0 	       4 	        6 	         0 	       5 	        6 	         0 	       6 	        6 	         0 	       7 	        6 	       300 	       1 	        1
   4337501 	     3375 	          01 	          1440 	         0 	       2 	        6 	         0 	       3 	        6 	       480 	       4 	        1 	       480 	       5 	        1 	         0 	       6 	        6 	         0 	       7 	        6 	       480 	       1 	        1
   4337701 	     3377 	          01 	          1920 	         0 	       6 	        6 	         0 	       7 	        6 	       480 	       1 	        1 	       480 	       2 	        1 	       480 	       3 	        1 	       480 	       4 	        1 	         0 	       5 	        6
   4337801 	     3378 	          01 	          1290 	         0 	       7 	        6 	       240 	       1 	        1 	       450 	       2 	        1 	       360 	       3 	        1 	       240 	       4 	        1 	         0 	       5 	        6 	         0 	       6 	        6
   4337901 	     3379 	          01 	          3120 	         0 	       7 	        6 	       540 	       1 	        1 	       540 	       2 	        1 	       600 	       3 	        1 	       540 	       4 	        1 	       480 	       5 	        1 	       420 	       6 	        1
   4337902 	     3379 	          02 	          3120 	         0 	       7 	        6 	       600 	       1 	        1 	       480 	       2 	        1 	       480 	       3 	        1 	       480 	       4 	        1 	       480 	       5 	        1 	       600 	       6 	        1
   4339601 	     3396 	          01 	          2880 	       480 	       1 	        1 	       480 	       2 	        1 	       480 	       3 	        1 	       480 	       4 	        1 	       480 	       5 	        1 	         0 	       6 	        6 	       480 	       7 	        1
   4339602 	     3396 	          02 	          2100 	       420 	       1 	        1 	       420 	       2 	        1 	       420 	       3 	        1 	       420 	       4 	        1 	       420 	       5 	        1 	         0 	       6 	        6 	         0 	       7 	        6
   4339901 	     3399 	          01 	          2700 	       540 	       3 	        1 	       540 	       4 	        1 	       540 	       5 	        1 	         0 	       6 	        6 	         0 	       7 	        6 	       540 	       1 	        1 	       540 	       2 	        1
   4339902 	     3399 	          02 	          1800 	       360 	       3 	        1 	       360 	       4 	        1 	       360 	       5 	        1 	         0 	       6 	        6 	         0 	       7 	        6 	       360 	       1 	        1 	       360 	       2 	        1
   4340101 	     3401 	          01 	          2400 	       480 	       7 	        1 	         0 	       1 	        6 	         0 	       2 	        6 	       480 	       3 	        1 	       480 	       4 	        1 	       480 	       5 	        1 	       480 	       6 	        1
   4340102 	     3401 	          02 	          1800 	       300 	       7 	        1 	       300 	       1 	        1 	       300 	       2 	        1 	       300 	       3 	        1 	       300 	       4 	        1 	       300 	       5 	        1 	         0 	       6 	        6
   4340301 	     3403 	          01 	          2520 	       480 	       1 	        1 	       480 	       2 	        1 	       480 	       3 	        1 	       480 	       4 	        1 	       600 	       5 	        1 	         0 	       6 	        6 	         0 	       7 	        6
   4340303 	     3403 	          03 	          2400 	       480 	       1 	        1 	       480 	       2 	        1 	       480 	       3 	        1 	       480 	       4 	        1 	       480 	       5 	        1 	         0 	       6 	        6 	         0 	       7 	        6
   4340402 	     3404 	          02 	          2610 	       510 	       1 	        1 	       510 	       2 	        1 	       510 	       3 	        1 	       510 	       4 	        1 	       570 	       5 	        1 	         0 	       6 	        6 	         0 	       7 	        6
   4341001 	     3410 	          01 	           960 	         0 	       7 	        6 	       240 	       1 	        1 	       240 	       2 	        1 	       240 	       3 	        1 	         0 	       4 	        6 	       240 	       5 	        1 	         0 	       6 	        6
   4341202 	     3412 	          02 	           540 	        60 	       1 	        1 	        60 	       2 	        1 	        60 	       3 	        1 	        60 	       4 	        1 	        60 	       5 	        1 	       120 	       6 	        1 	       120 	       7 	        1
   4341504 	     3415 	          04 	          2550 	       510 	       3 	        1 	       510 	       4 	        1 	       510 	       5 	        1 	         0 	       6 	        6 	         0 	       7 	        6 	       510 	       1 	        1 	       510 	       2 	        1
   4341701 	     3417 	          01 	          3000 	       510 	       7 	        1 	       510 	       1 	        1 	       510 	       2 	        1 	       450 	       3 	        1 	       510 	       4 	        1 	       510 	       5 	        1 	         0 	       6 	        6
   4342202 	     3422 	          02 	          2760 	         0 	       4 	        6 	         0 	       5 	        6 	       360 	       6 	        1 	       600 	       7 	        1 	       600 	       1 	        1 	       600 	       2 	        1 	       600 	       3 	        1
   4342301 	     3423 	          01 	          2100 	       420 	       4 	        1 	       420 	       5 	        1 	         0 	       6 	        6 	         0 	       7 	        6 	       420 	       1 	        1 	       420 	       2 	        1 	       420 	       3 	        1
   4342501 	     3425 	          01 	          3150 	         0 	       6 	        6 	         0 	       7 	        6 	       630 	       1 	        1 	       630 	       2 	        1 	       630 	       3 	        1 	       630 	       4 	        1 	       630 	       5 	        1
   4342502 	     3425 	          02 	          3360 	       480 	       6 	        1 	       480 	       7 	        1 	       480 	       1 	        1 	       480 	       2 	        1 	       480 	       3 	        1 	       480 	       4 	        1 	       480 	       5 	        1
   4342601 	     3426 	          01 	          3120 	         0 	       7 	        6 	       540 	       1 	        1 	       540 	       2 	        1 	       540 	       3 	        1 	       540 	       4 	        1 	       540 	       5 	        1 	       420 	       6 	        1
   4342602 	     3426 	          02 	          1230 	         0 	       7 	        6 	       240 	       1 	        1 	         0 	       2 	        6 	       480 	       3 	        1 	       240 	       4 	        1 	       270 	       5 	        1 	         0 	       6 	        6
   4343101 	     3431 	          01 	          2130 	       420 	       3 	        1 	       420 	       4 	        1 	       450 	       5 	        1 	         0 	       6 	        6 	         0 	       7 	        6 	       420 	       1 	        1 	       420 	       2 	        1
   4343102 	     3431 	          02 	          2160 	       420 	       3 	        1 	       480 	       4 	        1 	       240 	       5 	        1 	         0 	       6 	        6 	         0 	       7 	        6 	       480 	       1 	        1 	       540 	       2 	        1
   4343601 	     3436 	          01 	          2760 	         0 	       1 	        6 	         0 	       2 	        6 	         0 	       3 	        6 	         0 	       4 	        6 	       480 	       5 	        1 	      1440 	       6 	        1 	       840 	       7 	        1
   4343602 	     3436 	          02 	          2400 	       480 	       1 	        1 	       480 	       2 	        1 	       480 	       3 	        1 	       480 	       4 	        1 	       480 	       5 	        1 	         0 	       6 	        6 	         0 	       7 	        6
   4344001 	     3440 	          01 	          1950 	         0 	       6 	        6 	         0 	       7 	        6 	       480 	       1 	        1 	       600 	       2 	        1 	       120 	       3 	        1 	         0 	       4 	        6 	       750 	       5 	        1
   4344501 	     3445 	          01 	          1200 	       300 	       4 	        1 	       240 	       5 	        1 	         0 	       6 	        6 	         0 	       7 	        6 	       180 	       1 	        1 	       240 	       2 	        1 	       240 	       3 	        1
   4344502 	     3445 	          02 	          2490 	       405 	       4 	        1 	       510 	       5 	        1 	         0 	       6 	        6 	         0 	       7 	        6 	       525 	       1 	        1 	       525 	       2 	        1 	       525 	       3 	        1
   4344802 	     3448 	          02 	          2550 	         0 	       6 	        6 	         0 	       7 	        6 	       510 	       1 	        1 	       510 	       2 	        1 	       510 	       3 	        1 	       510 	       4 	        1 	       510 	       5 	        1
   4344803 	     3448 	          03 	          2550 	         0 	       6 	        6 	         0 	       7 	        6 	       480 	       1 	        1 	       480 	       2 	        1 	       480 	       3 	        1 	       480 	       4 	        1 	       630 	       5 	        1
   4345001 	     3450 	          01 	          3150 	         0 	       7 	        6 	       630 	       1 	        1 	       630 	       2 	        1 	       630 	       3 	        1 	       630 	       4 	        1 	       630 	       5 	        1 	         0 	       6 	        6
   4345002 	     3450 	          02 	          1200 	         0 	       7 	        6 	       240 	       1 	        1 	       240 	       2 	        1 	       240 	       3 	        1 	       240 	       4 	        1 	       240 	       5 	        1 	         0 	       6 	        6
   4345201 	     3452 	          01 	          2400 	       480 	       1 	        1 	       480 	       2 	        1 	       480 	       3 	        1 	       480 	       4 	        1 	       480 	       5 	        1 	         0 	       6 	        6 	         0 	       7 	        6
   4345202 	     3452 	          02 	          2400 	       420 	       1 	        1 	       600 	       2 	        1 	       540 	       3 	        1 	       420 	       4 	        1 	       420 	       5 	        1 	         0 	       6 	        6 	         0 	       7 	        6
   4346101 	     3461 	          01 	          2340 	       480 	       5 	        1 	         0 	       6 	        6 	         0 	       7 	        6 	       480 	       1 	        1 	       480 	       2 	        1 	       480 	       3 	        1 	       420 	       4 	        1
   4346102 	     3461 	          02 	          2400 	       480 	       5 	        1 	         0 	       6 	        6 	         0 	       7 	        6 	       480 	       1 	        1 	       480 	       2 	        1 	       480 	       3 	        1 	       480 	       4 	        1
   4346201 	     3462 	          01 	          2550 	       510 	       5 	        1 	         0 	       6 	        6 	         0 	       7 	        6 	       510 	       1 	        1 	       510 	       2 	        1 	       510 	       3 	        1 	       510 	       4 	        1
   4346202 	     3462 	          02 	          2400 	       480 	       5 	        1 	         0 	       6 	        6 	         0 	       7 	        6 	       480 	       1 	        1 	       480 	       2 	        1 	       480 	       3 	        1 	       480 	       4 	        1
   4346501 	     3465 	          01 	          2460 	       240 	       6 	        1 	         0 	       7 	        6 	       420 	       1 	        1 	       420 	       2 	        1 	       480 	       3 	        1 	       480 	       4 	        1 	       420 	       5 	        1
   4346503 	     3465 	          03 	          2460 	       240 	       6 	        1 	         0 	       7 	        6 	       420 	       1 	        1 	       420 	       2 	        1 	       480 	       3 	        1 	       480 	       4 	        1 	       420 	       5 	        1
   4346504 	     3465 	          04 	          2460 	       240 	       6 	        1 	         0 	       7 	        6 	       420 	       1 	        1 	       420 	       2 	        1 	       480 	       3 	        1 	       480 	       4 	        1 	       420 	       5 	        1
   4346801 	     3468 	          01 	          1920 	       420 	       1 	        1 	       420 	       2 	        1 	       360 	       3 	        1 	       360 	       4 	        1 	       360 	       5 	        1 	         0 	       6 	        6 	         0 	       7 	        6
   4346901 	     3469 	          01 	          2400 	       480 	       2 	        1 	       480 	       3 	        1 	       480 	       4 	        1 	       480 	       5 	        1 	         0 	       6 	        6 	         0 	       7 	        6 	       480 	       1 	        1
   4346902 	     3469 	          02 	          1200 	       240 	       2 	        1 	       240 	       3 	        1 	       240 	       4 	        1 	       240 	       5 	        1 	         0 	       6 	        6 	         0 	       7 	        6 	       240 	       1 	        1
   4347101 	     3471 	          01 	          3300 	       660 	       2 	        1 	       660 	       3 	        1 	       660 	       4 	        1 	       660 	       5 	        1 	         0 	       6 	        6 	         0 	       7 	        6 	       660 	       1 	        1
   4347301 	     3473 	          01 	          3540 	       660 	       6 	        1 	       120 	       7 	        1 	       720 	       1 	        1 	       660 	       2 	        1 	       720 	       3 	        1 	         0 	       4 	        6 	       660 	       5 	        1
   4347302 	     3473 	          02 	           840 	         0 	       6 	        6 	         0 	       7 	        6 	       360 	       1 	        1 	         0 	       2 	        6 	       240 	       3 	        1 	         0 	       4 	        6 	       240 	       5 	        1
   4347601 	     3476 	          01 	          2580 	       450 	       1 	        1 	       450 	       2 	        1 	       450 	       3 	        1 	       450 	       4 	        1 	       450 	       5 	        1 	       330 	       6 	        1 	         0 	       7 	        6
   4347602 	     3476 	          02 	          2670 	       450 	       1 	        1 	       450 	       2 	        1 	       450 	       3 	        1 	       450 	       4 	        1 	       450 	       5 	        1 	       420 	       6 	        1 	         0 	       7 	        6
   4347603 	     3476 	          03 	           210 	         0 	       1 	        6 	         0 	       2 	        6 	         0 	       3 	        6 	         0 	       4 	        6 	         0 	       5 	        6 	         0 	       6 	        6 	       210 	       7 	        1
   4347604 	     3476 	          04 	           360 	         0 	       1 	        6 	         0 	       2 	        6 	         0 	       3 	        6 	         0 	       4 	        6 	         0 	       5 	        6 	         0 	       6 	        6 	       360 	       7 	        1
   4347802 	     3478 	          02 	          2325 	       465 	       5 	        1 	         0 	       6 	        6 	         0 	       7 	        6 	       465 	       1 	        1 	       465 	       2 	        1 	       465 	       3 	        1 	       465 	       4 	        1
   4348401 	     3484 	          01 	          3180 	       480 	       1 	        1 	       480 	       2 	        1 	       480 	       3 	        1 	       480 	       4 	        1 	       480 	       5 	        1 	       480 	       6 	        1 	       300 	       7 	        1
   4348601 	     3486 	          01 	          2400 	       480 	       2 	        1 	         0 	       3 	        6 	         0 	       4 	        6 	       480 	       5 	        1 	       480 	       6 	        1 	       480 	       7 	        1 	       480 	       1 	        1
   4349001 	     3490 	          01 	          1800 	         0 	       7 	        6 	       360 	       1 	        1 	       360 	       2 	        1 	       360 	       3 	        1 	       360 	       4 	        1 	       360 	       5 	        1 	         0 	       6 	        6
   4349002 	     3490 	          02 	          2100 	         0 	       7 	        6 	       420 	       1 	        1 	       420 	       2 	        1 	       420 	       3 	        1 	       420 	       4 	        1 	       420 	       5 	        1 	         0 	       6 	        6
   4349602 	     3496 	          02 	          1800 	         0 	       6 	        6 	         0 	       7 	        6 	       360 	       1 	        1 	       360 	       2 	        1 	       360 	       3 	        1 	       360 	       4 	        1 	       360 	       5 	        1
   4349902 	     3499 	          02 	          3090 	       600 	       1 	        1 	       630 	       2 	        1 	       600 	       3 	        1 	       630 	       4 	        1 	       630 	       5 	        1 	         0 	       6 	        6 	         0 	       7 	        6
   4350801 	     3508 	          01 	          2700 	       480 	       1 	        1 	       480 	       2 	        1 	       480 	       3 	        1 	       480 	       4 	        1 	       480 	       5 	        1 	       300 	       6 	        1 	         0 	       7 	        6
   4351502 	     3515 	          02 	          2100 	         0 	       7 	        6 	       420 	       1 	        1 	       420 	       2 	        1 	       420 	       3 	        1 	       420 	       4 	        1 	       420 	       5 	        1 	         0 	       6 	        6
   4351801 	     3518 	          01 	          2550 	       480 	       5 	        1 	         0 	       6 	        6 	         0 	       7 	        6 	       540 	       1 	        1 	       570 	       2 	        1 	       480 	       3 	        1 	       480 	       4 	        1
   4352301 	     3523 	          01 	          2250 	       450 	       1 	        1 	       450 	       2 	        1 	       450 	       3 	        1 	       450 	       4 	        1 	       450 	       5 	        1 	         0 	       6 	        6 	         0 	       7 	        6
   4352902 	     3529 	          02 	          1440 	         0 	       6 	        6 	         0 	       7 	        6 	       480 	       1 	        1 	       480 	       2 	        1 	       480 	       3 	        1 	         0 	       4 	        6 	         0 	       5 	        6
   4353001 	     3530 	          01 	          3000 	         0 	       7 	        6 	       600 	       1 	        1 	       600 	       2 	        1 	       600 	       3 	        1 	         0 	       4 	        6 	       600 	       5 	        1 	       600 	       6 	        1
   4353205 	     3532 	          05 	          1440 	       480 	       1 	        1 	       480 	       2 	        1 	       480 	       3 	        1 	         0 	       4 	        6 	         0 	       5 	        6 	         0 	       6 	        6 	         0 	       7 	        6
   4353401 	     3534 	          01 	          2340 	         0 	       4 	        6 	       480 	       5 	        1 	       420 	       6 	        1 	         0 	       7 	        6 	       480 	       1 	        1 	       480 	       2 	        1 	       480 	       3 	        1
   4353402 	     3534 	          02 	          3360 	       540 	       4 	        1 	       600 	       5 	        1 	        60 	       6 	        1 	       360 	       7 	        1 	       600 	       1 	        1 	       600 	       2 	        1 	       600 	       3 	        1
   4353501 	     3535 	          01 	          1260 	         0 	       4 	        6 	         0 	       5 	        6 	         0 	       6 	        6 	         0 	       7 	        6 	       420 	       1 	        1 	       420 	       2 	        1 	       420 	       3 	        1
   4353701 	     3537 	          01 	          3000 	         0 	       6 	        6 	         0 	       7 	        6 	       600 	       1 	        1 	       600 	       2 	        1 	       600 	       3 	        1 	       600 	       4 	        1 	       600 	       5 	        1
   4353801 	     3538 	          01 	          2400 	         0 	       7 	        6 	       480 	       1 	        1 	       480 	       2 	        1 	       480 	       3 	        1 	       480 	       4 	        1 	       480 	       5 	        1 	         0 	       6 	        6
   4354301 	     3543 	          01 	          1950 	       390 	       5 	        1 	         0 	       6 	        6 	         0 	       7 	        6 	       390 	       1 	        1 	       390 	       2 	        1 	       390 	       3 	        1 	       390 	       4 	        1
   4355401 	     3554 	          01 	          4680 	         0 	       7 	        6 	       780 	       1 	        1 	       780 	       2 	        1 	       780 	       3 	        1 	       780 	       4 	        1 	       780 	       5 	        1 	       780 	       6 	        1
   4355402 	     3554 	          02 	          1440 	         0 	       7 	        6 	       360 	       1 	        1 	         0 	       2 	        6 	       360 	       3 	        1 	         0 	       4 	        6 	       360 	       5 	        1 	       360 	       6 	        1
   4355701 	     3557 	          01 	          3300 	       600 	       4 	        1 	       540 	       5 	        1 	       240 	       6 	        1 	         0 	       7 	        6 	       660 	       1 	        1 	       600 	       2 	        1 	       660 	       3 	        1
   4355702 	     3557 	          02 	          2400 	       480 	       4 	        1 	       480 	       5 	        1 	         0 	       6 	        6 	         0 	       7 	        6 	       480 	       1 	        1 	       480 	       2 	        1 	       480 	       3 	        1
   4355901 	     3559 	          01 	          2220 	       420 	       4 	        1 	       420 	       5 	        1 	       360 	       6 	        1 	       180 	       7 	        1 	         0 	       1 	        6 	       420 	       2 	        1 	       420 	       3 	        1
   4355902 	     3559 	          02 	          2910 	       510 	       4 	        1 	       480 	       5 	        1 	       480 	       6 	        1 	         0 	       7 	        6 	       480 	       1 	        1 	       480 	       2 	        1 	       480 	       3 	        1
   4356001 	     3560 	          01 	          2220 	         0 	       6 	        6 	         0 	       7 	        6 	       510 	       1 	        1 	         0 	       2 	        6 	       570 	       3 	        1 	       570 	       4 	        1 	       570 	       5 	        1
   4356302 	     3563 	          02 	          3000 	       600 	       1 	        1 	       600 	       2 	        1 	       600 	       3 	        1 	       600 	       4 	        1 	       600 	       5 	        1 	         0 	       6 	        6 	         0 	       7 	        6
   4356401 	     3564 	          01 	          1800 	       300 	       1 	        1 	       300 	       2 	        1 	       300 	       3 	        1 	       300 	       4 	        1 	       300 	       5 	        1 	       300 	       6 	        1 	         0 	       7 	        6
   4356402 	     3564 	          02 	          2400 	       480 	       1 	        1 	       480 	       2 	        1 	       480 	       3 	        1 	       480 	       4 	        1 	       480 	       5 	        1 	         0 	       6 	        6 	         0 	       7 	        6
   4356601 	     3566 	          01 	          3000 	       570 	       3 	        1 	       570 	       4 	        1 	       480 	       5 	        1 	       240 	       6 	        1 	         0 	       7 	        6 	       570 	       1 	        1 	       570 	       2 	        1
   4358802 	     3588 	          02 	          5040 	       720 	       6 	        1 	       720 	       7 	        1 	       720 	       1 	        1 	       720 	       2 	        1 	       720 	       3 	        1 	       720 	       4 	        1 	       720 	       5 	        1
   4359201 	     3592 	          01 	          1500 	       300 	       1 	        1 	       300 	       2 	        1 	       300 	       3 	        1 	       300 	       4 	        1 	       300 	       5 	        1 	         0 	       6 	        6 	         0 	       7 	        6
   4360901 	     3609 	          01 	          2700 	         0 	       7 	        6 	       600 	       1 	        1 	       600 	       2 	        1 	       600 	       3 	        1 	       600 	       4 	        1 	       300 	       5 	        1 	         0 	       6 	        6
   4360902 	     3609 	          02 	           960 	         0 	       7 	        6 	       240 	       1 	        1 	       240 	       2 	        1 	       240 	       3 	        1 	       240 	       4 	        1 	         0 	       5 	        6 	         0 	       6 	        6
   4362001 	     3620 	          01 	          2550 	         0 	       7 	        6 	       510 	       1 	        1 	       510 	       2 	        1 	       510 	       3 	        1 	       510 	       4 	        1 	       510 	       5 	        1 	         0 	       6 	        6
   4362002 	     3620 	          02 	          1680 	         0 	       7 	        6 	       420 	       1 	        1 	       420 	       2 	        1 	       420 	       3 	        1 	       420 	       4 	        1 	         0 	       5 	        6 	         0 	       6 	        6
   4362401 	     3624 	          01 	          2430 	       420 	       5 	        1 	         0 	       6 	        6 	         0 	       7 	        6 	       420 	       1 	        1 	       630 	       2 	        1 	       540 	       3 	        1 	       420 	       4 	        1
   4362402 	     3624 	          02 	          2940 	       480 	       5 	        1 	       420 	       6 	        1 	         0 	       7 	        6 	       480 	       1 	        1 	       540 	       2 	        1 	       540 	       3 	        1 	       480 	       4 	        1
   4363202 	     3632 	          02 	          2580 	       510 	       1 	        1 	       540 	       2 	        1 	       540 	       3 	        1 	       510 	       4 	        1 	       480 	       5 	        1 	         0 	       6 	        6 	         0 	       7 	        6
   4363401 	     3634 	          01 	           900 	         0 	       3 	        6 	         0 	       4 	        6 	         0 	       5 	        6 	         0 	       6 	        6 	         0 	       7 	        6 	       450 	       1 	        1 	       450 	       2 	        1
   4363501 	     3635 	          01 	          1200 	       240 	       3 	        1 	       240 	       4 	        1 	       240 	       5 	        1 	         0 	       6 	        6 	         0 	       7 	        6 	       240 	       1 	        1 	       240 	       2 	        1
   4363502 	     3635 	          02 	          2100 	       420 	       3 	        1 	       420 	       4 	        1 	       420 	       5 	        1 	         0 	       6 	        6 	         0 	       7 	        6 	       420 	       1 	        1 	       420 	       2 	        1
   4363701 	     3637 	          01 	          2370 	       240 	       6 	        1 	       300 	       7 	        1 	       360 	       1 	        1 	       360 	       2 	        1 	       270 	       3 	        1 	       420 	       4 	        1 	       420 	       5 	        1
   4364101 	     3641 	          01 	          1350 	       270 	       3 	        1 	       270 	       4 	        1 	       270 	       5 	        1 	         0 	       6 	        6 	         0 	       7 	        6 	       270 	       1 	        1 	       270 	       2 	        1
   4364201 	     3642 	          01 	          2400 	       480 	       3 	        1 	       480 	       4 	        1 	       480 	       5 	        1 	         0 	       6 	        6 	         0 	       7 	        6 	       480 	       1 	        1 	       480 	       2 	        1
   4364202 	     3642 	          02 	          3390 	       660 	       3 	        1 	       720 	       4 	        1 	       660 	       5 	        1 	         0 	       6 	        6 	         0 	       7 	        6 	       660 	       1 	        1 	       690 	       2 	        1
   4364701 	     3647 	          01 	          2475 	         0 	       7 	        6 	       495 	       1 	        1 	       495 	       2 	        1 	       495 	       3 	        1 	       495 	       4 	        1 	       495 	       5 	        1 	         0 	       6 	        6
   4364702 	     3647 	          02 	          2100 	         0 	       7 	        6 	       420 	       1 	        1 	       420 	       2 	        1 	       420 	       3 	        1 	       420 	       4 	        1 	       420 	       5 	        1 	         0 	       6 	        6
   4364801 	     3648 	          01 	          2490 	       510 	       1 	        1 	       510 	       2 	        1 	       510 	       3 	        1 	       480 	       4 	        1 	       480 	       5 	        1 	         0 	       6 	        6 	         0 	       7 	        6
   4364802 	     3648 	          02 	          2400 	       480 	       1 	        1 	       480 	       2 	        1 	       480 	       3 	        1 	       480 	       4 	        1 	       480 	       5 	        1 	         0 	       6 	        6 	         0 	       7 	        6
   4365001 	     3650 	          01 	          2880 	       480 	       4 	        1 	       480 	       5 	        1 	       480 	       6 	        1 	         0 	       7 	        6 	       480 	       1 	        1 	       480 	       2 	        1 	       480 	       3 	        1
   4365102 	     3651 	          02 	          1200 	       240 	       4 	        1 	       240 	       5 	        1 	         0 	       6 	        6 	         0 	       7 	        6 	       240 	       1 	        1 	       240 	       2 	        1 	       240 	       3 	        1
   4365401 	     3654 	          01 	          2700 	         0 	       7 	        6 	       480 	       1 	        1 	       480 	       2 	        1 	       480 	       3 	        1 	       480 	       4 	        1 	       480 	       5 	        1 	       300 	       6 	        1
   4368101 	     3681 	          01 	          1200 	       240 	       2 	        1 	       240 	       3 	        1 	       240 	       4 	        1 	       240 	       5 	        1 	         0 	       6 	        6 	         0 	       7 	        6 	       240 	       1 	        1
   4368103 	     3681 	          03 	          2400 	       480 	       2 	        1 	       480 	       3 	        1 	       480 	       4 	        1 	       480 	       5 	        1 	         0 	       6 	        6 	         0 	       7 	        6 	       480 	       1 	        1
   4368202 	     3682 	          02 	          2250 	       450 	       2 	        1 	       450 	       3 	        1 	       450 	       4 	        1 	       450 	       5 	        1 	         0 	       6 	        6 	         0 	       7 	        6 	       450 	       1 	        1
   4368601 	     3686 	          01 	          1875 	         0 	       7 	        6 	       375 	       1 	        1 	       375 	       2 	        1 	       375 	       3 	        1 	       375 	       4 	        1 	       375 	       5 	        1 	         0 	       6 	        6
   4368602 	     3686 	          02 	          2250 	         0 	       7 	        6 	       450 	       1 	        1 	       450 	       2 	        1 	       450 	       3 	        1 	       450 	       4 	        1 	       450 	       5 	        1 	         0 	       6 	        6
   4368902 	     3689 	          02 	          4485 	       660 	       2 	        1 	         0 	       3 	        6 	       600 	       4 	        1 	       900 	       5 	        1 	       840 	       6 	        1 	       690 	       7 	        1 	       795 	       1 	        1
   4368903 	     3689 	          03 	          1875 	         0 	       2 	        6 	         0 	       3 	        6 	         0 	       4 	        6 	       780 	       5 	        1 	       600 	       6 	        1 	       360 	       7 	        1 	       135 	       1 	        1
   4369001 	     3690 	          01 	          2400 	         0 	       2 	        6 	       480 	       3 	        1 	       480 	       4 	        1 	       480 	       5 	        1 	       480 	       6 	        1 	         0 	       7 	        6 	       480 	       1 	        1
   4369201 	     3692 	          01 	          1890 	         0 	       6 	        6 	         0 	       7 	        6 	       420 	       1 	        1 	       420 	       2 	        1 	       420 	       3 	        1 	       420 	       4 	        1 	       210 	       5 	        1
   4369202 	     3692 	          02 	          3360 	       240 	       6 	        1 	       180 	       7 	        1 	       600 	       1 	        1 	       600 	       2 	        1 	       600 	       3 	        1 	       600 	       4 	        1 	       540 	       5 	        1
   4369401 	     3694 	          01 	          1050 	         0 	       7 	        6 	       390 	       1 	        1 	       390 	       2 	        1 	       270 	       3 	        1 	         0 	       4 	        6 	         0 	       5 	        6 	         0 	       6 	        6
   4370001 	     3700 	          01 	          2400 	         0 	       6 	        6 	         0 	       7 	        6 	       480 	       1 	        1 	       480 	       2 	        1 	       480 	       3 	        1 	       480 	       4 	        1 	       480 	       5 	        1
   4370301 	     3703 	          01 	             0 	         0 	       1 	        6 	         0 	       2 	        6 	         0 	       3 	        6 	         0 	       4 	        6 	         0 	       5 	        6 	         0 	       6 	        6 	         0 	       7 	        6
   4370601 	     3706 	          01 	             0 	         0 	       3 	        6 	         0 	       4 	        6 	         0 	       5 	        6 	         0 	       6 	        6 	         0 	       7 	        6 	         0 	       1 	        6 	         0 	       2 	        6
   4370602 	     3706 	          02 	          4920 	       510 	       3 	        1 	      1290 	       4 	        1 	       570 	       5 	        1 	         0 	       6 	        6 	      1290 	       7 	        1 	       645 	       1 	        1 	       615 	       2 	        1
   4370701 	     3707 	          01 	           810 	       270 	       3 	        1 	       270 	       4 	        1 	       270 	       5 	        1 	         0 	       6 	        6 	         0 	       7 	        6 	         0 	       1 	        6 	         0 	       2 	        6
   4370702 	     3707 	          02 	          3120 	         0 	       3 	        6 	         0 	       4 	        6 	      1440 	       5 	        1 	       300 	       6 	        1 	         0 	       7 	        6 	         0 	       1 	        6 	      1380 	       2 	        1
   4370801 	     3708 	          01 	          1800 	       360 	       3 	        1 	       360 	       4 	        1 	       360 	       5 	        1 	         0 	       6 	        6 	         0 	       7 	        6 	       360 	       1 	        1 	       360 	       2 	        1
   4370802 	     3708 	          02 	          2430 	       510 	       3 	        1 	       510 	       4 	        1 	       360 	       5 	        1 	         0 	       6 	        6 	         0 	       7 	        6 	       540 	       1 	        1 	       510 	       2 	        1
   4370901 	     3709 	          01 	          2775 	       675 	       6 	        1 	         0 	       7 	        6 	       420 	       1 	        1 	       420 	       2 	        1 	       420 	       3 	        1 	       420 	       4 	        1 	       420 	       5 	        1
   4370902 	     3709 	          02 	             0 	         0 	       6 	        6 	         0 	       7 	        6 	         0 	       1 	        6 	         0 	       2 	        6 	         0 	       3 	        6 	         0 	       4 	        6 	         0 	       5 	        6
   4371101 	     3711 	          01 	             0 	         0 	       7 	        6 	         0 	       1 	        6 	         0 	       2 	        6 	         0 	       3 	        6 	         0 	       4 	        6 	         0 	       5 	        6 	         0 	       6 	        6
   4371201 	     3712 	          01 	             0 	         0 	       7 	        6 	         0 	       1 	        6 	         0 	       2 	        6 	         0 	       3 	        6 	         0 	       4 	        6 	         0 	       5 	        6 	         0 	       6 	        6
   4371301 	     3713 	          01 	          2100 	       420 	       1 	        1 	       420 	       2 	        1 	       420 	       3 	        1 	       420 	       4 	        1 	       420 	       5 	        1 	         0 	       6 	        6 	         0 	       7 	        6
   4371302 	     3713 	          02 	          2100 	       420 	       1 	        1 	       420 	       2 	        1 	       420 	       3 	        1 	       420 	       4 	        1 	       420 	       5 	        1 	         0 	       6 	        6 	         0 	       7 	        6
   4371303 	     3713 	          03 	           840 	       120 	       1 	        1 	       120 	       2 	        1 	       120 	       3 	        1 	       120 	       4 	        1 	       120 	       5 	        1 	       120 	       6 	        1 	       120 	       7 	        1
   4371701 	     3717 	          01 	           795 	       300 	       3 	        1 	       240 	       4 	        1 	       255 	       5 	        1 	         0 	       6 	        6 	         0 	       7 	        6 	         0 	       1 	        6 	         0 	       2 	        6
   4371702 	     3717 	          02 	          2130 	       420 	       3 	        1 	       420 	       4 	        1 	       420 	       5 	        1 	         0 	       6 	        6 	         0 	       7 	        6 	       435 	       1 	        1 	       435 	       2 	        1
   4371901 	     3719 	          01 	          2850 	         0 	       6 	        6 	         0 	       7 	        6 	       570 	       1 	        1 	       570 	       2 	        1 	       570 	       3 	        1 	       570 	       4 	        1 	       570 	       5 	        1
   4372201 	     3722 	          01 	          1890 	         0 	       7 	        6 	       450 	       1 	        1 	       360 	       2 	        1 	       360 	       3 	        1 	       360 	       4 	        1 	       360 	       5 	        1 	         0 	       6 	        6
   4372202 	     3722 	          02 	          2340 	         0 	       7 	        6 	       480 	       1 	        1 	       420 	       2 	        1 	       480 	       3 	        1 	       480 	       4 	        1 	       480 	       5 	        1 	         0 	       6 	        6
   4372401 	     3724 	          01 	          2100 	       420 	       1 	        1 	       420 	       2 	        1 	       420 	       3 	        1 	       420 	       4 	        1 	       420 	       5 	        1 	         0 	       6 	        6 	         0 	       7 	        6
   4372402 	     3724 	          02 	          2400 	       480 	       1 	        1 	       480 	       2 	        1 	       480 	       3 	        1 	       480 	       4 	        1 	       480 	       5 	        1 	         0 	       6 	        6 	         0 	       7 	        6
   4372501 	     3725 	          01 	          2370 	       450 	       3 	        1 	       450 	       4 	        1 	       450 	       5 	        1 	         0 	       6 	        6 	         0 	       7 	        6 	       510 	       1 	        1 	       510 	       2 	        1
   4372602 	     3726 	          02 	          2850 	       570 	       3 	        1 	       570 	       4 	        1 	       570 	       5 	        1 	         0 	       6 	        6 	         0 	       7 	        6 	       570 	       1 	        1 	       570 	       2 	        1
   4372701 	     3727 	          01 	          2100 	       420 	       3 	        1 	       420 	       4 	        1 	       420 	       5 	        1 	         0 	       6 	        6 	         0 	       7 	        6 	       420 	       1 	        1 	       420 	       2 	        1
   4373601 	     3736 	          01 	             0 	         0 	       4 	        1 	         0 	       5 	        1 	         0 	       6 	        1 	         0 	       7 	        1 	         0 	       1 	        1 	         0 	       2 	        1 	         0 	       3 	        1
   4373602 	     3736 	          02 	             0 	         0 	       4 	        6 	         0 	       5 	        6 	         0 	       6 	        6 	         0 	       7 	        6 	         0 	       1 	        6 	         0 	       2 	        6 	         0 	       3 	        6
   4373801 	     3738 	          01 	          4440 	       720 	       4 	        1 	       600 	       5 	        1 	       480 	       6 	        1 	       480 	       7 	        1 	       720 	       1 	        1 	       720 	       2 	        1 	       720 	       3 	        1
   4374001 	     3740 	          01 	          2580 	       435 	       6 	        1 	         0 	       7 	        6 	       435 	       1 	        1 	       435 	       2 	        1 	       435 	       3 	        1 	       420 	       4 	        1 	       420 	       5 	        1
   4374002 	     3740 	          02 	          3000 	         0 	       6 	        6 	         0 	       7 	        6 	       600 	       1 	        1 	       600 	       2 	        1 	       600 	       3 	        1 	       600 	       4 	        1 	       600 	       5 	        1
   4374601 	     3746 	          01 	          2400 	       480 	       3 	        1 	       480 	       4 	        1 	       480 	       5 	        1 	         0 	       6 	        6 	         0 	       7 	        6 	       480 	       1 	        1 	       480 	       2 	        1
   4374603 	     3746 	          03 	          2385 	       465 	       3 	        1 	       480 	       4 	        1 	       480 	       5 	        1 	         0 	       6 	        6 	         0 	       7 	        6 	       480 	       1 	        1 	       480 	       2 	        1
   4374801 	     3748 	          01 	          1200 	       420 	       3 	        1 	       420 	       4 	        1 	       360 	       5 	        1 	         0 	       6 	        6 	         0 	       7 	        6 	         0 	       1 	        6 	         0 	       2 	        6
   4375101 	     3751 	          01 	          2175 	         0 	       7 	        6 	       450 	       1 	        1 	       435 	       2 	        1 	       585 	       3 	        1 	       390 	       4 	        1 	       315 	       5 	        1 	         0 	       6 	        6
   4375102 	     3751 	          02 	          3630 	         0 	       7 	        6 	       720 	       1 	        1 	       720 	       2 	        1 	       720 	       3 	        1 	       720 	       4 	        1 	       750 	       5 	        1 	         0 	       6 	        6
   4375302 	     3753 	          02 	          1680 	       420 	       1 	        1 	       420 	       2 	        1 	       420 	       3 	        1 	       420 	       4 	        1 	         0 	       5 	        6 	         0 	       6 	        6 	         0 	       7 	        6
   4375501 	     3755 	          01 	          2400 	       480 	       4 	        1 	       480 	       5 	        1 	         0 	       6 	        6 	         0 	       7 	        6 	       480 	       1 	        1 	       480 	       2 	        1 	       480 	       3 	        1
   4375502 	     3755 	          02 	          1800 	       360 	       4 	        1 	       360 	       5 	        1 	         0 	       6 	        6 	         0 	       7 	        6 	       360 	       1 	        1 	       360 	       2 	        1 	       360 	       3 	        1
   4375701 	     3757 	          01 	          1260 	         0 	       4 	        6 	       255 	       5 	        1 	       255 	       6 	        1 	         0 	       7 	        6 	       255 	       1 	        1 	       255 	       2 	        1 	       240 	       3 	        1
   4375801 	     3758 	          01 	          3120 	       420 	       4 	        1 	       720 	       5 	        1 	       420 	       6 	        1 	       720 	       7 	        1 	       420 	       1 	        1 	         0 	       2 	        6 	       420 	       3 	        1
   4376001 	     3760 	          01 	          1350 	         0 	       6 	        6 	         0 	       7 	        6 	       270 	       1 	        1 	       270 	       2 	        1 	       270 	       3 	        1 	       270 	       4 	        1 	       270 	       5 	        1
   4376002 	     3760 	          02 	          2850 	         0 	       6 	        6 	         0 	       7 	        6 	       570 	       1 	        1 	       570 	       2 	        1 	       570 	       3 	        1 	       570 	       4 	        1 	       570 	       5 	        1
   4376101 	     3761 	          01 	          1260 	         0 	       7 	        6 	       240 	       1 	        1 	       240 	       2 	        1 	       240 	       3 	        1 	       300 	       4 	        1 	       240 	       5 	        1 	         0 	       6 	        6
   4376102 	     3761 	          02 	          2325 	         0 	       7 	        6 	       465 	       1 	        1 	       465 	       2 	        1 	       465 	       3 	        1 	       465 	       4 	        1 	       465 	       5 	        1 	         0 	       6 	        6
   4376103 	     3761 	          03 	          2790 	         0 	       7 	        6 	       570 	       1 	        1 	       570 	       2 	        1 	       570 	       3 	        1 	       570 	       4 	        1 	       510 	       5 	        1 	         0 	       6 	        6
   4376301 	     3763 	          01 	          2160 	       390 	       1 	        1 	       390 	       2 	        1 	       390 	       3 	        1 	       390 	       4 	        1 	       390 	       5 	        1 	       210 	       6 	        1 	         0 	       7 	        6
   4376501 	     3765 	          01 	           390 	         0 	       4 	        6 	         0 	       5 	        6 	         0 	       6 	        6 	         0 	       7 	        6 	         0 	       1 	        6 	         0 	       2 	        6 	       390 	       3 	        1
   4376502 	     3765 	          02 	           300 	         0 	       4 	        6 	         0 	       5 	        6 	         0 	       6 	        6 	         0 	       7 	        6 	         0 	       1 	        6 	         0 	       2 	        6 	       300 	       3 	        1
   4377102 	     3771 	          02 	          1800 	         0 	       7 	        6 	       300 	       1 	        1 	       300 	       2 	        1 	       300 	       3 	        1 	       300 	       4 	        1 	       300 	       5 	        1 	       300 	       6 	        1
   4377201 	     3772 	          01 	          3420 	         0 	       7 	        6 	       570 	       1 	        1 	       570 	       2 	        1 	       570 	       3 	        1 	       570 	       4 	        1 	       570 	       5 	        1 	       570 	       6 	        1
   4377202 	     3772 	          02 	             0 	         0 	       7 	        6 	         0 	       1 	        6 	         0 	       2 	        6 	         0 	       3 	        6 	         0 	       4 	        6 	         0 	       5 	        6 	         0 	       6 	        6
   4377401 	     3774 	          01 	          1650 	       330 	       1 	        1 	       330 	       2 	        1 	       330 	       3 	        1 	       330 	       4 	        1 	       330 	       5 	        1 	         0 	       6 	        6 	         0 	       7 	        6
   4377901 	     3779 	          01 	          1680 	         0 	       6 	        6 	         0 	       7 	        6 	       420 	       1 	        1 	       420 	       2 	        1 	       420 	       3 	        1 	       420 	       4 	        1 	         0 	       5 	        6
   4377902 	     3779 	          02 	          4140 	       420 	       6 	        1 	       420 	       7 	        1 	       660 	       1 	        1 	       660 	       2 	        1 	       660 	       3 	        1 	       660 	       4 	        1 	       660 	       5 	        1
   4378003 	     3780 	          03 	             0 	         0 	       7 	        1 	         0 	       1 	        1 	         0 	       2 	        1 	         0 	       3 	        1 	         0 	       4 	        1 	         0 	       5 	        1 	         0 	       6 	        1
   4378301 	     3783 	          01 	          1215 	       240 	       3 	        1 	       240 	       4 	        1 	       240 	       5 	        1 	         0 	       6 	        6 	         0 	       7 	        6 	       240 	       1 	        1 	       255 	       2 	        1
   4378501 	     3785 	          01 	          2655 	       435 	       3 	        1 	       435 	       4 	        1 	       435 	       5 	        1 	         0 	       6 	        6 	       420 	       7 	        1 	       510 	       1 	        1 	       420 	       2 	        1
   4379001 	     3790 	          01 	          2100 	       420 	       1 	        1 	       420 	       2 	        1 	       420 	       3 	        1 	       420 	       4 	        1 	       420 	       5 	        1 	         0 	       6 	        6 	         0 	       7 	        6
   4379301 	     3793 	          01 	          2700 	       540 	       4 	        1 	       540 	       5 	        1 	         0 	       6 	        6 	         0 	       7 	        6 	       540 	       1 	        1 	       540 	       2 	        1 	       540 	       3 	        1
   4379302 	     3793 	          02 	          2700 	       540 	       4 	        1 	       540 	       5 	        1 	         0 	       6 	        6 	         0 	       7 	        6 	       540 	       1 	        1 	       540 	       2 	        1 	       540 	       3 	        1
   4379401 	     3794 	          01 	          6300 	       660 	       6 	        1 	      1440 	       7 	        1 	       840 	       1 	        1 	       840 	       2 	        1 	       840 	       3 	        1 	       840 	       4 	        1 	       840 	       5 	        1
   4379501 	     3795 	          01 	          2760 	         0 	       6 	        6 	         0 	       7 	        6 	       600 	       1 	        1 	       600 	       2 	        1 	       600 	       3 	        1 	       600 	       4 	        1 	       360 	       5 	        1
   4379502 	     3795 	          02 	          1200 	         0 	       6 	        6 	         0 	       7 	        6 	       240 	       1 	        1 	       240 	       2 	        1 	       240 	       3 	        1 	       240 	       4 	        1 	       240 	       5 	        1
   4379901 	     3799 	          01 	          2700 	       540 	       4 	        1 	       540 	       5 	        1 	         0 	       6 	        6 	         0 	       7 	        6 	       540 	       1 	        1 	       540 	       2 	        1 	       540 	       3 	        1
   4379902 	     3799 	          02 	          3780 	       630 	       4 	        1 	       630 	       5 	        1 	         0 	       6 	        6 	       630 	       7 	        1 	       630 	       1 	        1 	       630 	       2 	        1 	       630 	       3 	        1
   4380201 	     3802 	          01 	          1920 	       480 	       6 	        1 	         0 	       7 	        6 	         0 	       1 	        6 	         0 	       2 	        6 	       480 	       3 	        1 	       480 	       4 	        1 	       480 	       5 	        1
   4380202 	     3802 	          02 	          2850 	         0 	       6 	        6 	         0 	       7 	        6 	       570 	       1 	        1 	       570 	       2 	        1 	       570 	       3 	        1 	       570 	       4 	        1 	       570 	       5 	        1
   4380203 	     3802 	          03 	          1800 	         0 	       6 	        6 	         0 	       7 	        6 	       360 	       1 	        1 	       360 	       2 	        1 	       360 	       3 	        1 	       360 	       4 	        1 	       360 	       5 	        1
   4380401 	     3804 	          01 	          1725 	         0 	       7 	        6 	       345 	       1 	        1 	       270 	       2 	        1 	       540 	       3 	        1 	       390 	       4 	        1 	       180 	       5 	        1 	         0 	       6 	        6
   4380402 	     3804 	          02 	          2940 	         0 	       7 	        6 	       840 	       1 	        1 	       720 	       2 	        1 	       360 	       3 	        1 	       360 	       4 	        1 	       660 	       5 	        1 	         0 	       6 	        6
   4380702 	     3807 	          02 	          2700 	       450 	       3 	        1 	       450 	       4 	        1 	       450 	       5 	        1 	       450 	       6 	        1 	         0 	       7 	        6 	       450 	       1 	        1 	       450 	       2 	        1
   4380901 	     3809 	          01 	          2280 	       420 	       3 	        1 	       600 	       4 	        1 	       420 	       5 	        1 	         0 	       6 	        6 	         0 	       7 	        6 	       420 	       1 	        1 	       420 	       2 	        1
   4380902 	     3809 	          02 	          2460 	       570 	       3 	        1 	       600 	       4 	        1 	       420 	       5 	        1 	         0 	       6 	        6 	         0 	       7 	        6 	       450 	       1 	        1 	       420 	       2 	        1
   4381001 	     3810 	          01 	          2100 	         0 	       6 	        6 	         0 	       7 	        6 	       420 	       1 	        1 	       420 	       2 	        1 	       420 	       3 	        1 	       420 	       4 	        1 	       420 	       5 	        1
   4381101 	     3811 	          01 	          2850 	         0 	       6 	        6 	         0 	       7 	        6 	       570 	       1 	        1 	       570 	       2 	        1 	       570 	       3 	        1 	       570 	       4 	        1 	       570 	       5 	        1
   4381102 	     3811 	          02 	          2100 	         0 	       6 	        6 	         0 	       7 	        6 	       420 	       1 	        1 	       420 	       2 	        1 	       420 	       3 	        1 	       420 	       4 	        1 	       420 	       5 	        1
   4381402 	     3814 	          02 	          1500 	       300 	       1 	        1 	       300 	       2 	        1 	       300 	       3 	        1 	       300 	       4 	        1 	       300 	       5 	        1 	         0 	       6 	        6 	         0 	       7 	        6
   4381702 	     3817 	          02 	          2400 	       480 	       3 	        1 	       480 	       4 	        1 	       480 	       5 	        1 	         0 	       6 	        6 	         0 	       7 	        6 	       480 	       1 	        1 	       480 	       2 	        1
   4382001 	     3820 	          01 	          3090 	         0 	       7 	        6 	       450 	       1 	        1 	       450 	       2 	        1 	       450 	       3 	        1 	       450 	       4 	        1 	       450 	       5 	        1 	       840 	       6 	        1
   4382003 	     3820 	          03 	          3060 	         0 	       7 	        6 	       570 	       1 	        1 	       570 	       2 	        1 	       570 	       3 	        1 	       570 	       4 	        1 	       780 	       5 	        1 	         0 	       6 	        6
   4382202 	     3822 	          02 	          2760 	         0 	       1 	        6 	       780 	       2 	        1 	       780 	       3 	        1 	       600 	       4 	        1 	         0 	       5 	        6 	         0 	       6 	        6 	       600 	       7 	        1
   4382701 	     3827 	          01 	          2280 	         0 	       6 	        6 	         0 	       7 	        6 	         0 	       1 	        6 	       570 	       2 	        1 	       570 	       3 	        1 	       570 	       4 	        1 	       570 	       5 	        1
   4382702 	     3827 	          02 	          1050 	       210 	       6 	        1 	         0 	       7 	        6 	         0 	       1 	        6 	       210 	       2 	        1 	       210 	       3 	        1 	       210 	       4 	        1 	       210 	       5 	        1
   4383001 	     3830 	          01 	          2700 	       540 	       1 	        1 	       540 	       2 	        1 	       540 	       3 	        1 	       540 	       4 	        1 	       540 	       5 	        1 	         0 	       6 	        6 	         0 	       7 	        6
   4383002 	     3830 	          02 	          2100 	       420 	       1 	        1 	       420 	       2 	        1 	       420 	       3 	        1 	       420 	       4 	        1 	       420 	       5 	        1 	         0 	       6 	        6 	         0 	       7 	        6
   4383101 	     3831 	          01 	          2700 	       540 	       4 	        1 	       540 	       5 	        1 	         0 	       6 	        6 	         0 	       7 	        6 	       540 	       1 	        1 	       540 	       2 	        1 	       540 	       3 	        1
   4383501 	     3835 	          01 	          1260 	         0 	       6 	        6 	         0 	       7 	        6 	         0 	       1 	        6 	         0 	       2 	        6 	       420 	       3 	        1 	       420 	       4 	        1 	       420 	       5 	        1
   4383502 	     3835 	          02 	          1440 	         0 	       6 	        6 	         0 	       7 	        6 	         0 	       1 	        6 	         0 	       2 	        6 	       480 	       3 	        1 	       480 	       4 	        1 	       480 	       5 	        1
   4383503 	     3835 	          03 	          1260 	         0 	       6 	        6 	         0 	       7 	        6 	         0 	       1 	        6 	         0 	       2 	        6 	       420 	       3 	        1 	       420 	       4 	        1 	       420 	       5 	        1
   4383602 	     3836 	          02 	           510 	         0 	       7 	        6 	       150 	       1 	        1 	       300 	       2 	        1 	         0 	       3 	        6 	        60 	       4 	        1 	         0 	       5 	        6 	         0 	       6 	        6
   4383603 	     3836 	          03 	          3150 	         0 	       7 	        6 	       630 	       1 	        1 	       630 	       2 	        1 	       630 	       3 	        1 	       630 	       4 	        1 	       630 	       5 	        1 	         0 	       6 	        6
   4383901 	     3839 	          01 	          2880 	       810 	       3 	        1 	         0 	       4 	        6 	       630 	       5 	        1 	       810 	       6 	        1 	         0 	       7 	        6 	         0 	       1 	        6 	       630 	       2 	        1
   4384001 	     3840 	          01 	          1050 	         0 	       3 	        6 	         0 	       4 	        6 	         0 	       5 	        6 	         0 	       6 	        6 	         0 	       7 	        6 	       540 	       1 	        1 	       510 	       2 	        1
   4384002 	     3840 	          02 	          1050 	         0 	       3 	        6 	         0 	       4 	        6 	         0 	       5 	        6 	         0 	       6 	        6 	         0 	       7 	        6 	       540 	       1 	        1 	       510 	       2 	        1
   4384201 	     3842 	          01 	          2550 	       300 	       6 	        1 	         0 	       7 	        6 	       450 	       1 	        1 	       450 	       2 	        1 	       450 	       3 	        1 	       450 	       4 	        1 	       450 	       5 	        1
   4384405 	     3844 	          05 	          2100 	         0 	       7 	        6 	       420 	       1 	        1 	       420 	       2 	        1 	       420 	       3 	        1 	       420 	       4 	        1 	       420 	       5 	        1 	         0 	       6 	        6
   4386801 	     3868 	          01 	          1320 	         0 	       7 	        6 	       240 	       1 	        1 	       300 	       2 	        1 	       300 	       3 	        1 	       240 	       4 	        1 	       240 	       5 	        1 	         0 	       6 	        6
   4386802 	     3868 	          02 	          4470 	       750 	       7 	        1 	       750 	       1 	        1 	       750 	       2 	        1 	       720 	       3 	        1 	       720 	       4 	        1 	       660 	       5 	        1 	       120 	       6 	        1
   4387302 	     3873 	          02 	          2445 	       480 	       4 	        1 	       480 	       5 	        1 	         0 	       6 	        6 	         0 	       7 	        6 	       495 	       1 	        1 	       495 	       2 	        1 	       495 	       3 	        1
   4387402 	     3874 	          02 	          3000 	         0 	       6 	        6 	         0 	       7 	        6 	       600 	       1 	        1 	       600 	       2 	        1 	       600 	       3 	        1 	       600 	       4 	        1 	       600 	       5 	        1
   4387601 	     3876 	          01 	          2880 	         0 	       7 	        6 	       480 	       1 	        1 	       480 	       2 	        1 	       480 	       3 	        1 	       480 	       4 	        1 	       480 	       5 	        1 	       480 	       6 	        1
   4387901 	     3879 	          01 	          2400 	       480 	       3 	        1 	       480 	       4 	        1 	       480 	       5 	        1 	         0 	       6 	        6 	         0 	       7 	        6 	       480 	       1 	        1 	       480 	       2 	        1
   4387902 	     3879 	          02 	          2550 	       510 	       3 	        1 	       510 	       4 	        1 	       510 	       5 	        1 	         0 	       6 	        6 	         0 	       7 	        6 	       510 	       1 	        1 	       510 	       2 	        1
   4388102 	     3881 	          02 	          2400 	       480 	       3 	        1 	       480 	       4 	        1 	       480 	       5 	        1 	         0 	       6 	        6 	         0 	       7 	        6 	       480 	       1 	        1 	       480 	       2 	        1
   4388301 	     3883 	          01 	          1920 	         0 	       7 	        6 	       480 	       1 	        1 	       480 	       2 	        1 	         0 	       3 	        6 	         0 	       4 	        6 	       480 	       5 	        1 	       480 	       6 	        1
   4388302 	     3883 	          02 	          1920 	         0 	       7 	        6 	       480 	       1 	        1 	       480 	       2 	        1 	       480 	       3 	        1 	       480 	       4 	        1 	         0 	       5 	        6 	         0 	       6 	        6
   4388303 	     3883 	          03 	          1860 	         0 	       7 	        6 	       300 	       1 	        1 	       510 	       2 	        1 	       360 	       3 	        1 	       240 	       4 	        1 	       330 	       5 	        1 	       120 	       6 	        1
   4388801 	     3888 	          01 	          2400 	       480 	       4 	        1 	       480 	       5 	        1 	         0 	       6 	        6 	         0 	       7 	        6 	       480 	       1 	        1 	       480 	       2 	        1 	       480 	       3 	        1
   4388802 	     3888 	          02 	          2580 	       480 	       4 	        1 	       480 	       5 	        1 	         0 	       6 	        6 	         0 	       7 	        6 	       540 	       1 	        1 	       540 	       2 	        1 	       540 	       3 	        1
   4388803 	     3888 	          03 	          2595 	       675 	       4 	        1 	         0 	       5 	        6 	         0 	       6 	        6 	       600 	       7 	        1 	         0 	       1 	        6 	       645 	       2 	        1 	       675 	       3 	        1
   4388804 	     3888 	          04 	          4290 	       510 	       4 	        1 	       930 	       5 	        1 	       960 	       6 	        1 	       540 	       7 	        1 	         0 	       1 	        6 	       495 	       2 	        1 	       855 	       3 	        1
   4388901 	     3889 	          01 	          2580 	       480 	       4 	        1 	       480 	       5 	        1 	         0 	       6 	        6 	         0 	       7 	        6 	       540 	       1 	        1 	       540 	       2 	        1 	       540 	       3 	        1
   4388903 	     3889 	          03 	          2175 	       450 	       4 	        1 	       375 	       5 	        1 	         0 	       6 	        6 	         0 	       7 	        6 	       450 	       1 	        1 	       450 	       2 	        1 	       450 	       3 	        1
   4389401 	     3894 	          01 	          2400 	       480 	       1 	        1 	       480 	       2 	        1 	         0 	       3 	        6 	         0 	       4 	        6 	       480 	       5 	        1 	       480 	       6 	        1 	       480 	       7 	        1
   4389402 	     3894 	          02 	          2400 	       480 	       1 	        1 	       480 	       2 	        1 	       480 	       3 	        1 	       480 	       4 	        1 	       480 	       5 	        1 	         0 	       6 	        6 	         0 	       7 	        6
   4389602 	     3896 	          02 	          3120 	       600 	       3 	        1 	       720 	       4 	        1 	       600 	       5 	        1 	         0 	       6 	        6 	         0 	       7 	        6 	       720 	       1 	        1 	       480 	       2 	        1
   4389701 	     3897 	          01 	          2640 	       420 	       3 	        1 	       420 	       4 	        1 	       420 	       5 	        1 	       540 	       6 	        1 	         0 	       7 	        6 	       420 	       1 	        1 	       420 	       2 	        1
   4389702 	     3897 	          02 	          2100 	       420 	       3 	        1 	       420 	       4 	        1 	       420 	       5 	        1 	         0 	       6 	        6 	         0 	       7 	        6 	       420 	       1 	        1 	       420 	       2 	        1
   4389802 	     3898 	          02 	          2880 	       480 	       6 	        1 	       480 	       7 	        1 	       480 	       1 	        1 	       480 	       2 	        1 	       480 	       3 	        1 	       480 	       4 	        1 	         0 	       5 	        6
   4390101 	     3901 	          01 	          2790 	       510 	       1 	        1 	       510 	       2 	        1 	       510 	       3 	        1 	       510 	       4 	        1 	       510 	       5 	        1 	       240 	       6 	        1 	         0 	       7 	        6
   4390401 	     3904 	          01 	          1350 	       270 	       3 	        1 	       270 	       4 	        1 	       270 	       5 	        1 	         0 	       6 	        6 	         0 	       7 	        6 	       270 	       1 	        1 	       270 	       2 	        1
   4390701 	     3907 	          01 	          2700 	         0 	       7 	        6 	       540 	       1 	        1 	       540 	       2 	        1 	       540 	       3 	        1 	       540 	       4 	        1 	       540 	       5 	        1 	         0 	       6 	        6
   4390902 	     3909 	          02 	          2700 	       450 	       1 	        1 	       450 	       2 	        1 	       450 	       3 	        1 	       450 	       4 	        1 	       450 	       5 	        1 	       450 	       6 	        1 	         0 	       7 	        6
   4391101 	     3911 	          01 	          2865 	       570 	       3 	        1 	       570 	       4 	        1 	       570 	       5 	        1 	         0 	       6 	        6 	         0 	       7 	        6 	       585 	       1 	        1 	       570 	       2 	        1
   4391103 	     3911 	          03 	          2400 	       495 	       3 	        1 	       495 	       4 	        1 	       420 	       5 	        1 	         0 	       6 	        6 	         0 	       7 	        6 	       495 	       1 	        1 	       495 	       2 	        1
   4391402 	     3914 	          02 	          2070 	       360 	       6 	        1 	         0 	       7 	        6 	       360 	       1 	        1 	         0 	       2 	        6 	       450 	       3 	        1 	       450 	       4 	        1 	       450 	       5 	        1
   4391501 	     3915 	          01 	          4740 	       780 	       7 	        1 	       780 	       1 	        1 	       780 	       2 	        1 	       780 	       3 	        1 	       840 	       4 	        1 	       780 	       5 	        1 	         0 	       6 	        6
   4391503 	     3915 	          03 	          2640 	         0 	       7 	        6 	       480 	       1 	        1 	       540 	       2 	        1 	       540 	       3 	        1 	       540 	       4 	        1 	       540 	       5 	        1 	         0 	       6 	        6
   4391601 	     3916 	          01 	          1200 	         0 	       7 	        6 	       240 	       1 	        1 	       240 	       2 	        1 	       240 	       3 	        1 	       240 	       4 	        1 	       240 	       5 	        1 	         0 	       6 	        6
   4391602 	     3916 	          02 	          2550 	         0 	       7 	        6 	       510 	       1 	        1 	       510 	       2 	        1 	       510 	       3 	        1 	       510 	       4 	        1 	       510 	       5 	        1 	         0 	       6 	        6
   4391802 	     3918 	          02 	             0 	         0 	       1 	        6 	         0 	       2 	        6 	         0 	       3 	        6 	         0 	       4 	        6 	         0 	       5 	        6 	         0 	       6 	        6 	         0 	       7 	        6
   4391901 	     3919 	          01 	           360 	       360 	       4 	        1 	         0 	       5 	        6 	         0 	       6 	        6 	         0 	       7 	        6 	         0 	       1 	        6 	         0 	       2 	        6 	         0 	       3 	        6
   4393401 	     3934 	          01 	          2880 	       480 	       1 	        1 	       480 	       2 	        1 	       480 	       3 	        1 	       480 	       4 	        1 	       480 	       5 	        1 	       480 	       6 	        1 	         0 	       7 	        6
   4394102 	     3941 	          02 	          3000 	         0 	       7 	        6 	       540 	       1 	        1 	       540 	       2 	        1 	       540 	       3 	        1 	       540 	       4 	        1 	       540 	       5 	        1 	       300 	       6 	        1
   4394401 	     3944 	          01 	          2550 	       510 	       4 	        1 	       510 	       5 	        1 	         0 	       6 	        6 	         0 	       7 	        6 	       510 	       1 	        1 	       510 	       2 	        1 	       510 	       3 	        1
   4394402 	     3944 	          02 	             0 	         0 	       4 	        1 	         0 	       5 	        1 	         0 	       6 	        1 	         0 	       7 	        1 	         0 	       1 	        1 	         0 	       2 	        1 	         0 	       3 	        1
   4394703 	     3947 	          03 	          2520 	       270 	       6 	        1 	         0 	       7 	        6 	       450 	       1 	        1 	       450 	       2 	        1 	       450 	       3 	        1 	       450 	       4 	        1 	       450 	       5 	        1
   4394901 	     3949 	          01 	          2100 	         0 	       7 	        6 	       420 	       1 	        1 	       420 	       2 	        1 	       420 	       3 	        1 	       420 	       4 	        1 	       420 	       5 	        1 	         0 	       6 	        6
   4394902 	     3949 	          02 	          3300 	         0 	       7 	        6 	       600 	       1 	        1 	       600 	       2 	        1 	       600 	       3 	        1 	       600 	       4 	        1 	       600 	       5 	        1 	       300 	       6 	        1
   4395001 	     3950 	          01 	          1500 	       300 	       1 	        1 	       300 	       2 	        1 	       300 	       3 	        1 	       300 	       4 	        1 	       300 	       5 	        1 	         0 	       6 	        6 	         0 	       7 	        6
   4395102 	     3951 	          02 	          2400 	       480 	       3 	        1 	       480 	       4 	        1 	       480 	       5 	        1 	         0 	       6 	        6 	         0 	       7 	        6 	       480 	       1 	        1 	       480 	       2 	        1
   4395201 	     3952 	          01 	          3990 	       540 	       3 	        1 	       540 	       4 	        1 	       540 	       5 	        1 	       660 	       6 	        1 	       660 	       7 	        1 	       420 	       1 	        1 	       630 	       2 	        1
   4395502 	     3955 	          02 	           960 	         0 	       6 	        6 	         0 	       7 	        6 	       480 	       1 	        1 	       480 	       2 	        1 	         0 	       3 	        6 	         0 	       4 	        6 	         0 	       5 	        6
   4395601 	     3956 	          01 	          3780 	         0 	       7 	        6 	       630 	       1 	        1 	       630 	       2 	        1 	       630 	       3 	        1 	       630 	       4 	        1 	       630 	       5 	        1 	       630 	       6 	        1
   4396101 	     3961 	          01 	          2820 	       480 	       4 	        1 	       480 	       5 	        1 	       540 	       6 	        1 	       360 	       7 	        1 	       480 	       1 	        1 	       480 	       2 	        1 	         0 	       3 	        6
   4396102 	     3961 	          02 	          1800 	       360 	       4 	        1 	       360 	       5 	        1 	         0 	       6 	        6 	         0 	       7 	        6 	       360 	       1 	        1 	       360 	       2 	        1 	       360 	       3 	        1
   4396301 	     3963 	          01 	          1260 	         0 	       7 	        6 	       420 	       1 	        1 	       420 	       2 	        1 	       420 	       3 	        1 	         0 	       4 	        6 	         0 	       5 	        6 	         0 	       6 	        6
   4397201 	     3972 	          01 	          2880 	         0 	       7 	        6 	       480 	       1 	        1 	       480 	       2 	        1 	       480 	       3 	        1 	       480 	       4 	        1 	       480 	       5 	        1 	       480 	       6 	        1
   4397202 	     3972 	          02 	          2220 	       480 	       7 	        1 	       480 	       1 	        1 	       480 	       2 	        1 	       480 	       3 	        1 	         0 	       4 	        6 	         0 	       5 	        6 	       300 	       6 	        1
   4397702 	     3977 	          02 	          3765 	       630 	       4 	        1 	       615 	       5 	        1 	       630 	       6 	        1 	       630 	       7 	        1 	         0 	       1 	        6 	       630 	       2 	        1 	       630 	       3 	        1
   4398601 	     3986 	          01 	          2340 	         0 	       6 	        6 	         0 	       7 	        6 	       480 	       1 	        1 	       420 	       2 	        1 	       480 	       3 	        1 	       480 	       4 	        1 	       480 	       5 	        1
   4400001 	     4000 	          01 	          2400 	       510 	       3 	        1 	       510 	       4 	        1 	       360 	       5 	        1 	         0 	       6 	        6 	         0 	       7 	        6 	       510 	       1 	        1 	       510 	       2 	        1
   4400101 	     4001 	          01 	          5175 	       735 	       3 	        1 	       690 	       4 	        1 	       735 	       5 	        1 	       810 	       6 	        1 	       810 	       7 	        1 	       735 	       1 	        1 	       660 	       2 	        1
   4400102 	     4001 	          02 	          2970 	       360 	       3 	        1 	       360 	       4 	        1 	       360 	       5 	        1 	       810 	       6 	        1 	       510 	       7 	        1 	       240 	       1 	        1 	       330 	       2 	        1
   4400401 	     4004 	          01 	          2400 	         0 	       7 	        6 	       480 	       1 	        1 	       480 	       2 	        1 	       480 	       3 	        1 	       480 	       4 	        1 	       480 	       5 	        1 	         0 	       6 	        6
   4400601 	     4006 	          01 	          2880 	       480 	       1 	        1 	         0 	       2 	        6 	       480 	       3 	        1 	       480 	       4 	        1 	       480 	       5 	        1 	       480 	       6 	        1 	       480 	       7 	        1
   4400801 	     4008 	          01 	          2835 	       555 	       2 	        1 	       570 	       3 	        1 	       570 	       4 	        1 	       570 	       5 	        1 	         0 	       6 	        6 	         0 	       7 	        6 	       570 	       1 	        1
   4400802 	     4008 	          02 	          4965 	       825 	       2 	        1 	       825 	       3 	        1 	       825 	       4 	        1 	       825 	       5 	        1 	       825 	       6 	        1 	         0 	       7 	        6 	       840 	       1 	        1
   4401501 	     4015 	          01 	          1680 	       480 	       5 	        1 	       600 	       6 	        1 	       600 	       7 	        1 	         0 	       1 	        6 	         0 	       2 	        6 	         0 	       3 	        6 	         0 	       4 	        6
   4401502 	     4015 	          02 	          2520 	       420 	       5 	        1 	       420 	       6 	        1 	       420 	       7 	        1 	         0 	       1 	        6 	       420 	       2 	        1 	       420 	       3 	        1 	       420 	       4 	        1
   4401601 	     4016 	          01 	          2400 	       360 	       5 	        1 	         0 	       6 	        6 	         0 	       7 	        6 	       510 	       1 	        1 	       510 	       2 	        1 	       510 	       3 	        1 	       510 	       4 	        1
   4401602 	     4016 	          02 	          2400 	       480 	       5 	        1 	         0 	       6 	        6 	         0 	       7 	        6 	       480 	       1 	        1 	       480 	       2 	        1 	       480 	       3 	        1 	       480 	       4 	        1
   4401801 	     4018 	          01 	           960 	       480 	       6 	        1 	       480 	       7 	        1 	         0 	       1 	        6 	         0 	       2 	        6 	         0 	       3 	        6 	         0 	       4 	        6 	         0 	       5 	        6
   4401802 	     4018 	          02 	          1770 	         0 	       6 	        6 	         0 	       7 	        6 	       360 	       1 	        1 	       360 	       2 	        1 	       345 	       3 	        1 	       360 	       4 	        1 	       345 	       5 	        1
   4402302 	     4023 	          02 	          2400 	         0 	       3 	        6 	       600 	       4 	        1 	       600 	       5 	        1 	         0 	       6 	        6 	         0 	       7 	        6 	       600 	       1 	        1 	       600 	       2 	        1
   4402501 	     4025 	          01 	          1725 	         0 	       3 	        6 	       435 	       4 	        1 	       435 	       5 	        1 	         0 	       6 	        6 	         0 	       7 	        6 	       435 	       1 	        1 	       420 	       2 	        1
   4402503 	     4025 	          03 	          2625 	         0 	       3 	        6 	       645 	       4 	        1 	       660 	       5 	        1 	         0 	       6 	        6 	         0 	       7 	        6 	       660 	       1 	        1 	       660 	       2 	        1
   4402504 	     4025 	          04 	          2490 	         0 	       3 	        6 	       615 	       4 	        1 	       615 	       5 	        1 	         0 	       6 	        6 	         0 	       7 	        6 	       630 	       1 	        1 	       630 	       2 	        1
   4402702 	     4027 	          02 	          1680 	       240 	       7 	        1 	       240 	       1 	        1 	       240 	       2 	        1 	       240 	       3 	        1 	       240 	       4 	        1 	       240 	       5 	        1 	       240 	       6 	        1
   4402703 	     4027 	          03 	          2400 	         0 	       7 	        6 	       495 	       1 	        1 	       525 	       2 	        1 	       510 	       3 	        1 	       510 	       4 	        1 	       360 	       5 	        1 	         0 	       6 	        6
   4403101 	     4031 	          01 	          2400 	       420 	       5 	        1 	       180 	       6 	        1 	         0 	       7 	        6 	       420 	       1 	        1 	       420 	       2 	        1 	       540 	       3 	        1 	       420 	       4 	        1
   4403102 	     4031 	          02 	          2400 	       480 	       5 	        1 	         0 	       6 	        6 	         0 	       7 	        6 	       480 	       1 	        1 	       480 	       2 	        1 	       480 	       3 	        1 	       480 	       4 	        1
   4403601 	     4036 	          01 	          2100 	         0 	       7 	        1 	       420 	       1 	        1 	       420 	       2 	        1 	       420 	       3 	        1 	       420 	       4 	        1 	       420 	       5 	        1 	         0 	       6 	        1
   4403602 	     4036 	          02 	          2115 	         0 	       7 	        6 	       420 	       1 	        1 	       420 	       2 	        1 	       435 	       3 	        1 	       420 	       4 	        1 	       420 	       5 	        1 	         0 	       6 	        6
   4403701 	     4037 	          01 	          3240 	       600 	       1 	        1 	       600 	       2 	        1 	       600 	       3 	        1 	       600 	       4 	        1 	       600 	       5 	        1 	       240 	       6 	        1 	         0 	       7 	        6
   4403704 	     4037 	          04 	             0 	         0 	       1 	        1 	         0 	       2 	        1 	         0 	       3 	        1 	         0 	       4 	        1 	         0 	       5 	        1 	         0 	       6 	        1 	         0 	       7 	        1
   4403902 	     4039 	          02 	          1440 	         0 	       3 	        6 	         0 	       4 	        6 	         0 	       5 	        6 	         0 	       6 	        6 	         0 	       7 	        6 	       720 	       1 	        1 	       720 	       2 	        1
   4405101 	     4051 	          01 	          2010 	       375 	       3 	        1 	       435 	       4 	        1 	       435 	       5 	        1 	         0 	       6 	        6 	         0 	       7 	        6 	       450 	       1 	        1 	       315 	       2 	        1
   4407101 	     4071 	          01 	          2550 	       510 	       4 	        1 	       510 	       5 	        1 	         0 	       6 	        6 	         0 	       7 	        6 	       510 	       1 	        1 	       510 	       2 	        1 	       510 	       3 	        1
   4407102 	     4071 	          02 	          2400 	       540 	       4 	        1 	       540 	       5 	        1 	         0 	       6 	        6 	         0 	       7 	        6 	       540 	       1 	        1 	       240 	       2 	        1 	       540 	       3 	        1
   4408201 	     4082 	          01 	          1980 	       360 	       3 	        1 	       360 	       4 	        1 	       360 	       5 	        1 	         0 	       6 	        6 	         0 	       7 	        6 	       390 	       1 	        1 	       510 	       2 	        1
   4410001 	     4100 	          01 	          1290 	       270 	       3 	        1 	       270 	       4 	        1 	       510 	       5 	        1 	         0 	       6 	        6 	         0 	       7 	        6 	         0 	       1 	        6 	       240 	       2 	        1
   4410903 	     4109 	          03 	          1680 	       300 	       3 	        1 	       300 	       4 	        1 	       300 	       5 	        1 	         0 	       6 	        6 	         0 	       7 	        6 	       390 	       1 	        1 	       390 	       2 	        1
   4411001 	     4110 	          01 	          1500 	       300 	       3 	        1 	       300 	       4 	        1 	       300 	       5 	        1 	         0 	       6 	        6 	         0 	       7 	        6 	       300 	       1 	        1 	       300 	       2 	        1
   4412101 	     4121 	          01 	          1200 	       240 	       4 	        1 	       240 	       5 	        1 	         0 	       6 	        6 	         0 	       7 	        6 	       240 	       1 	        1 	       240 	       2 	        1 	       240 	       3 	        1
   4412102 	     4121 	          02 	          2370 	       480 	       4 	        1 	       480 	       5 	        1 	         0 	       6 	        6 	         0 	       7 	        6 	       480 	       1 	        1 	       450 	       2 	        1 	       480 	       3 	        1
   4412103 	     4121 	          03 	          2400 	       480 	       4 	        1 	       480 	       5 	        1 	         0 	       6 	        6 	         0 	       7 	        6 	       480 	       1 	        1 	       480 	       2 	        1 	       480 	       3 	        1
   4412601 	     4126 	          01 	          1125 	         0 	       7 	        6 	       180 	       1 	        1 	       180 	       2 	        1 	       180 	       3 	        1 	       180 	       4 	        1 	       180 	       5 	        1 	       225 	       6 	        1
   4413701 	     4137 	          01 	          3630 	         0 	       2 	        6 	       720 	       3 	        1 	       720 	       4 	        1 	       720 	       5 	        1 	       720 	       6 	        1 	         0 	       7 	        6 	       750 	       1 	        1
   4416002 	     4160 	          02 	          1440 	       360 	       5 	        1 	       360 	       6 	        1 	         0 	       7 	        6 	       360 	       1 	        1 	         0 	       2 	        6 	       360 	       3 	        1 	         0 	       4 	        6
   4416101 	     4161 	          01 	          3240 	       180 	       6 	        1 	       150 	       7 	        1 	       600 	       1 	        1 	       555 	       2 	        1 	       570 	       3 	        1 	       570 	       4 	        1 	       615 	       5 	        1
   4416102 	     4161 	          02 	          1740 	         0 	       6 	        6 	         0 	       7 	        6 	       360 	       1 	        1 	       360 	       2 	        1 	       330 	       3 	        1 	       360 	       4 	        1 	       330 	       5 	        1
   4416301 	     4163 	          01 	          1980 	         0 	       7 	        6 	         0 	       1 	        6 	       510 	       2 	        1 	       510 	       3 	        1 	       570 	       4 	        1 	       390 	       5 	        1 	         0 	       6 	        6
   4416302 	     4163 	          02 	           480 	       240 	       7 	        1 	       240 	       1 	        1 	         0 	       2 	        6 	         0 	       3 	        6 	         0 	       4 	        6 	         0 	       5 	        6 	         0 	       6 	        6
   4416303 	     4163 	          03 	           270 	         0 	       7 	        6 	         0 	       1 	        6 	       120 	       2 	        1 	         0 	       3 	        6 	         0 	       4 	        6 	       150 	       5 	        1 	         0 	       6 	        6
   4416304 	     4163 	          04 	           990 	         0 	       7 	        6 	         0 	       1 	        6 	         0 	       2 	        6 	       570 	       3 	        1 	         0 	       4 	        6 	       420 	       5 	        1 	         0 	       6 	        6
   4417401 	     4174 	          01 	          2550 	         0 	       7 	        6 	       510 	       1 	        1 	       510 	       2 	        1 	       510 	       3 	        1 	       510 	       4 	        1 	       510 	       5 	        1 	         0 	       6 	        6
   4417802 	     4178 	          02 	          3600 	       720 	       2 	        1 	       720 	       3 	        1 	       720 	       4 	        1 	       720 	       5 	        1 	         0 	       6 	        6 	         0 	       7 	        6 	       720 	       1 	        1
   4418101 	     4181 	          01 	          2460 	         0 	       6 	        6 	         0 	       7 	        6 	       420 	       1 	        1 	       600 	       2 	        1 	       420 	       3 	        1 	       540 	       4 	        1 	       480 	       5 	        1
   4418601 	     4186 	          01 	          2400 	       480 	       1 	        1 	       480 	       2 	        1 	       480 	       3 	        1 	       480 	       4 	        1 	       480 	       5 	        1 	         0 	       6 	        6 	         0 	       7 	        6
   4419001 	     4190 	          01 	          3000 	       600 	       5 	        1 	         0 	       6 	        6 	         0 	       7 	        6 	       600 	       1 	        1 	       600 	       2 	        1 	       600 	       3 	        1 	       600 	       4 	        1
   4419101 	     4191 	          01 	          2520 	         0 	       6 	        6 	         0 	       7 	        6 	       480 	       1 	        1 	       480 	       2 	        1 	       600 	       3 	        1 	       480 	       4 	        1 	       480 	       5 	        1
   4419102 	     4191 	          02 	          1500 	         0 	       6 	        6 	         0 	       7 	        6 	       270 	       1 	        1 	       300 	       2 	        1 	       300 	       3 	        1 	       300 	       4 	        1 	       330 	       5 	        1
   4419502 	     4195 	          02 	          2520 	       420 	       1 	        1 	       420 	       2 	        1 	       420 	       3 	        1 	       420 	       4 	        1 	       420 	       5 	        1 	       420 	       6 	        1 	         0 	       7 	        6
   4419801 	     4198 	          01 	          2400 	       480 	       2 	        1 	       480 	       3 	        1 	       480 	       4 	        1 	       480 	       5 	        1 	         0 	       6 	        6 	         0 	       7 	        6 	       480 	       1 	        1
   4420002 	     4200 	          02 	          2640 	       390 	       2 	        1 	       525 	       3 	        1 	       345 	       4 	        1 	       510 	       5 	        1 	       255 	       6 	        1 	       135 	       7 	        1 	       480 	       1 	        1
   4420301 	     4203 	          01 	          1335 	         0 	       7 	        6 	         0 	       1 	        6 	         0 	       2 	        6 	       495 	       3 	        1 	       420 	       4 	        1 	       420 	       5 	        1 	         0 	       6 	        6
   4421101 	     4211 	          01 	          3405 	       555 	       6 	        1 	       120 	       7 	        1 	       555 	       1 	        1 	       555 	       2 	        1 	       570 	       3 	        1 	       570 	       4 	        1 	       480 	       5 	        1
   4421901 	     4219 	          01 	          2160 	       540 	       2 	        1 	       360 	       3 	        1 	       540 	       4 	        1 	       360 	       5 	        1 	         0 	       6 	        6 	         0 	       7 	        6 	       360 	       1 	        1
   4422201 	     4222 	          01 	          2640 	         0 	       6 	        6 	         0 	       7 	        6 	       450 	       1 	        1 	       510 	       2 	        1 	       510 	       3 	        1 	       660 	       4 	        1 	       510 	       5 	        1
   4422202 	     4222 	          02 	          3030 	         0 	       6 	        6 	         0 	       7 	        6 	       720 	       1 	        1 	       510 	       2 	        1 	       630 	       3 	        1 	       660 	       4 	        1 	       510 	       5 	        1
   4422601 	     4226 	          01 	          2550 	       510 	       1 	        1 	       510 	       2 	        1 	       510 	       3 	        1 	       510 	       4 	        1 	       510 	       5 	        1 	         0 	       6 	        6 	         0 	       7 	        6
   4422602 	     4226 	          02 	          2100 	       420 	       1 	        1 	       420 	       2 	        1 	       420 	       3 	        1 	       420 	       4 	        1 	       420 	       5 	        1 	         0 	       6 	        6 	         0 	       7 	        6
   4423602 	     4236 	          02 	          1200 	       240 	       1 	        1 	       240 	       2 	        1 	       240 	       3 	        1 	       240 	       4 	        1 	       240 	       5 	        1 	         0 	       6 	        6 	         0 	       7 	        6
   4423901 	     4239 	          01 	          2400 	       480 	       5 	        1 	         0 	       6 	        6 	         0 	       7 	        6 	       480 	       1 	        1 	       480 	       2 	        1 	       480 	       3 	        1 	       480 	       4 	        1
   4424001 	     4240 	          01 	          1800 	       360 	       5 	        1 	         0 	       6 	        6 	         0 	       7 	        6 	       360 	       1 	        1 	       360 	       2 	        1 	       360 	       3 	        1 	       360 	       4 	        1
   4424401 	     4244 	          01 	          2910 	         0 	       7 	        6 	       570 	       1 	        1 	       540 	       2 	        1 	       630 	       3 	        1 	       600 	       4 	        1 	       570 	       5 	        1 	         0 	       6 	        6
   4424402 	     4244 	          02 	          2400 	         0 	       7 	        6 	       480 	       1 	        1 	         0 	       2 	        6 	       480 	       3 	        1 	       480 	       4 	        1 	       480 	       5 	        1 	       480 	       6 	        1
   4424501 	     4245 	          01 	          1680 	       180 	       1 	        1 	       180 	       2 	        1 	       480 	       3 	        1 	       480 	       4 	        1 	       360 	       5 	        1 	         0 	       6 	        6 	         0 	       7 	        6
   4424502 	     4245 	          02 	          2490 	       510 	       1 	        1 	       510 	       2 	        1 	       570 	       3 	        1 	       510 	       4 	        1 	       390 	       5 	        1 	         0 	       6 	        6 	         0 	       7 	        6
   4425201 	     4252 	          01 	          1260 	         0 	       6 	        6 	         0 	       7 	        6 	       420 	       1 	        1 	       420 	       2 	        1 	       420 	       3 	        1 	         0 	       4 	        6 	         0 	       5 	        6
   4425203 	     4252 	          03 	             0 	         0 	       6 	        6 	         0 	       7 	        6 	         0 	       1 	        6 	         0 	       2 	        6 	         0 	       3 	        6 	         0 	       4 	        6 	         0 	       5 	        6
   4425602 	     4256 	          02 	          1920 	       360 	       1 	        1 	       360 	       2 	        1 	       360 	       3 	        1 	       360 	       4 	        1 	       300 	       5 	        1 	        60 	       6 	        1 	       120 	       7 	        1
   4426002 	     4260 	          02 	          2940 	       420 	       2 	        1 	       420 	       3 	        1 	       420 	       4 	        1 	       420 	       5 	        1 	       420 	       6 	        1 	       420 	       7 	        1 	       420 	       1 	        1
   4426502 	     4265 	          02 	          2130 	       420 	       1 	        1 	       420 	       2 	        1 	       420 	       3 	        1 	       450 	       4 	        1 	       420 	       5 	        1 	         0 	       6 	        6 	         0 	       7 	        6
   4426601 	     4266 	          01 	             0 	         0 	       1 	        6 	         0 	       2 	        6 	         0 	       3 	        6 	         0 	       4 	        6 	         0 	       5 	        6 	         0 	       6 	        6 	         0 	       7 	        6
   4426602 	     4266 	          02 	          2625 	       525 	       1 	        1 	       525 	       2 	        1 	       525 	       3 	        1 	       525 	       4 	        1 	       525 	       5 	        1 	         0 	       6 	        6 	         0 	       7 	        6
   4427001 	     4270 	          01 	          2220 	         0 	       3 	        6 	       720 	       4 	        1 	       720 	       5 	        1 	       780 	       6 	        1 	         0 	       7 	        6 	         0 	       1 	        6 	         0 	       2 	        6
   4427802 	     4278 	          02 	          4500 	       900 	       4 	        1 	       900 	       5 	        1 	         0 	       6 	        6 	         0 	       7 	        6 	       900 	       1 	        1 	       900 	       2 	        1 	       900 	       3 	        1
   4428501 	     4285 	          01 	          2250 	       450 	       1 	        1 	       450 	       2 	        1 	       450 	       3 	        1 	         0 	       4 	        6 	         0 	       5 	        6 	       450 	       6 	        1 	       450 	       7 	        1
   4428702 	     4287 	          02 	          2400 	       480 	       3 	        1 	       480 	       4 	        1 	       480 	       5 	        1 	         0 	       6 	        6 	         0 	       7 	        6 	       480 	       1 	        1 	       480 	       2 	        1
   4429301 	     4293 	          01 	          3120 	         0 	       7 	        6 	       600 	       1 	        1 	       600 	       2 	        1 	         0 	       3 	        6 	       660 	       4 	        1 	       540 	       5 	        1 	       720 	       6 	        1
   4429401 	     4294 	          01 	          1950 	         0 	       7 	        6 	       390 	       1 	        1 	       390 	       2 	        1 	       390 	       3 	        1 	       390 	       4 	        1 	       390 	       5 	        1 	         0 	       6 	        6
   4429801 	     4298 	          01 	          3180 	       780 	       4 	        1 	       600 	       5 	        1 	       720 	       6 	        1 	         0 	       7 	        6 	         0 	       1 	        6 	       540 	       2 	        1 	       540 	       3 	        1
   4429901 	     4299 	          01 	          1260 	       420 	       4 	        1 	       420 	       5 	        1 	         0 	       6 	        6 	         0 	       7 	        6 	         0 	       1 	        6 	       420 	       2 	        1 	         0 	       3 	        6
   4430002 	     4300 	          02 	          1800 	       360 	       4 	        1 	       360 	       5 	        1 	         0 	       6 	        6 	         0 	       7 	        6 	       360 	       1 	        1 	       360 	       2 	        1 	       360 	       3 	        1
   4430402 	     4304 	          02 	          3210 	       300 	       7 	        1 	       120 	       1 	        1 	       660 	       2 	        1 	       540 	       3 	        1 	       660 	       4 	        1 	       540 	       5 	        1 	       390 	       6 	        1
   4430903 	     4309 	          03 	             0 	         0 	       4 	        6 	         0 	       5 	        6 	         0 	       6 	        6 	         0 	       7 	        6 	         0 	       1 	        6 	         0 	       2 	        6 	         0 	       3 	        6
   4431501 	     4315 	          01 	          2400 	       480 	       1 	        1 	       480 	       2 	        1 	       480 	       3 	        1 	       480 	       4 	        1 	       480 	       5 	        1 	         0 	       6 	        6 	         0 	       7 	        6
   4431503 	     4315 	          03 	          1200 	       240 	       1 	        1 	       240 	       2 	        1 	       240 	       3 	        1 	       240 	       4 	        1 	       240 	       5 	        1 	         0 	       6 	        6 	         0 	       7 	        6
   4431601 	     4316 	          01 	          1515 	         0 	       1 	        6 	       555 	       2 	        1 	       300 	       3 	        1 	       480 	       4 	        1 	       180 	       5 	        1 	         0 	       6 	        6 	         0 	       7 	        6
   4431602 	     4316 	          02 	             0 	         0 	       1 	        6 	         0 	       2 	        6 	         0 	       3 	        6 	         0 	       4 	        6 	         0 	       5 	        6 	         0 	       6 	        6 	         0 	       7 	        6
   4431701 	     4317 	          01 	          2700 	       540 	       3 	        1 	       540 	       4 	        1 	       540 	       5 	        1 	         0 	       6 	        6 	         0 	       7 	        6 	       540 	       1 	        1 	       540 	       2 	        1
   4432402 	     4324 	          02 	           960 	         0 	       7 	        6 	       480 	       1 	        1 	       480 	       2 	        1 	         0 	       3 	        6 	         0 	       4 	        6 	         0 	       5 	        6 	         0 	       6 	        6
   4432502 	     4325 	          02 	             0 	         0 	       1 	        6 	         0 	       2 	        6 	         0 	       3 	        6 	         0 	       4 	        6 	         0 	       5 	        6 	         0 	       6 	        6 	         0 	       7 	        6
   4432901 	     4329 	          01 	          2775 	         0 	       4 	        6 	       615 	       5 	        1 	       600 	       6 	        1 	         0 	       7 	        6 	       600 	       1 	        1 	       360 	       2 	        1 	       600 	       3 	        1
   4433801 	     4338 	          01 	           330 	       150 	       3 	        1 	         0 	       4 	        6 	         0 	       5 	        6 	         0 	       6 	        6 	         0 	       7 	        6 	         0 	       1 	        6 	       180 	       2 	        1
   4434001 	     4340 	          01 	          3960 	       660 	       3 	        1 	       660 	       4 	        1 	       660 	       5 	        1 	       660 	       6 	        1 	         0 	       7 	        6 	       660 	       1 	        1 	       660 	       2 	        1
   4434401 	     4344 	          01 	          1500 	         0 	       7 	        6 	       300 	       1 	        1 	       300 	       2 	        1 	       300 	       3 	        1 	       300 	       4 	        1 	       300 	       5 	        1 	         0 	       6 	        6
   4434402 	     4344 	          02 	          2610 	         0 	       7 	        6 	       570 	       1 	        1 	       570 	       2 	        1 	       450 	       3 	        1 	       570 	       4 	        1 	       450 	       5 	        1 	         0 	       6 	        6
   4436401 	     4364 	          01 	          1800 	         0 	       7 	        6 	       360 	       1 	        1 	       360 	       2 	        1 	       360 	       3 	        1 	       360 	       4 	        1 	       360 	       5 	        1 	         0 	       6 	        6
   4436802 	     4368 	          02 	           660 	       360 	       3 	        1 	       180 	       4 	        1 	       120 	       5 	        1 	         0 	       6 	        6 	         0 	       7 	        6 	         0 	       1 	        6 	         0 	       2 	        6
   4437103 	     4371 	          03 	          5670 	       810 	       6 	        1 	       810 	       7 	        1 	       810 	       1 	        1 	       810 	       2 	        1 	       810 	       3 	        1 	       810 	       4 	        1 	       810 	       5 	        1
   4437301 	     4373 	          01 	             0 	         0 	       7 	        6 	         0 	       1 	        6 	         0 	       2 	        6 	         0 	       3 	        6 	         0 	       4 	        6 	         0 	       5 	        6 	         0 	       6 	        6
   4437302 	     4373 	          02 	          2250 	         0 	       7 	        6 	       450 	       1 	        1 	       450 	       2 	        1 	       450 	       3 	        1 	       450 	       4 	        1 	       450 	       5 	        1 	         0 	       6 	        6
   4438401 	     4384 	          01 	          2130 	         0 	       7 	        6 	       450 	       1 	        1 	       450 	       2 	        1 	       450 	       3 	        1 	       450 	       4 	        1 	       330 	       5 	        1 	         0 	       6 	        6
   4438601 	     4386 	          01 	          2850 	       570 	       1 	        1 	       570 	       2 	        1 	       570 	       3 	        1 	       570 	       4 	        1 	       570 	       5 	        1 	         0 	       6 	        6 	         0 	       7 	        6
   4440301 	     4403 	          01 	          2970 	         0 	       7 	        6 	       585 	       1 	        1 	       585 	       2 	        1 	       615 	       3 	        1 	       585 	       4 	        1 	       540 	       5 	        1 	        60 	       6 	        1
   4441502 	     4415 	          02 	          2400 	       480 	       1 	        1 	       480 	       2 	        1 	       480 	       3 	        1 	       480 	       4 	        1 	       480 	       5 	        1 	         0 	       6 	        6 	         0 	       7 	        6
   4442901 	     4429 	          01 	          1695 	       435 	       4 	        1 	       420 	       5 	        1 	         0 	       6 	        6 	         0 	       7 	        6 	         0 	       1 	        6 	       420 	       2 	        1 	       420 	       3 	        1
   4442902 	     4429 	          02 	          2475 	       600 	       4 	        1 	       600 	       5 	        1 	         0 	       6 	        6 	         0 	       7 	        6 	         0 	       1 	        6 	       600 	       2 	        1 	       675 	       3 	        1
   4443101 	     4431 	          01 	          2190 	         0 	       6 	        6 	         0 	       7 	        6 	       465 	       1 	        1 	       465 	       2 	        1 	       480 	       3 	        1 	       465 	       4 	        1 	       315 	       5 	        1
   4443902 	     4439 	          02 	          1260 	       270 	       3 	        1 	       300 	       4 	        1 	         0 	       5 	        6 	         0 	       6 	        6 	         0 	       7 	        6 	       300 	       1 	        1 	       390 	       2 	        1
   4444703 	     4447 	          03 	          2700 	       525 	       4 	        1 	       525 	       5 	        1 	         0 	       6 	        6 	         0 	       7 	        6 	       555 	       1 	        1 	       555 	       2 	        1 	       540 	       3 	        1
   4444902 	     4449 	          02 	          2400 	       480 	       4 	        1 	       480 	       5 	        1 	         0 	       6 	        6 	         0 	       7 	        6 	       480 	       1 	        1 	       480 	       2 	        1 	       480 	       3 	        1
   4447301 	     4473 	          01 	          3120 	         0 	       7 	        6 	       660 	       1 	        1 	       480 	       2 	        1 	       660 	       3 	        1 	       660 	       4 	        1 	       660 	       5 	        1 	         0 	       6 	        6
   4447701 	     4477 	          01 	           900 	         0 	       4 	        6 	         0 	       5 	        6 	         0 	       6 	        6 	         0 	       7 	        6 	       300 	       1 	        1 	       300 	       2 	        1 	       300 	       3 	        1
   4448001 	     4480 	          01 	          2595 	       525 	       4 	        1 	       510 	       5 	        1 	         0 	       6 	        6 	         0 	       7 	        6 	       525 	       1 	        1 	       525 	       2 	        1 	       510 	       3 	        1
   4448002 	     4480 	          02 	          1500 	       300 	       4 	        1 	       300 	       5 	        1 	         0 	       6 	        6 	         0 	       7 	        6 	       300 	       1 	        1 	       300 	       2 	        1 	       300 	       3 	        1
   4448301 	     4483 	          01 	          3030 	         0 	       7 	        6 	       840 	       1 	        1 	       570 	       2 	        1 	       630 	       3 	        1 	       720 	       4 	        1 	       270 	       5 	        1 	         0 	       6 	        6
   4450001 	     4500 	          01 	          1650 	       330 	       3 	        1 	       330 	       4 	        1 	       330 	       5 	        1 	         0 	       6 	        6 	         0 	       7 	        6 	       330 	       1 	        1 	       330 	       2 	        1
   4450201 	     4502 	          01 	          2400 	         0 	       6 	        6 	         0 	       7 	        6 	       480 	       1 	        1 	       480 	       2 	        1 	       480 	       3 	        1 	       480 	       4 	        1 	       480 	       5 	        1
   4450302 	     4503 	          02 	          2850 	         0 	       7 	        6 	       570 	       1 	        1 	       570 	       2 	        1 	       570 	       3 	        1 	       570 	       4 	        1 	       570 	       5 	        1 	         0 	       6 	        6
   4450701 	     4507 	          01 	          2115 	       240 	       4 	        1 	       600 	       5 	        1 	         0 	       6 	        6 	         0 	       7 	        6 	       420 	       1 	        1 	       240 	       2 	        1 	       615 	       3 	        1
   4451301 	     4513 	          01 	          2520 	         0 	       7 	        6 	       420 	       1 	        1 	       420 	       2 	        1 	       420 	       3 	        1 	       420 	       4 	        1 	       420 	       5 	        1 	       420 	       6 	        1
   4451601 	     4516 	          01 	          1350 	       270 	       1 	        1 	       270 	       2 	        1 	       270 	       3 	        1 	       270 	       4 	        1 	       270 	       5 	        1 	         0 	       6 	        6 	         0 	       7 	        6
   4451602 	     4516 	          02 	          2250 	       450 	       1 	        1 	       450 	       2 	        1 	       450 	       3 	        1 	       450 	       4 	        1 	       450 	       5 	        1 	         0 	       6 	        6 	         0 	       7 	        6
   4451701 	     4517 	          01 	          2385 	       480 	       3 	        1 	       480 	       4 	        1 	       450 	       5 	        1 	         0 	       6 	        6 	         0 	       7 	        6 	       480 	       1 	        1 	       495 	       2 	        1
   4451702 	     4517 	          02 	          2610 	       510 	       3 	        1 	       510 	       4 	        1 	       510 	       5 	        1 	         0 	       6 	        6 	         0 	       7 	        6 	       510 	       1 	        1 	       570 	       2 	        1
   4451902 	     4519 	          02 	          2250 	       450 	       3 	        1 	       450 	       4 	        1 	       450 	       5 	        1 	         0 	       6 	        6 	         0 	       7 	        6 	       450 	       1 	        1 	       450 	       2 	        1
   4452701 	     4527 	          01 	          2070 	       390 	       3 	        1 	       390 	       4 	        1 	       510 	       5 	        1 	         0 	       6 	        6 	         0 	       7 	        6 	       390 	       1 	        1 	       390 	       2 	        1
   4452801 	     4528 	          01 	          2580 	       540 	       3 	        1 	       540 	       4 	        1 	       420 	       5 	        1 	         0 	       6 	        6 	         0 	       7 	        6 	       540 	       1 	        1 	       540 	       2 	        1
   4452802 	     4528 	          02 	          2490 	       525 	       3 	        1 	       510 	       4 	        1 	       450 	       5 	        1 	         0 	       6 	        6 	         0 	       7 	        6 	       495 	       1 	        1 	       510 	       2 	        1
   4452901 	     4529 	          01 	          2400 	       600 	       3 	        1 	       600 	       4 	        1 	       600 	       5 	        1 	         0 	       6 	        6 	         0 	       7 	        6 	       210 	       1 	        1 	       390 	       2 	        1
   4452902 	     4529 	          02 	          1050 	       210 	       3 	        1 	       210 	       4 	        1 	       210 	       5 	        1 	         0 	       6 	        6 	         0 	       7 	        6 	       210 	       1 	        1 	       210 	       2 	        1
   4453201 	     4532 	          01 	          1650 	         0 	       6 	        6 	         0 	       7 	        6 	       330 	       1 	        1 	       330 	       2 	        1 	       330 	       3 	        1 	       330 	       4 	        1 	       330 	       5 	        1
   4453401 	     4534 	          01 	          2460 	         0 	       7 	        6 	       480 	       1 	        1 	       480 	       2 	        1 	       480 	       3 	        1 	       420 	       4 	        1 	       420 	       5 	        1 	       180 	       6 	        1
   4454301 	     4543 	          01 	          1725 	         0 	       7 	        6 	       510 	       1 	        1 	       450 	       2 	        1 	        90 	       3 	        1 	       330 	       4 	        1 	       345 	       5 	        1 	         0 	       6 	        6
   4454501 	     4545 	          01 	          2250 	       420 	       1 	        1 	       570 	       2 	        1 	       420 	       3 	        1 	       420 	       4 	        1 	       420 	       5 	        1 	         0 	       6 	        6 	         0 	       7 	        6
   4455101 	     4551 	          01 	          2760 	         0 	       6 	        6 	       360 	       7 	        1 	       480 	       1 	        1 	       540 	       2 	        1 	       420 	       3 	        1 	       480 	       4 	        1 	       480 	       5 	        1
   4456001 	     4560 	          01 	          2700 	       540 	       3 	        1 	       540 	       4 	        1 	       540 	       5 	        1 	         0 	       6 	        6 	         0 	       7 	        6 	       540 	       1 	        1 	       540 	       2 	        1
   4456802 	     4568 	          02 	          2400 	       480 	       4 	        1 	       480 	       5 	        1 	         0 	       6 	        6 	         0 	       7 	        6 	       480 	       1 	        1 	       480 	       2 	        1 	       480 	       3 	        1
   4457001 	     4570 	          01 	          3270 	       420 	       4 	        1 	       420 	       5 	        1 	       420 	       6 	        1 	       660 	       7 	        1 	       450 	       1 	        1 	       450 	       2 	        1 	       450 	       3 	        1
   4457901 	     4579 	          01 	          2100 	       420 	       4 	        1 	       420 	       5 	        1 	         0 	       6 	        6 	         0 	       7 	        6 	       420 	       1 	        1 	       420 	       2 	        1 	       420 	       3 	        1
   4458001 	     4580 	          01 	           360 	         0 	       4 	        6 	       120 	       5 	        1 	         0 	       6 	        6 	         0 	       7 	        6 	       120 	       1 	        1 	         0 	       2 	        6 	       120 	       3 	        1
   4458401 	     4584 	          01 	          3420 	         0 	       7 	        6 	       570 	       1 	        1 	       570 	       2 	        1 	       570 	       3 	        1 	       570 	       4 	        1 	       570 	       5 	        1 	       570 	       6 	        1
   4459301 	     4593 	          01 	             0 	         0 	       7 	        6 	         0 	       1 	        6 	         0 	       2 	        6 	         0 	       3 	        6 	         0 	       4 	        6 	         0 	       5 	        6 	         0 	       6 	        6
   4459701 	     4597 	          01 	          2670 	       360 	       5 	        1 	         0 	       6 	        6 	         0 	       7 	        6 	       555 	       1 	        1 	       585 	       2 	        1 	       600 	       3 	        1 	       570 	       4 	        1
   4459702 	     4597 	          02 	          2100 	       375 	       5 	        1 	         0 	       6 	        6 	         0 	       7 	        6 	       435 	       1 	        1 	       435 	       2 	        1 	       420 	       3 	        1 	       435 	       4 	        1
   4459801 	     4598 	          01 	          1815 	       360 	       5 	        1 	         0 	       6 	        6 	         0 	       7 	        6 	       375 	       1 	        1 	       360 	       2 	        1 	       360 	       3 	        1 	       360 	       4 	        1
   4460502 	     4605 	          02 	          2400 	       480 	       1 	        1 	       480 	       2 	        1 	       480 	       3 	        1 	       480 	       4 	        1 	       480 	       5 	        1 	         0 	       6 	        6 	         0 	       7 	        6
   4460902 	     4609 	          02 	          3075 	       600 	       2 	        1 	       600 	       3 	        1 	       630 	       4 	        1 	       645 	       5 	        1 	         0 	       6 	        6 	         0 	       7 	        6 	       600 	       1 	        1
   4461101 	     4611 	          01 	          2460 	         0 	       6 	        6 	         0 	       7 	        6 	       510 	       1 	        1 	       480 	       2 	        1 	       480 	       3 	        1 	       480 	       4 	        1 	       510 	       5 	        1
   4461103 	     4611 	          03 	          2910 	       510 	       6 	        1 	         0 	       7 	        6 	       480 	       1 	        1 	       480 	       2 	        1 	       480 	       3 	        1 	       480 	       4 	        1 	       480 	       5 	        1
   4461301 	     4613 	          01 	          2760 	       690 	       7 	        1 	       690 	       1 	        1 	         0 	       2 	        6 	       690 	       3 	        1 	       690 	       4 	        1 	         0 	       5 	        6 	         0 	       6 	        6
   4461401 	     4614 	          01 	             0 	         0 	       7 	        6 	         0 	       1 	        6 	         0 	       2 	        6 	         0 	       3 	        6 	         0 	       4 	        6 	         0 	       5 	        6 	         0 	       6 	        6
   4462001 	     4620 	          01 	          2550 	       510 	       5 	        1 	         0 	       6 	        6 	         0 	       7 	        6 	       510 	       1 	        1 	       510 	       2 	        1 	       510 	       3 	        1 	       510 	       4 	        1
   4462301 	     4623 	          01 	          2610 	         0 	       7 	        6 	       570 	       1 	        1 	       540 	       2 	        1 	       630 	       3 	        1 	       540 	       4 	        1 	       330 	       5 	        1 	         0 	       6 	        6
   4462302 	     4623 	          02 	          2550 	         0 	       7 	        6 	       570 	       1 	        1 	       510 	       2 	        1 	       555 	       3 	        1 	       555 	       4 	        1 	       360 	       5 	        1 	         0 	       6 	        6
   4463001 	     4630 	          01 	          2250 	       450 	       5 	        1 	         0 	       6 	        6 	         0 	       7 	        6 	       450 	       1 	        1 	       450 	       2 	        1 	       450 	       3 	        1 	       450 	       4 	        1
   4463101 	     4631 	          01 	          2010 	         0 	       6 	        6 	         0 	       7 	        6 	       480 	       1 	        1 	       450 	       2 	        1 	       360 	       3 	        1 	       360 	       4 	        1 	       360 	       5 	        1
   4463102 	     4631 	          02 	          2325 	       240 	       6 	        1 	         0 	       7 	        6 	       285 	       1 	        1 	       270 	       2 	        1 	       510 	       3 	        1 	       510 	       4 	        1 	       510 	       5 	        1
   4463901 	     4639 	          01 	          2115 	       390 	       2 	        1 	       390 	       3 	        1 	       390 	       4 	        1 	       390 	       5 	        1 	       555 	       6 	        1 	         0 	       7 	        6 	         0 	       1 	        6
   4464501 	     4645 	          01 	           675 	       135 	       1 	        1 	       135 	       2 	        1 	       135 	       3 	        1 	       135 	       4 	        1 	       135 	       5 	        1 	         0 	       6 	        6 	         0 	       7 	        6
   4464502 	     4645 	          02 	          2415 	       435 	       1 	        1 	         0 	       2 	        6 	       420 	       3 	        1 	       555 	       4 	        1 	       555 	       5 	        1 	       450 	       6 	        1 	         0 	       7 	        6
   4464801 	     4648 	          01 	          1860 	       480 	       5 	        1 	       360 	       6 	        1 	       300 	       7 	        1 	       240 	       1 	        1 	       240 	       2 	        1 	       240 	       3 	        1 	         0 	       4 	        6
   4464802 	     4648 	          02 	          3420 	       450 	       5 	        1 	       720 	       6 	        1 	       450 	       7 	        1 	       450 	       1 	        1 	       450 	       2 	        1 	       450 	       3 	        1 	       450 	       4 	        1
   4464901 	     4649 	          01 	          2790 	       420 	       5 	        1 	         0 	       6 	        6 	         0 	       7 	        6 	       540 	       1 	        1 	       660 	       2 	        1 	       540 	       3 	        1 	       630 	       4 	        1
   4464902 	     4649 	          02 	          1290 	       210 	       5 	        1 	       240 	       6 	        1 	         0 	       7 	        6 	       210 	       1 	        1 	       210 	       2 	        1 	       210 	       3 	        1 	       210 	       4 	        1
   4466401 	     4664 	          01 	           510 	         0 	       7 	        6 	       510 	       1 	        1 	         0 	       2 	        6 	         0 	       3 	        6 	         0 	       4 	        6 	         0 	       5 	        6 	         0 	       6 	        6
   4466402 	     4664 	          02 	          1800 	         0 	       7 	        6 	         0 	       1 	        6 	       600 	       2 	        1 	       600 	       3 	        1 	       600 	       4 	        1 	         0 	       5 	        6 	         0 	       6 	        6
   4467501 	     4675 	          01 	           600 	         0 	       1 	        6 	       180 	       2 	        1 	         0 	       3 	        6 	       240 	       4 	        1 	       180 	       5 	        1 	         0 	       6 	        6 	         0 	       7 	        6
   4467601 	     4676 	          01 	          2340 	         0 	       1 	        6 	       510 	       2 	        1 	       570 	       3 	        1 	       510 	       4 	        1 	       510 	       5 	        1 	       240 	       6 	        1 	         0 	       7 	        6
   4467901 	     4679 	          01 	          1380 	       300 	       5 	        1 	         0 	       6 	        6 	         0 	       7 	        6 	       180 	       1 	        1 	       360 	       2 	        1 	       180 	       3 	        1 	       360 	       4 	        1
   4467902 	     4679 	          02 	           960 	         0 	       5 	        6 	         0 	       6 	        6 	         0 	       7 	        6 	       240 	       1 	        1 	       240 	       2 	        1 	       240 	       3 	        1 	       240 	       4 	        1
   4468301 	     4683 	          01 	          3000 	         0 	       7 	        6 	       600 	       1 	        1 	       600 	       2 	        1 	       600 	       3 	        1 	       600 	       4 	        1 	       600 	       5 	        1 	         0 	       6 	        6
   4468302 	     4683 	          02 	          2400 	         0 	       7 	        6 	       480 	       1 	        1 	       480 	       2 	        1 	       480 	       3 	        1 	       480 	       4 	        1 	       480 	       5 	        1 	         0 	       6 	        6
   4468601 	     4686 	          01 	          1950 	       390 	       1 	        1 	       390 	       2 	        1 	       390 	       3 	        1 	       390 	       4 	        1 	       390 	       5 	        1 	         0 	       6 	        6 	         0 	       7 	        6
   4469201 	     4692 	          01 	          2100 	         0 	       6 	        6 	         0 	       7 	        6 	       420 	       1 	        1 	       420 	       2 	        1 	       420 	       3 	        1 	       420 	       4 	        1 	       420 	       5 	        1
   4469202 	     4692 	          02 	          2400 	         0 	       6 	        6 	         0 	       7 	        6 	       480 	       1 	        1 	       480 	       2 	        1 	       480 	       3 	        1 	       480 	       4 	        1 	       480 	       5 	        1
   4470001 	     4700 	          01 	          3570 	       720 	       5 	        1 	       720 	       6 	        1 	         0 	       7 	        6 	       720 	       1 	        1 	         0 	       2 	        6 	       720 	       3 	        1 	       690 	       4 	        1
   4470002 	     4700 	          02 	          2400 	       480 	       5 	        1 	         0 	       6 	        6 	         0 	       7 	        6 	       480 	       1 	        1 	       480 	       2 	        1 	       480 	       3 	        1 	       480 	       4 	        1
   4470301 	     4703 	          01 	          2370 	         0 	       7 	        6 	       480 	       1 	        1 	       480 	       2 	        1 	       480 	       3 	        1 	       480 	       4 	        1 	       450 	       5 	        1 	         0 	       6 	        6
   4470302 	     4703 	          02 	             0 	         0 	       7 	        6 	         0 	       1 	        6 	         0 	       2 	        6 	         0 	       3 	        6 	         0 	       4 	        6 	         0 	       5 	        6 	         0 	       6 	        6
   4470501 	     4705 	          01 	          2700 	       540 	       1 	        1 	       540 	       2 	        1 	       540 	       3 	        1 	       540 	       4 	        1 	       540 	       5 	        1 	         0 	       6 	        6 	         0 	       7 	        6
   4470502 	     4705 	          02 	          2400 	       480 	       1 	        1 	       480 	       2 	        1 	       480 	       3 	        1 	       480 	       4 	        1 	       480 	       5 	        1 	         0 	       6 	        6 	         0 	       7 	        6
   4471203 	     4712 	          03 	           420 	         0 	       6 	        6 	         0 	       7 	        6 	       120 	       1 	        1 	       180 	       2 	        1 	       120 	       3 	        1 	         0 	       4 	        6 	         0 	       5 	        6
   4471204 	     4712 	          04 	          2280 	         0 	       6 	        6 	         0 	       7 	        6 	       540 	       1 	        1 	       360 	       2 	        1 	       540 	       3 	        1 	       480 	       4 	        1 	       360 	       5 	        1
   4471801 	     4718 	          01 	           960 	       240 	       2 	        1 	       240 	       3 	        1 	       240 	       4 	        1 	         0 	       5 	        6 	         0 	       6 	        6 	         0 	       7 	        6 	       240 	       1 	        1
   4472201 	     4722 	          01 	          2130 	         0 	       6 	        6 	         0 	       7 	        6 	       540 	       1 	        1 	       540 	       2 	        1 	       540 	       3 	        1 	         0 	       4 	        6 	       510 	       5 	        1
   4472202 	     4722 	          02 	           240 	         0 	       6 	        6 	         0 	       7 	        6 	         0 	       1 	        6 	         0 	       2 	        6 	         0 	       3 	        6 	         0 	       4 	        6 	       240 	       5 	        1
   4472502 	     4725 	          02 	           360 	       120 	       1 	        1 	         0 	       2 	        6 	       120 	       3 	        1 	         0 	       4 	        6 	       120 	       5 	        1 	         0 	       6 	        6 	         0 	       7 	        6
   4474201 	     4742 	          01 	          1560 	         0 	       6 	        6 	         0 	       7 	        6 	       540 	       1 	        1 	       540 	       2 	        1 	       480 	       3 	        1 	         0 	       4 	        6 	         0 	       5 	        6
   4474702 	     4747 	          02 	          3285 	       780 	       5 	        1 	       540 	       6 	        1 	         0 	       7 	        6 	       390 	       1 	        1 	       420 	       2 	        1 	       420 	       3 	        1 	       735 	       4 	        1
   4476101 	     4761 	          01 	             0 	         0 	       6 	        6 	         0 	       7 	        6 	         0 	       1 	        6 	         0 	       2 	        6 	         0 	       3 	        6 	         0 	       4 	        6 	         0 	       5 	        6
   4476102 	     4761 	          02 	          2685 	         0 	       6 	        6 	         0 	       7 	        6 	       570 	       1 	        1 	       615 	       2 	        1 	       480 	       3 	        1 	       510 	       4 	        1 	       510 	       5 	        1
   4476103 	     4761 	          03 	          2400 	       480 	       6 	        1 	         0 	       7 	        6 	       360 	       1 	        1 	       360 	       2 	        1 	       360 	       3 	        1 	       360 	       4 	        1 	       480 	       5 	        1
   4476104 	     4761 	          04 	             0 	         0 	       6 	        6 	         0 	       7 	        6 	         0 	       1 	        6 	         0 	       2 	        6 	         0 	       3 	        6 	         0 	       4 	        6 	         0 	       5 	        6
   4476105 	     4761 	          05 	           720 	       360 	       6 	        1 	         0 	       7 	        6 	         0 	       1 	        6 	         0 	       2 	        6 	         0 	       3 	        6 	         0 	       4 	        6 	       360 	       5 	        1
   4476301 	     4763 	          01 	          1695 	         0 	       7 	        6 	       345 	       1 	        1 	       330 	       2 	        1 	       330 	       3 	        1 	       345 	       4 	        1 	       345 	       5 	        1 	         0 	       6 	        6
   4476302 	     4763 	          02 	          1500 	         0 	       7 	        6 	       300 	       1 	        1 	       300 	       2 	        1 	       300 	       3 	        1 	       300 	       4 	        1 	       300 	       5 	        1 	         0 	       6 	        6
   4476702 	     4767 	          02 	          3720 	       600 	       5 	        1 	       600 	       6 	        1 	       600 	       7 	        1 	       480 	       1 	        1 	       480 	       2 	        1 	       480 	       3 	        1 	       480 	       4 	        1
   4476901 	     4769 	          01 	             0 	         0 	       5 	        6 	         0 	       6 	        6 	         0 	       7 	        6 	         0 	       1 	        6 	         0 	       2 	        6 	         0 	       3 	        6 	         0 	       4 	        6
   4477502 	     4775 	          02 	          2880 	       480 	       1 	        1 	       480 	       2 	        1 	       480 	       3 	        1 	       480 	       4 	        1 	       480 	       5 	        1 	       480 	       6 	        1 	         0 	       7 	        6
   4478101 	     4781 	          01 	             0 	         0 	       6 	        6 	         0 	       7 	        6 	         0 	       1 	        6 	         0 	       2 	        6 	         0 	       3 	        6 	         0 	       4 	        6 	         0 	       5 	        6
   4478102 	     4781 	          02 	          3180 	         0 	       6 	        6 	         0 	       7 	        6 	       300 	       1 	        1 	       720 	       2 	        1 	       900 	       3 	        1 	       930 	       4 	        1 	       330 	       5 	        1
   4478601 	     4786 	          01 	          3870 	         0 	       1 	        6 	       720 	       2 	        1 	       810 	       3 	        1 	       810 	       4 	        1 	       990 	       5 	        1 	       540 	       6 	        1 	         0 	       7 	        6
   4479001 	     4790 	          01 	          4860 	         0 	       2 	        6 	       360 	       3 	        1 	      1440 	       4 	        1 	      1440 	       5 	        1 	      1260 	       6 	        1 	         0 	       7 	        6 	       360 	       1 	        1
   4479002 	     4790 	          02 	           360 	         0 	       2 	        6 	         0 	       3 	        6 	         0 	       4 	        6 	         0 	       5 	        6 	         0 	       6 	        6 	         0 	       7 	        6 	       360 	       1 	        1
   4479902 	     4799 	          02 	          1980 	         0 	       2 	        6 	       510 	       3 	        1 	       510 	       4 	        1 	       450 	       5 	        1 	         0 	       6 	        6 	         0 	       7 	        6 	       510 	       1 	        1
   4480201 	     4802 	          01 	          2400 	         0 	       6 	        6 	         0 	       7 	        6 	       480 	       1 	        1 	       480 	       2 	        1 	       480 	       3 	        1 	       480 	       4 	        1 	       480 	       5 	        1
   4481601 	     4816 	          01 	             0 	         0 	       1 	        6 	         0 	       2 	        6 	         0 	       3 	        6 	         0 	       4 	        6 	         0 	       5 	        6 	         0 	       6 	        6 	         0 	       7 	        6
   4482201 	     4822 	          01 	          2430 	         0 	       6 	        6 	         0 	       7 	        6 	       615 	       1 	        1 	         0 	       2 	        6 	       600 	       3 	        1 	       615 	       4 	        1 	       600 	       5 	        1
   4482203 	     4822 	          03 	          1860 	         0 	       6 	        6 	         0 	       7 	        6 	       420 	       1 	        1 	         0 	       2 	        6 	       420 	       3 	        1 	       600 	       4 	        1 	       420 	       5 	        1
   4482301 	     4823 	          01 	          1950 	         0 	       7 	        6 	       450 	       1 	        1 	         0 	       2 	        6 	       450 	       3 	        1 	       450 	       4 	        1 	       360 	       5 	        1 	       240 	       6 	        1
   4482303 	     4823 	          03 	             0 	         0 	       7 	        6 	         0 	       1 	        6 	         0 	       2 	        6 	         0 	       3 	        6 	         0 	       4 	        6 	         0 	       5 	        6 	         0 	       6 	        6
   4482601 	     4826 	          01 	          1620 	         0 	       1 	        6 	         0 	       2 	        6 	       540 	       3 	        1 	       540 	       4 	        1 	       540 	       5 	        1 	         0 	       6 	        6 	         0 	       7 	        6
   4483301 	     4833 	          01 	          2040 	         0 	       7 	        6 	       600 	       1 	        1 	       120 	       2 	        1 	       600 	       3 	        1 	       120 	       4 	        1 	         0 	       5 	        6 	       600 	       6 	        1
   4483601 	     4836 	          01 	             0 	         0 	       1 	        6 	         0 	       2 	        6 	         0 	       3 	        6 	         0 	       4 	        6 	         0 	       5 	        6 	         0 	       6 	        6 	         0 	       7 	        6
   4483602 	     4836 	          02 	             0 	         0 	       1 	        6 	         0 	       2 	        6 	         0 	       3 	        6 	         0 	       4 	        6 	         0 	       5 	        6 	         0 	       6 	        6 	         0 	       7 	        6
   4484201 	     4842 	          01 	          1800 	         0 	       6 	        6 	         0 	       7 	        6 	       480 	       1 	        1 	       480 	       2 	        1 	       510 	       3 	        1 	         0 	       4 	        6 	       330 	       5 	        1
   4484202 	     4842 	          02 	          1860 	       300 	       6 	        1 	       300 	       7 	        1 	       300 	       1 	        1 	       300 	       2 	        1 	       300 	       3 	        1 	         0 	       4 	        6 	       360 	       5 	        1
   4484402 	     4844 	          02 	          3090 	         0 	       7 	        6 	       570 	       1 	        1 	       360 	       2 	        1 	       360 	       3 	        1 	       600 	       4 	        1 	       630 	       5 	        1 	       570 	       6 	        1
   4485301 	     4853 	          01 	          2400 	         0 	       7 	        6 	       480 	       1 	        1 	       480 	       2 	        1 	       480 	       3 	        1 	       480 	       4 	        1 	       480 	       5 	        1 	         0 	       6 	        6
   4485302 	     4853 	          02 	          3180 	       480 	       7 	        1 	       540 	       1 	        1 	       540 	       2 	        1 	       540 	       3 	        1 	       540 	       4 	        1 	       540 	       5 	        1 	         0 	       6 	        1
   4485303 	     4853 	          03 	             0 	         0 	       7 	        1 	         0 	       1 	        1 	         0 	       2 	        1 	         0 	       3 	        1 	         0 	       4 	        1 	         0 	       5 	        1 	         0 	       6 	        1
   4485401 	     4854 	          01 	          2820 	         0 	       7 	        1 	       660 	       1 	        1 	       660 	       2 	        1 	       660 	       3 	        1 	       420 	       4 	        1 	       420 	       5 	        1 	         0 	       6 	        1
   4485501 	     4855 	          01 	          2700 	       450 	       1 	        1 	       510 	       2 	        1 	       540 	       3 	        1 	       660 	       4 	        1 	       540 	       5 	        1 	         0 	       6 	        6 	         0 	       7 	        6
   4486002 	     4860 	          02 	          1680 	       420 	       2 	        1 	       420 	       3 	        1 	       420 	       4 	        1 	       420 	       5 	        1 	         0 	       6 	        6 	         0 	       7 	        6 	         0 	       1 	        6
   4486201 	     4862 	          01 	             0 	         0 	       6 	        1 	         0 	       7 	        1 	         0 	       1 	        1 	         0 	       2 	        1 	         0 	       3 	        1 	         0 	       4 	        1 	         0 	       5 	        1
   4487501 	     4875 	          01 	           600 	         0 	       1 	        6 	         0 	       2 	        6 	       300 	       3 	        1 	       300 	       4 	        1 	         0 	       5 	        6 	         0 	       6 	        6 	         0 	       7 	        6
   4487901 	     4879 	          01 	           360 	       360 	       5 	        1 	         0 	       6 	        6 	         0 	       7 	        6 	         0 	       1 	        6 	         0 	       2 	        6 	         0 	       3 	        6 	         0 	       4 	        6
   4487902 	     4879 	          02 	           360 	       360 	       5 	        1 	         0 	       6 	        6 	         0 	       7 	        6 	         0 	       1 	        6 	         0 	       2 	        6 	         0 	       3 	        6 	         0 	       4 	        6
   4488001 	     4880 	          01 	          2460 	         0 	       5 	        6 	       540 	       6 	        1 	       540 	       7 	        1 	         0 	       1 	        6 	       300 	       2 	        1 	       540 	       3 	        1 	       540 	       4 	        1
   4488602 	     4886 	          02 	          2280 	       450 	       1 	        1 	       450 	       2 	        1 	       450 	       3 	        1 	       450 	       4 	        1 	       480 	       5 	        1 	         0 	       6 	        6 	         0 	       7 	        6
   4488702 	     4887 	          02 	          2400 	         0 	       2 	        6 	       480 	       3 	        1 	       480 	       4 	        1 	       480 	       5 	        1 	       480 	       6 	        1 	         0 	       7 	        6 	       480 	       1 	        1
   4489801 	     4898 	          01 	          1800 	       450 	       2 	        1 	       450 	       3 	        1 	         0 	       4 	        6 	       450 	       5 	        1 	         0 	       6 	        6 	         0 	       7 	        6 	       450 	       1 	        1
   4489802 	     4898 	          02 	          1425 	       465 	       2 	        1 	       480 	       3 	        1 	         0 	       4 	        6 	         0 	       5 	        6 	         0 	       6 	        6 	         0 	       7 	        6 	       480 	       1 	        1
   4491101 	     4911 	          01 	          2460 	       540 	       1 	        1 	       480 	       2 	        1 	       480 	       3 	        1 	       480 	       4 	        1 	       480 	       5 	        1 	         0 	       6 	        6 	         0 	       7 	        6
   4491102 	     4911 	          02 	          2400 	       480 	       1 	        1 	       480 	       2 	        1 	       480 	       3 	        1 	       480 	       4 	        1 	       480 	       5 	        1 	         0 	       6 	        6 	         0 	       7 	        6
   4492402 	     4924 	          02 	          2550 	         0 	       6 	        6 	         0 	       7 	        6 	       510 	       1 	        1 	       510 	       2 	        1 	       510 	       3 	        1 	       510 	       4 	        1 	       510 	       5 	        1
   4492602 	     4926 	          02 	          2250 	         0 	       7 	        6 	       450 	       1 	        1 	       450 	       2 	        1 	       450 	       3 	        1 	       450 	       4 	        1 	       450 	       5 	        1 	         0 	       6 	        6
   4493801 	     4938 	          01 	           900 	         0 	       2 	        6 	         0 	       3 	        6 	         0 	       4 	        6 	       450 	       5 	        1 	         0 	       6 	        6 	         0 	       7 	        6 	       450 	       1 	        1
   4494401 	     4944 	          01 	          1800 	       360 	       1 	        1 	       360 	       2 	        1 	       360 	       3 	        1 	       360 	       4 	        1 	       360 	       5 	        1 	         0 	       6 	        6 	         0 	       7 	        6
   4494701 	     4947 	          01 	          2415 	       480 	       2 	        1 	       480 	       3 	        1 	       480 	       4 	        1 	       495 	       5 	        1 	       480 	       6 	        1 	         0 	       7 	        6 	         0 	       1 	        6
   4494702 	     4947 	          02 	          2400 	       480 	       2 	        1 	       480 	       3 	        1 	       480 	       4 	        1 	       480 	       5 	        1 	         0 	       6 	        6 	         0 	       7 	        6 	       480 	       1 	        1
   4495302 	     4953 	          02 	          1065 	         0 	       5 	        6 	         0 	       6 	        6 	         0 	       7 	        6 	       270 	       1 	        1 	       270 	       2 	        1 	       270 	       3 	        1 	       255 	       4 	        1
   4495901 	     4959 	          01 	             0 	         0 	       1 	        6 	         0 	       2 	        6 	         0 	       3 	        6 	         0 	       4 	        6 	         0 	       5 	        6 	         0 	       6 	        6 	         0 	       7 	        6
   4495902 	     4959 	          02 	          3000 	       540 	       1 	        1 	       540 	       2 	        1 	       540 	       3 	        1 	       540 	       4 	        1 	       540 	       5 	        1 	       300 	       6 	        1 	         0 	       7 	        6
   4496101 	     4961 	          01 	          3150 	       630 	       3 	        1 	       630 	       4 	        1 	       630 	       5 	        1 	         0 	       6 	        6 	         0 	       7 	        6 	       630 	       1 	        1 	       630 	       2 	        1
   4496104 	     4961 	          04 	          2400 	       480 	       3 	        1 	       480 	       4 	        1 	       480 	       5 	        1 	         0 	       6 	        6 	         0 	       7 	        6 	       480 	       1 	        1 	       480 	       2 	        1
   4496401 	     4964 	          01 	             0 	         0 	       6 	        1 	         0 	       7 	        1 	         0 	       1 	        1 	         0 	       2 	        1 	         0 	       3 	        1 	         0 	       4 	        1 	         0 	       5 	        1
   4496402 	     4964 	          02 	             0 	         0 	       6 	        1 	         0 	       7 	        1 	         0 	       1 	        1 	         0 	       2 	        1 	         0 	       3 	        1 	         0 	       4 	        1 	         0 	       5 	        1
   4497001 	     4970 	          01 	          2760 	       540 	       3 	        1 	       600 	       4 	        1 	       540 	       5 	        1 	         0 	       6 	        6 	         0 	       7 	        6 	       540 	       1 	        1 	       540 	       2 	        1
   4497002 	     4970 	          02 	          1620 	       540 	       3 	        1 	         0 	       4 	        6 	       540 	       5 	        1 	         0 	       6 	        6 	         0 	       7 	        6 	         0 	       1 	        6 	       540 	       2 	        1
   4497101 	     4971 	          01 	          2250 	       450 	       3 	        1 	       450 	       4 	        1 	       450 	       5 	        1 	         0 	       6 	        6 	         0 	       7 	        6 	       450 	       1 	        1 	       450 	       2 	        1
   4497201 	     4972 	          01 	          2610 	         0 	       6 	        6 	         0 	       7 	        6 	       630 	       1 	        1 	       630 	       2 	        1 	       630 	       3 	        1 	       360 	       4 	        1 	       360 	       5 	        1
   4497203 	     4972 	          03 	          2700 	         0 	       6 	        6 	         0 	       7 	        6 	       540 	       1 	        1 	       540 	       2 	        1 	       540 	       3 	        1 	       540 	       4 	        1 	       540 	       5 	        1
   4497402 	     4974 	          02 	          2100 	         0 	       7 	        6 	       420 	       1 	        1 	       420 	       2 	        1 	       420 	       3 	        1 	       420 	       4 	        1 	       420 	       5 	        1 	         0 	       6 	        6
   4497501 	     4975 	          01 	          2700 	       450 	       7 	        1 	       450 	       1 	        1 	       450 	       2 	        1 	       450 	       3 	        1 	       450 	       4 	        1 	         0 	       5 	        6 	       450 	       6 	        1
   4497502 	     4975 	          02 	          2400 	         0 	       7 	        6 	       510 	       1 	        1 	       510 	       2 	        1 	       510 	       3 	        1 	       510 	       4 	        1 	       360 	       5 	        1 	         0 	       6 	        6
   4497703 	     4977 	          03 	             0 	         0 	       4 	        6 	         0 	       5 	        6 	         0 	       6 	        6 	         0 	       7 	        6 	         0 	       1 	        6 	         0 	       2 	        6 	         0 	       3 	        6
   4498002 	     4980 	          02 	          2400 	         0 	       6 	        6 	         0 	       7 	        6 	       480 	       1 	        1 	       480 	       2 	        1 	       480 	       3 	        1 	       480 	       4 	        1 	       480 	       5 	        1
   4498601 	     4986 	          01 	          2160 	         0 	       3 	        6 	       720 	       4 	        1 	       720 	       5 	        1 	         0 	       6 	        6 	         0 	       7 	        6 	         0 	       1 	        6 	       720 	       2 	        1
   4498602 	     4986 	          02 	          3000 	       600 	       3 	        1 	       600 	       4 	        1 	       600 	       5 	        1 	         0 	       6 	        6 	         0 	       7 	        6 	       600 	       1 	        1 	       600 	       2 	        1
   4498902 	     4989 	          02 	             0 	         0 	       6 	        1 	         0 	       7 	        1 	         0 	       1 	        1 	         0 	       2 	        1 	         0 	       3 	        1 	         0 	       4 	        1 	         0 	       5 	        1
   4499201 	     4992 	          01 	             0 	         0 	       1 	        1 	         0 	       2 	        1 	         0 	       3 	        1 	         0 	       4 	        1 	         0 	       5 	        1 	         0 	       6 	        1 	         0 	       7 	        1
   4499202 	     4992 	          02 	          2850 	       570 	       1 	        1 	       570 	       2 	        1 	       570 	       3 	        1 	       570 	       4 	        1 	       570 	       5 	        1 	         0 	       6 	        6 	         0 	       7 	        6
   4499301 	     4993 	          01 	          2445 	       585 	       2 	        1 	       525 	       3 	        1 	       495 	       4 	        1 	       345 	       5 	        1 	         0 	       6 	        6 	         0 	       7 	        6 	       495 	       1 	        1
   4499302 	     4993 	          02 	          2100 	       420 	       2 	        1 	       420 	       3 	        1 	       420 	       4 	        1 	       420 	       5 	        1 	         0 	       6 	        6 	         0 	       7 	        6 	       420 	       1 	        1
   4499501 	     4995 	          01 	          2400 	       480 	       2 	        1 	       480 	       3 	        1 	       480 	       4 	        1 	       480 	       5 	        1 	         0 	       6 	        6 	         0 	       7 	        6 	       480 	       1 	        1
   4499502 	     4995 	          02 	          2100 	       450 	       2 	        1 	       330 	       3 	        1 	       450 	       4 	        1 	       420 	       5 	        1 	         0 	       6 	        6 	         0 	       7 	        6 	       450 	       1 	        1
   4499601 	     4996 	          01 	          2850 	         0 	       6 	        6 	         0 	       7 	        6 	       570 	       1 	        1 	       570 	       2 	        1 	       570 	       3 	        1 	       570 	       4 	        1 	       570 	       5 	        1
   4499901 	     4999 	          01 	          3000 	         0 	       7 	        6 	       480 	       1 	        1 	       600 	       2 	        1 	       600 	       3 	        1 	       600 	       4 	        1 	       600 	       5 	        1 	       120 	       6 	        1
   4500001 	     5000 	          01 	          2700 	       540 	       1 	        1 	       540 	       2 	        1 	       540 	       3 	        1 	       540 	       4 	        1 	       540 	       5 	        1 	         0 	       6 	        6 	         0 	       7 	        6
   4500501 	     5005 	          01 	          2250 	         0 	       6 	        6 	         0 	       7 	        6 	       450 	       1 	        1 	       450 	       2 	        1 	       450 	       3 	        1 	       450 	       4 	        1 	       450 	       5 	        1
   4500601 	     5006 	          01 	             0 	         0 	       7 	        1 	         0 	       1 	        1 	         0 	       2 	        1 	         0 	       3 	        1 	         0 	       4 	        1 	         0 	       5 	        1 	         0 	       6 	        1
   4501702 	     5017 	          02 	          1440 	       240 	       2 	        1 	       240 	       3 	        1 	       240 	       4 	        1 	       240 	       5 	        1 	       240 	       6 	        1 	         0 	       7 	        6 	       240 	       1 	        1
   4502101 	     5021 	          01 	          2400 	         0 	       6 	        6 	         0 	       7 	        6 	       480 	       1 	        1 	       480 	       2 	        1 	       480 	       3 	        1 	       480 	       4 	        1 	       480 	       5 	        1
   4502102 	     5021 	          02 	             0 	         0 	       6 	        6 	         0 	       7 	        6 	         0 	       1 	        6 	         0 	       2 	        6 	         0 	       3 	        6 	         0 	       4 	        6 	         0 	       5 	        6
   4502501 	     5025 	          01 	          2340 	       510 	       1 	        1 	       510 	       2 	        1 	       510 	       3 	        1 	       510 	       4 	        1 	       300 	       5 	        1 	         0 	       6 	        6 	         0 	       7 	        6
   4502801 	     5028 	          01 	          2400 	       480 	       5 	        1 	         0 	       6 	        6 	         0 	       7 	        6 	       480 	       1 	        1 	       480 	       2 	        1 	       480 	       3 	        1 	       480 	       4 	        1
   4502802 	     5028 	          02 	          2625 	       435 	       5 	        1 	       435 	       6 	        1 	         0 	       7 	        6 	       450 	       1 	        1 	       435 	       2 	        1 	       435 	       3 	        1 	       435 	       4 	        1
   4503301 	     5033 	          01 	          2310 	         0 	       7 	        6 	       480 	       1 	        1 	       480 	       2 	        1 	       480 	       3 	        1 	       480 	       4 	        1 	       390 	       5 	        1 	         0 	       6 	        6
   4503401 	     5034 	          01 	          2280 	       480 	       1 	        1 	       480 	       2 	        1 	       480 	       3 	        1 	       480 	       4 	        1 	       360 	       5 	        1 	         0 	       6 	        6 	         0 	       7 	        6
   4503402 	     5034 	          02 	          1800 	       360 	       1 	        1 	       360 	       2 	        1 	       360 	       3 	        1 	       360 	       4 	        1 	       360 	       5 	        1 	         0 	       6 	        6 	         0 	       7 	        6
   4503403 	     5034 	          03 	          2430 	       510 	       1 	        1 	       510 	       2 	        1 	       510 	       3 	        1 	       510 	       4 	        1 	       390 	       5 	        1 	         0 	       6 	        6 	         0 	       7 	        6
   4503901 	     5039 	          01 	          2250 	       450 	       4 	        1 	       450 	       5 	        1 	         0 	       6 	        6 	         0 	       7 	        6 	       450 	       1 	        1 	       450 	       2 	        1 	       450 	       3 	        1
   4504202 	     5042 	          02 	          2400 	         0 	       6 	        6 	         0 	       7 	        6 	       480 	       1 	        1 	       480 	       2 	        1 	       480 	       3 	        1 	       480 	       4 	        1 	       480 	       5 	        1
   4504701 	     5047 	          01 	          2010 	       450 	       2 	        1 	       450 	       3 	        1 	       390 	       4 	        1 	       390 	       5 	        1 	       330 	       6 	        1 	         0 	       7 	        6 	         0 	       1 	        6
   4505301 	     5053 	          01 	          2400 	         0 	       7 	        6 	       480 	       1 	        1 	       480 	       2 	        1 	       480 	       3 	        1 	       480 	       4 	        1 	       480 	       5 	        1 	         0 	       6 	        6
   4505302 	     5053 	          02 	          1200 	         0 	       7 	        6 	       240 	       1 	        1 	       240 	       2 	        1 	       240 	       3 	        1 	       240 	       4 	        1 	       240 	       5 	        1 	         0 	       6 	        6
   4505601 	     5056 	          01 	          2925 	       585 	       5 	        1 	         0 	       6 	        6 	         0 	       7 	        6 	       585 	       1 	        1 	       585 	       2 	        1 	       585 	       3 	        1 	       585 	       4 	        1
   4505602 	     5056 	          02 	          2280 	       435 	       5 	        1 	         0 	       6 	        6 	         0 	       7 	        6 	       435 	       1 	        1 	       435 	       2 	        1 	       540 	       3 	        1 	       435 	       4 	        1
   4505902 	     5059 	          02 	           480 	         0 	       6 	        6 	       240 	       7 	        1 	        60 	       1 	        1 	        60 	       2 	        1 	        60 	       3 	        1 	         0 	       4 	        6 	        60 	       5 	        1
   4506301 	     5063 	          01 	          2400 	       480 	       5 	        1 	         0 	       6 	        6 	         0 	       7 	        6 	       480 	       1 	        1 	       480 	       2 	        1 	       480 	       3 	        1 	       480 	       4 	        1
   4506302 	     5063 	          02 	          2400 	       480 	       5 	        1 	         0 	       6 	        6 	         0 	       7 	        6 	       480 	       1 	        1 	       480 	       2 	        1 	       480 	       3 	        1 	       480 	       4 	        1
   4506501 	     5065 	          01 	          2700 	       540 	       5 	        1 	         0 	       6 	        6 	         0 	       7 	        6 	       540 	       1 	        1 	       540 	       2 	        1 	       540 	       3 	        1 	       540 	       4 	        1
   4507301 	     5073 	          01 	           660 	       660 	       5 	        1 	         0 	       6 	        6 	         0 	       7 	        6 	         0 	       1 	        6 	         0 	       2 	        6 	         0 	       3 	        6 	         0 	       4 	        6
   4509002 	     5090 	          02 	          3135 	       405 	       6 	        1 	         0 	       7 	        6 	       615 	       1 	        1 	       600 	       2 	        1 	       600 	       3 	        1 	       615 	       4 	        1 	       300 	       5 	        1
   4509101 	     5091 	          01 	          3165 	         0 	       7 	        6 	       540 	       1 	        1 	       720 	       2 	        1 	       645 	       3 	        1 	       630 	       4 	        1 	       630 	       5 	        1 	         0 	       6 	        6
   4509102 	     5091 	          02 	          2400 	         0 	       7 	        6 	       480 	       1 	        1 	       480 	       2 	        1 	       480 	       3 	        1 	       480 	       4 	        1 	       480 	       5 	        1 	         0 	       6 	        6
   4509701 	     5097 	          01 	          1980 	       360 	       2 	        1 	       360 	       3 	        1 	       360 	       4 	        1 	       360 	       5 	        1 	         0 	       6 	        6 	         0 	       7 	        6 	       540 	       1 	        1
   4509702 	     5097 	          02 	          2700 	       540 	       2 	        1 	       540 	       3 	        1 	       540 	       4 	        1 	       540 	       5 	        1 	         0 	       6 	        6 	         0 	       7 	        6 	       540 	       1 	        1
   4510401 	     5104 	          01 	          3240 	       540 	       5 	        1 	       540 	       6 	        1 	         0 	       7 	        6 	       540 	       1 	        1 	       540 	       2 	        1 	       540 	       3 	        1 	       540 	       4 	        1
   4511001 	     5110 	          01 	          2850 	         0 	       1 	        6 	       570 	       2 	        1 	       570 	       3 	        1 	       570 	       4 	        1 	       570 	       5 	        1 	       570 	       6 	        1 	         0 	       7 	        6
   4511201 	     5112 	          01 	          2400 	       480 	       5 	        1 	         0 	       6 	        6 	         0 	       7 	        6 	       480 	       1 	        1 	       480 	       2 	        1 	       480 	       3 	        1 	       480 	       4 	        1
   4511202 	     5112 	          02 	          2700 	       540 	       5 	        1 	         0 	       6 	        6 	         0 	       7 	        6 	       540 	       1 	        1 	       540 	       2 	        1 	       540 	       3 	        1 	       540 	       4 	        1
   4511702 	     5117 	          02 	          2700 	       450 	       7 	        1 	         0 	       1 	        6 	       450 	       2 	        1 	       450 	       3 	        1 	       450 	       4 	        1 	       450 	       5 	        1 	       450 	       6 	        1
   4512102 	     5121 	          02 	          6300 	       900 	       2 	        1 	       900 	       3 	        1 	       900 	       4 	        1 	       900 	       5 	        1 	       900 	       6 	        1 	       900 	       7 	        1 	       900 	       1 	        1
   4513001 	     5130 	          01 	          2550 	       360 	       5 	        1 	         0 	       6 	        6 	         0 	       7 	        6 	       525 	       1 	        1 	       555 	       2 	        1 	       555 	       3 	        1 	       555 	       4 	        1
   4513801 	     5138 	          01 	          2280 	       570 	       2 	        1 	       570 	       3 	        1 	       570 	       4 	        1 	       570 	       5 	        1 	         0 	       6 	        6 	         0 	       7 	        6 	         0 	       1 	        6
   4514001 	     5140 	          01 	          2400 	         0 	       6 	        6 	         0 	       7 	        6 	       510 	       1 	        1 	       510 	       2 	        1 	       510 	       3 	        1 	       510 	       4 	        1 	       360 	       5 	        1
   4514002 	     5140 	          02 	          2700 	         0 	       6 	        6 	         0 	       7 	        6 	       540 	       1 	        1 	       540 	       2 	        1 	       540 	       3 	        1 	       540 	       4 	        1 	       540 	       5 	        1
   4514004 	     5140 	          04 	          3390 	       240 	       6 	        1 	         0 	       7 	        6 	       630 	       1 	        1 	       630 	       2 	        1 	       630 	       3 	        1 	       630 	       4 	        1 	       630 	       5 	        1
   4514201 	     5142 	          01 	          2700 	         0 	       7 	        6 	       540 	       1 	        1 	       540 	       2 	        1 	       540 	       3 	        1 	       540 	       4 	        1 	       540 	       5 	        1 	         0 	       6 	        6
   4514203 	     5142 	          03 	          3300 	         0 	       7 	        6 	       600 	       1 	        1 	       600 	       2 	        1 	       600 	       3 	        1 	       600 	       4 	        1 	       600 	       5 	        1 	       300 	       6 	        1
   4514401 	     5144 	          01 	          3600 	       720 	       1 	        1 	       720 	       2 	        1 	       720 	       3 	        1 	       720 	       4 	        1 	       720 	       5 	        1 	         0 	       6 	        6 	         0 	       7 	        6
   4514402 	     5144 	          02 	           480 	         0 	       1 	        6 	       120 	       2 	        1 	       120 	       3 	        1 	       120 	       4 	        1 	       120 	       5 	        1 	         0 	       6 	        6 	         0 	       7 	        6
   4515001 	     5150 	          01 	          1110 	         0 	       6 	        6 	         0 	       7 	        6 	         0 	       1 	        6 	         0 	       2 	        6 	         0 	       3 	        6 	       570 	       4 	        1 	       540 	       5 	        1
   4515002 	     5150 	          02 	          2160 	       600 	       6 	        1 	       120 	       7 	        1 	         0 	       1 	        6 	       600 	       2 	        1 	       120 	       3 	        1 	       600 	       4 	        1 	       120 	       5 	        1
   4515302 	     5153 	          02 	          2400 	       480 	       1 	        1 	       480 	       2 	        1 	       480 	       3 	        1 	       480 	       4 	        1 	       480 	       5 	        1 	         0 	       6 	        6 	         0 	       7 	        6
   4516202 	     5162 	          02 	          2175 	       435 	       7 	        1 	       435 	       1 	        1 	       435 	       2 	        1 	       435 	       3 	        1 	       435 	       4 	        1 	         0 	       5 	        6 	         0 	       6 	        6
   4517601 	     5176 	          01 	          2250 	       450 	       3 	        1 	       450 	       4 	        1 	       450 	       5 	        1 	         0 	       6 	        6 	         0 	       7 	        6 	       450 	       1 	        1 	       450 	       2 	        1
   4517602 	     5176 	          02 	          2310 	       390 	       3 	        1 	       390 	       4 	        1 	       390 	       5 	        1 	         0 	       6 	        6 	         0 	       7 	        6 	       570 	       1 	        1 	       570 	       2 	        1
   4517604 	     5176 	          04 	          2415 	       390 	       3 	        1 	       405 	       4 	        1 	       405 	       5 	        1 	       405 	       6 	        1 	         0 	       7 	        6 	       405 	       1 	        1 	       405 	       2 	        1
   4518502 	     5185 	          02 	          2925 	         0 	       4 	        6 	       510 	       5 	        1 	       480 	       6 	        1 	       480 	       7 	        1 	       480 	       1 	        1 	       480 	       2 	        1 	       495 	       3 	        1
   4519801 	     5198 	          01 	          2700 	       540 	       3 	        1 	       540 	       4 	        1 	       540 	       5 	        1 	         0 	       6 	        6 	         0 	       7 	        6 	       540 	       1 	        1 	       540 	       2 	        1
   4519802 	     5198 	          02 	          3600 	         0 	       3 	        6 	       720 	       4 	        1 	       720 	       5 	        1 	         0 	       6 	        6 	       720 	       7 	        1 	       720 	       1 	        1 	       720 	       2 	        1
   4520001 	     5200 	          01 	          2655 	       255 	       6 	        1 	         0 	       7 	        6 	       495 	       1 	        1 	       480 	       2 	        1 	       465 	       3 	        1 	       480 	       4 	        1 	       480 	       5 	        1
   4520002 	     5200 	          02 	          1800 	         0 	       6 	        6 	         0 	       7 	        6 	       360 	       1 	        1 	       360 	       2 	        1 	       360 	       3 	        1 	       360 	       4 	        1 	       360 	       5 	        1
   4520501 	     5205 	          01 	          2070 	       390 	       4 	        1 	       420 	       5 	        1 	         0 	       6 	        6 	         0 	       7 	        6 	       420 	       1 	        1 	       420 	       2 	        1 	       420 	       3 	        1
   4520502 	     5205 	          02 	          2610 	       510 	       4 	        1 	       525 	       5 	        1 	         0 	       6 	        6 	         0 	       7 	        6 	       525 	       1 	        1 	       525 	       2 	        1 	       525 	       3 	        1
   4520503 	     5205 	          03 	          2625 	       525 	       4 	        1 	       525 	       5 	        1 	         0 	       6 	        6 	         0 	       7 	        6 	       525 	       1 	        1 	       525 	       2 	        1 	       525 	       3 	        1
   4520504 	     5205 	          04 	          1350 	         0 	       4 	        6 	         0 	       5 	        6 	         0 	       6 	        6 	         0 	       7 	        6 	       450 	       1 	        1 	       450 	       2 	        1 	       450 	       3 	        1
   4520601 	     5206 	          01 	          1980 	       390 	       4 	        1 	       390 	       5 	        1 	         0 	       6 	        6 	         0 	       7 	        6 	       390 	       1 	        1 	       420 	       2 	        1 	       390 	       3 	        1
   4520603 	     5206 	          03 	          2670 	       390 	       4 	        1 	       390 	       5 	        1 	         0 	       6 	        6 	       720 	       7 	        1 	       390 	       1 	        1 	       390 	       2 	        1 	       390 	       3 	        1
   4520903 	     5209 	          03 	          2970 	         0 	       6 	        6 	       120 	       7 	        1 	       570 	       1 	        1 	       600 	       2 	        1 	       570 	       3 	        1 	       600 	       4 	        1 	       510 	       5 	        1
   4521401 	     5214 	          01 	          1710 	       450 	       1 	        1 	       420 	       2 	        1 	       420 	       3 	        1 	       420 	       4 	        1 	         0 	       5 	        6 	         0 	       6 	        6 	         0 	       7 	        6
   4521403 	     5214 	          03 	          4320 	       720 	       1 	        1 	       660 	       2 	        1 	       660 	       3 	        1 	       660 	       4 	        1 	       840 	       5 	        1 	       420 	       6 	        1 	       360 	       7 	        1
   4521802 	     5218 	          02 	          3240 	       660 	       4 	        1 	       660 	       5 	        1 	         0 	       6 	        6 	         0 	       7 	        6 	       660 	       1 	        1 	       660 	       2 	        1 	       600 	       3 	        1
   4522001 	     5220 	          01 	          1575 	       210 	       6 	        1 	         0 	       7 	        6 	       450 	       1 	        1 	       225 	       2 	        1 	       240 	       3 	        1 	       225 	       4 	        1 	       225 	       5 	        1
   4522002 	     5220 	          02 	          2100 	         0 	       6 	        6 	         0 	       7 	        6 	       420 	       1 	        1 	       420 	       2 	        1 	       420 	       3 	        1 	       420 	       4 	        1 	       420 	       5 	        1
   4522204 	     5222 	          04 	          2880 	         0 	       7 	        6 	       480 	       1 	        1 	       480 	       2 	        1 	       480 	       3 	        1 	       480 	       4 	        1 	       480 	       5 	        1 	       480 	       6 	        1
   4523302 	     5233 	          02 	          1200 	       240 	       5 	        1 	         0 	       6 	        6 	         0 	       7 	        6 	       240 	       1 	        1 	       240 	       2 	        1 	       240 	       3 	        1 	       240 	       4 	        1
   4523501 	     5235 	          01 	          3000 	       540 	       5 	        1 	       300 	       6 	        1 	         0 	       7 	        6 	       540 	       1 	        1 	       540 	       2 	        1 	       540 	       3 	        1 	       540 	       4 	        1
   4523601 	     5236 	          01 	          3030 	       480 	       6 	        1 	         0 	       7 	        6 	       510 	       1 	        1 	       510 	       2 	        1 	       510 	       3 	        1 	       510 	       4 	        1 	       510 	       5 	        1
   4523603 	     5236 	          03 	          3300 	         0 	       6 	        6 	         0 	       7 	        6 	       660 	       1 	        1 	       660 	       2 	        1 	       660 	       3 	        1 	       660 	       4 	        1 	       660 	       5 	        1
   4524001 	     5240 	          01 	          2175 	       435 	       1 	        1 	       435 	       2 	        1 	       435 	       3 	        1 	       435 	       4 	        1 	       435 	       5 	        1 	         0 	       6 	        6 	         0 	       7 	        6
   4524002 	     5240 	          02 	          2400 	       480 	       1 	        1 	       480 	       2 	        1 	       480 	       3 	        1 	       480 	       4 	        1 	       480 	       5 	        1 	         0 	       6 	        6 	         0 	       7 	        6
   4525201 	     5252 	          01 	          1920 	         0 	       6 	        6 	         0 	       7 	        6 	       360 	       1 	        1 	       420 	       2 	        1 	       420 	       3 	        1 	       300 	       4 	        1 	       420 	       5 	        1
   4525202 	     5252 	          02 	          2400 	         0 	       6 	        6 	         0 	       7 	        6 	       480 	       1 	        1 	       480 	       2 	        1 	       480 	       3 	        1 	       480 	       4 	        1 	       480 	       5 	        1
   4525302 	     5253 	          02 	          2280 	       180 	       6 	        1 	         0 	       7 	        6 	       420 	       1 	        1 	       420 	       2 	        1 	       420 	       3 	        1 	       420 	       4 	        1 	       420 	       5 	        1
   4525303 	     5253 	          03 	          2400 	         0 	       6 	        6 	         0 	       7 	        6 	       480 	       1 	        1 	       480 	       2 	        1 	       480 	       3 	        1 	       480 	       4 	        1 	       480 	       5 	        1
   4525304 	     5253 	          04 	          2400 	         0 	       6 	        6 	         0 	       7 	        6 	       480 	       1 	        1 	       480 	       2 	        1 	       480 	       3 	        1 	       480 	       4 	        1 	       480 	       5 	        1
   4525601 	     5256 	          01 	          2700 	       540 	       1 	        1 	       540 	       2 	        1 	       540 	       3 	        1 	       540 	       4 	        1 	       540 	       5 	        1 	         0 	       6 	        6 	         0 	       7 	        6
   4525602 	     5256 	          02 	          1500 	       300 	       1 	        1 	       300 	       2 	        1 	       300 	       3 	        1 	       300 	       4 	        1 	       300 	       5 	        1 	         0 	       6 	        6 	         0 	       7 	        6
   4526801 	     5268 	          01 	          3000 	         0 	       6 	        6 	       120 	       7 	        1 	       600 	       1 	        1 	       600 	       2 	        1 	       600 	       3 	        1 	       600 	       4 	        1 	       480 	       5 	        1
   4526802 	     5268 	          02 	          2160 	       360 	       6 	        1 	         0 	       7 	        6 	       360 	       1 	        1 	       360 	       2 	        1 	       360 	       3 	        1 	       360 	       4 	        1 	       360 	       5 	        1
   4527202 	     5272 	          02 	          1800 	         0 	       1 	        6 	         0 	       2 	        6 	       540 	       3 	        1 	       420 	       4 	        1 	       420 	       5 	        1 	       420 	       6 	        1 	         0 	       7 	        6
   4530001 	     5300 	          01 	          1920 	         0 	       7 	        6 	       480 	       1 	        1 	       480 	       2 	        1 	         0 	       3 	        6 	       480 	       4 	        1 	       480 	       5 	        1 	         0 	       6 	        6
   4530002 	     5300 	          02 	          1260 	         0 	       7 	        6 	       420 	       1 	        1 	       420 	       2 	        1 	         0 	       3 	        6 	         0 	       4 	        6 	         0 	       5 	        6 	       420 	       6 	        1
   4530901 	     5309 	          01 	          2100 	         0 	       7 	        6 	       420 	       1 	        1 	       420 	       2 	        1 	       420 	       3 	        1 	       420 	       4 	        1 	       420 	       5 	        1 	         0 	       6 	        6
   4530902 	     5309 	          02 	          2880 	         0 	       7 	        6 	       600 	       1 	        1 	       480 	       2 	        1 	       600 	       3 	        1 	       600 	       4 	        1 	       600 	       5 	        1 	         0 	       6 	        6
   4532201 	     5322 	          01 	          2400 	       480 	       1 	        1 	       480 	       2 	        1 	       480 	       3 	        1 	       480 	       4 	        1 	       480 	       5 	        1 	         0 	       6 	        6 	         0 	       7 	        6
   4532301 	     5323 	          01 	          2880 	       480 	       2 	        1 	       480 	       3 	        1 	       480 	       4 	        1 	       480 	       5 	        1 	       480 	       6 	        1 	         0 	       7 	        6 	       480 	       1 	        1
   4532302 	     5323 	          02 	          2400 	       480 	       2 	        1 	       480 	       3 	        1 	       480 	       4 	        1 	       480 	       5 	        1 	         0 	       6 	        6 	         0 	       7 	        6 	       480 	       1 	        1
   4534401 	     5344 	          01 	          2400 	       510 	       3 	        1 	       510 	       4 	        1 	       360 	       5 	        1 	         0 	       6 	        6 	         0 	       7 	        6 	       510 	       1 	        1 	       510 	       2 	        1
   4534501 	     5345 	          01 	          2400 	       480 	       3 	        1 	       480 	       4 	        1 	       480 	       5 	        1 	         0 	       6 	        6 	         0 	       7 	        6 	       480 	       1 	        1 	       480 	       2 	        1
   4534701 	     5347 	          01 	          2520 	       270 	       6 	        1 	         0 	       7 	        6 	       450 	       1 	        1 	       450 	       2 	        1 	       450 	       3 	        1 	       450 	       4 	        1 	       450 	       5 	        1
   4536201 	     5362 	          01 	          3420 	       420 	       6 	        1 	         0 	       7 	        6 	       600 	       1 	        1 	       600 	       2 	        1 	       600 	       3 	        1 	       600 	       4 	        1 	       600 	       5 	        1
   4537701 	     5377 	          01 	          2580 	       420 	       5 	        1 	         0 	       6 	        6 	         0 	       7 	        6 	       540 	       1 	        1 	       540 	       2 	        1 	       540 	       3 	        1 	       540 	       4 	        1
   4537801 	     5378 	          01 	           750 	         0 	       6 	        6 	         0 	       7 	        6 	       150 	       1 	        1 	       150 	       2 	        1 	       150 	       3 	        1 	       150 	       4 	        1 	       150 	       5 	        1
   4537802 	     5378 	          02 	          2580 	         0 	       6 	        6 	         0 	       7 	        6 	       480 	       1 	        1 	       480 	       2 	        1 	       480 	       3 	        1 	       480 	       4 	        1 	       660 	       5 	        1
   4538001 	     5380 	          01 	           600 	         0 	       7 	        6 	       120 	       1 	        1 	       120 	       2 	        1 	       120 	       3 	        1 	       120 	       4 	        1 	       120 	       5 	        1 	         0 	       6 	        6
   4538301 	     5383 	          01 	          2520 	         0 	       4 	        6 	         0 	       5 	        6 	       300 	       6 	        1 	       270 	       7 	        1 	       630 	       1 	        1 	       720 	       2 	        1 	       600 	       3 	        1
   4538302 	     5383 	          02 	             0 	         0 	       4 	        1 	         0 	       5 	        1 	         0 	       6 	        1 	         0 	       7 	        1 	         0 	       1 	        1 	         0 	       2 	        1 	         0 	       3 	        1
   4538402 	     5384 	          02 	          2220 	       450 	       4 	        1 	       420 	       5 	        1 	         0 	       6 	        6 	         0 	       7 	        6 	       450 	       1 	        1 	       450 	       2 	        1 	       450 	       3 	        1
   4538403 	     5384 	          03 	           120 	         0 	       4 	        6 	         0 	       5 	        6 	         0 	       6 	        6 	         0 	       7 	        6 	        60 	       1 	        1 	         0 	       2 	        6 	        60 	       3 	        1
   4539001 	     5390 	          01 	          2400 	       480 	       1 	        1 	       480 	       2 	        1 	       480 	       3 	        1 	       480 	       4 	        1 	       480 	       5 	        1 	         0 	       6 	        6 	         0 	       7 	        6
   4539002 	     5390 	          02 	          2430 	       510 	       1 	        1 	       510 	       2 	        1 	       510 	       3 	        1 	       510 	       4 	        1 	       390 	       5 	        1 	         0 	       6 	        6 	         0 	       7 	        6
   4539501 	     5395 	          01 	          2850 	         0 	       6 	        6 	         0 	       7 	        6 	       570 	       1 	        1 	       570 	       2 	        1 	       570 	       3 	        1 	       570 	       4 	        1 	       570 	       5 	        1
   4541101 	     5411 	          01 	             0 	         0 	       2 	        6 	         0 	       3 	        6 	         0 	       4 	        6 	         0 	       5 	        6 	         0 	       6 	        6 	         0 	       7 	        6 	         0 	       1 	        6
   4541201 	     5412 	          01 	          2700 	       540 	       2 	        1 	       540 	       3 	        1 	       540 	       4 	        1 	       540 	       5 	        1 	         0 	       6 	        6 	         0 	       7 	        6 	       540 	       1 	        1
   4541301 	     5413 	          01 	          2040 	       510 	       2 	        1 	         0 	       3 	        6 	         0 	       4 	        6 	         0 	       5 	        6 	       510 	       6 	        1 	       510 	       7 	        1 	       510 	       1 	        1
   4541302 	     5413 	          02 	          2700 	       540 	       2 	        1 	       540 	       3 	        1 	       540 	       4 	        1 	       540 	       5 	        1 	         0 	       6 	        6 	         0 	       7 	        6 	       540 	       1 	        1
   4541402 	     5414 	          02 	          2310 	       450 	       2 	        1 	       510 	       3 	        1 	       450 	       4 	        1 	       450 	       5 	        1 	         0 	       6 	        6 	         0 	       7 	        6 	       450 	       1 	        1
   4542301 	     5423 	          01 	          2400 	       480 	       3 	        1 	       480 	       4 	        1 	       480 	       5 	        1 	         0 	       6 	        6 	         0 	       7 	        6 	       480 	       1 	        1 	       480 	       2 	        1
   4542501 	     5425 	          01 	          3570 	       660 	       6 	        1 	       420 	       7 	        1 	       480 	       1 	        1 	       570 	       2 	        1 	       480 	       3 	        1 	       480 	       4 	        1 	       480 	       5 	        1
   4542502 	     5425 	          02 	          1740 	         0 	       6 	        6 	         0 	       7 	        6 	       360 	       1 	        1 	       360 	       2 	        1 	       360 	       3 	        1 	       360 	       4 	        1 	       300 	       5 	        1
   4542503 	     5425 	          03 	          2520 	         0 	       6 	        6 	         0 	       7 	        6 	       540 	       1 	        1 	       540 	       2 	        1 	       540 	       3 	        1 	       540 	       4 	        1 	       360 	       5 	        1
   4542504 	     5425 	          04 	          2400 	         0 	       6 	        6 	         0 	       7 	        6 	       480 	       1 	        1 	       480 	       2 	        1 	       480 	       3 	        1 	       480 	       4 	        1 	       480 	       5 	        1
   4542505 	     5425 	          05 	          2400 	         0 	       6 	        6 	         0 	       7 	        6 	       480 	       1 	        1 	       480 	       2 	        1 	       480 	       3 	        1 	       480 	       4 	        1 	       480 	       5 	        1
   4542701 	     5427 	          01 	          4410 	       720 	       7 	        1 	       720 	       1 	        1 	       720 	       2 	        1 	         0 	       3 	        6 	       720 	       4 	        1 	       765 	       5 	        1 	       765 	       6 	        1
   4543203 	     5432 	          03 	         10080 	      1440 	       3 	        1 	      1440 	       4 	        1 	      1440 	       5 	        1 	      1440 	       6 	        1 	      1440 	       7 	        1 	      1440 	       1 	        1 	      1440 	       2 	        1
   4543601 	     5436 	          01 	          2535 	         0 	       6 	        6 	         0 	       7 	        6 	       525 	       1 	        1 	       525 	       2 	        1 	       555 	       3 	        1 	       555 	       4 	        1 	       375 	       5 	        1
   4544102 	     5441 	          02 	          2400 	       480 	       4 	        1 	       480 	       5 	        1 	         0 	       6 	        6 	         0 	       7 	        6 	       480 	       1 	        1 	       480 	       2 	        1 	       480 	       3 	        1
   4544103 	     5441 	          03 	          1290 	       240 	       4 	        1 	       330 	       5 	        1 	       240 	       6 	        1 	         0 	       7 	        6 	       240 	       1 	        1 	       240 	       2 	        1 	         0 	       3 	        6
   4544202 	     5442 	          02 	          1590 	       360 	       4 	        1 	       360 	       5 	        1 	         0 	       6 	        6 	         0 	       7 	        6 	         0 	       1 	        6 	       360 	       2 	        1 	       510 	       3 	        1
   4544401 	     5444 	          01 	          2775 	       555 	       4 	        1 	       555 	       5 	        1 	       555 	       6 	        1 	         0 	       7 	        6 	         0 	       1 	        6 	       555 	       2 	        1 	       555 	       3 	        1
   4544601 	     5446 	          01 	          1500 	         0 	       6 	        6 	         0 	       7 	        6 	       300 	       1 	        1 	       300 	       2 	        1 	       300 	       3 	        1 	       300 	       4 	        1 	       300 	       5 	        1
   4544602 	     5446 	          02 	          2700 	         0 	       6 	        6 	         0 	       7 	        6 	       540 	       1 	        1 	       540 	       2 	        1 	       540 	       3 	        1 	       540 	       4 	        1 	       540 	       5 	        1
   4545102 	     5451 	          02 	             0 	         0 	       4 	        6 	         0 	       5 	        6 	         0 	       6 	        6 	         0 	       7 	        6 	         0 	       1 	        6 	         0 	       2 	        6 	         0 	       3 	        6
   4545301 	     5453 	          01 	          3810 	       720 	       4 	        1 	       750 	       5 	        1 	         0 	       6 	        6 	         0 	       7 	        6 	       810 	       1 	        1 	       780 	       2 	        1 	       750 	       3 	        1
   4545901 	     5459 	          01 	          2670 	       555 	       1 	        1 	       555 	       2 	        1 	       555 	       3 	        1 	       555 	       4 	        1 	       450 	       5 	        1 	         0 	       6 	        6 	         0 	       7 	        6
   4545902 	     5459 	          02 	          2550 	       510 	       1 	        1 	       510 	       2 	        1 	       510 	       3 	        1 	       510 	       4 	        1 	       510 	       5 	        1 	         0 	       6 	        6 	         0 	       7 	        6
   4546201 	     5462 	          01 	          4830 	       690 	       5 	        1 	       690 	       6 	        1 	       690 	       7 	        1 	       690 	       1 	        1 	       690 	       2 	        1 	       690 	       3 	        1 	       690 	       4 	        1
   4546601 	     5466 	          01 	          2250 	         0 	       7 	        6 	       360 	       1 	        1 	       450 	       2 	        1 	       630 	       3 	        1 	       450 	       4 	        1 	       360 	       5 	        1 	         0 	       6 	        6
   4546602 	     5466 	          02 	          1680 	         0 	       7 	        6 	        60 	       1 	        1 	       465 	       2 	        1 	       345 	       3 	        1 	       465 	       4 	        1 	       345 	       5 	        1 	         0 	       6 	        6
   4547001 	     5470 	          01 	          2400 	       480 	       3 	        1 	       480 	       4 	        1 	       480 	       5 	        1 	         0 	       6 	        6 	         0 	       7 	        6 	       480 	       1 	        1 	       480 	       2 	        1
   4547002 	     5470 	          02 	          1200 	         0 	       3 	        6 	       300 	       4 	        1 	       300 	       5 	        1 	         0 	       6 	        6 	         0 	       7 	        6 	       300 	       1 	        1 	       300 	       2 	        1
   4548301 	     5483 	          01 	          1410 	       150 	       1 	        1 	       360 	       2 	        1 	       120 	       3 	        1 	       300 	       4 	        1 	        90 	       5 	        1 	       390 	       6 	        1 	         0 	       7 	        6
   4548302 	     5483 	          02 	          2400 	       480 	       1 	        1 	       480 	       2 	        1 	       480 	       3 	        1 	       480 	       4 	        1 	       480 	       5 	        1 	         0 	       6 	        6 	         0 	       7 	        6
   4548502 	     5485 	          02 	          2880 	       720 	       4 	        1 	       720 	       5 	        1 	         0 	       6 	        6 	         0 	       7 	        6 	       720 	       1 	        1 	         0 	       2 	        6 	       720 	       3 	        1
   4548601 	     5486 	          01 	          3030 	       570 	       4 	        1 	       645 	       5 	        1 	         0 	       6 	        6 	         0 	       7 	        6 	       570 	       1 	        1 	       675 	       2 	        1 	       570 	       3 	        1
   4548801 	     5488 	          01 	          3060 	         0 	       6 	        6 	         0 	       7 	        6 	       660 	       1 	        1 	       660 	       2 	        1 	       540 	       3 	        1 	       540 	       4 	        1 	       660 	       5 	        1
   4549202 	     5492 	          02 	          2160 	       420 	       1 	        1 	       420 	       2 	        1 	       420 	       3 	        1 	       480 	       4 	        1 	       420 	       5 	        1 	         0 	       6 	        6 	         0 	       7 	        6
   4550101 	     5501 	          01 	          1680 	       600 	       2 	        1 	       600 	       3 	        1 	       480 	       4 	        1 	         0 	       5 	        6 	         0 	       6 	        6 	         0 	       7 	        6 	         0 	       1 	        6
   4550301 	     5503 	          01 	          2400 	       480 	       2 	        1 	       480 	       3 	        1 	       480 	       4 	        1 	       480 	       5 	        1 	         0 	       6 	        6 	         0 	       7 	        6 	       480 	       1 	        1
   4550302 	     5503 	          02 	           600 	         0 	       2 	        6 	       300 	       3 	        1 	         0 	       4 	        6 	       240 	       5 	        1 	         0 	       6 	        6 	         0 	       7 	        6 	        60 	       1 	        1
   4550902 	     5509 	          02 	          2250 	       450 	       2 	        1 	       450 	       3 	        1 	       450 	       4 	        1 	       450 	       5 	        1 	         0 	       6 	        6 	         0 	       7 	        6 	       450 	       1 	        1
   4551001 	     5510 	          01 	          2100 	       510 	       2 	        1 	       510 	       3 	        1 	         0 	       4 	        6 	       510 	       5 	        1 	         0 	       6 	        6 	         0 	       7 	        6 	       570 	       1 	        1
   4551002 	     5510 	          02 	          2865 	       645 	       2 	        1 	       585 	       3 	        1 	       465 	       4 	        1 	       585 	       5 	        1 	         0 	       6 	        6 	         0 	       7 	        6 	       585 	       1 	        1
   4551703 	     5517 	          03 	          2580 	       480 	       2 	        1 	       660 	       3 	        1 	       480 	       4 	        1 	       480 	       5 	        1 	         0 	       6 	        6 	         0 	       7 	        6 	       480 	       1 	        1
   4551901 	     5519 	          01 	          2550 	       510 	       2 	        1 	       510 	       3 	        1 	       510 	       4 	        1 	       510 	       5 	        1 	         0 	       6 	        6 	         0 	       7 	        6 	       510 	       1 	        1
   4552101 	     5521 	          01 	          1920 	         0 	       6 	        6 	         0 	       7 	        6 	       480 	       1 	        1 	       480 	       2 	        1 	       480 	       3 	        1 	       480 	       4 	        1 	         0 	       5 	        6
   4552102 	     5521 	          02 	          1320 	         0 	       6 	        6 	         0 	       7 	        6 	       180 	       1 	        1 	       240 	       2 	        1 	       420 	       3 	        1 	       240 	       4 	        1 	       240 	       5 	        1
   4552403 	     5524 	          03 	          2400 	       480 	       1 	        1 	       480 	       2 	        1 	       480 	       3 	        1 	       480 	       4 	        1 	       480 	       5 	        1 	         0 	       6 	        6 	         0 	       7 	        6
   4552501 	     5525 	          01 	          2565 	       450 	       3 	        1 	       510 	       4 	        1 	       450 	       5 	        1 	       240 	       6 	        1 	         0 	       7 	        6 	       450 	       1 	        1 	       465 	       2 	        1
   4552601 	     5526 	          01 	          1200 	       240 	       3 	        1 	       240 	       4 	        1 	       240 	       5 	        1 	         0 	       6 	        6 	         0 	       7 	        6 	       240 	       1 	        1 	       240 	       2 	        1
   4552602 	     5526 	          02 	          2280 	       330 	       3 	        1 	       330 	       4 	        1 	       360 	       5 	        1 	         0 	       6 	        6 	         0 	       7 	        6 	       630 	       1 	        1 	       630 	       2 	        1
   4552603 	     5526 	          03 	          3180 	       690 	       3 	        1 	       690 	       4 	        1 	       690 	       5 	        1 	         0 	       6 	        6 	         0 	       7 	        6 	       420 	       1 	        1 	       690 	       2 	        1
   4552801 	     5528 	          01 	          2400 	         0 	       6 	        6 	         0 	       7 	        6 	       480 	       1 	        1 	       480 	       2 	        1 	       480 	       3 	        1 	       480 	       4 	        1 	       480 	       5 	        1
   4553001 	     5530 	          01 	          2160 	         0 	       7 	        6 	       240 	       1 	        1 	       360 	       2 	        1 	       360 	       3 	        1 	       480 	       4 	        1 	       480 	       5 	        1 	       240 	       6 	        1
   4553901 	     5539 	          01 	          1500 	       300 	       1 	        1 	       300 	       2 	        1 	       300 	       3 	        1 	       300 	       4 	        1 	       300 	       5 	        1 	         0 	       6 	        6 	         0 	       7 	        6
   4553902 	     5539 	          02 	          2400 	       480 	       1 	        1 	       480 	       2 	        1 	       480 	       3 	        1 	       480 	       4 	        1 	       480 	       5 	        1 	         0 	       6 	        6 	         0 	       7 	        6
   4554101 	     5541 	          01 	          3465 	       675 	       3 	        1 	       720 	       4 	        1 	       720 	       5 	        1 	         0 	       6 	        6 	         0 	       7 	        6 	       690 	       1 	        1 	       660 	       2 	        1
   4554401 	     5544 	          01 	          1770 	         0 	       6 	        6 	         0 	       7 	        6 	       390 	       1 	        1 	       390 	       2 	        1 	       270 	       3 	        1 	       390 	       4 	        1 	       330 	       5 	        1
   4554402 	     5544 	          02 	          2400 	         0 	       6 	        6 	         0 	       7 	        6 	       480 	       1 	        1 	       480 	       2 	        1 	       480 	       3 	        1 	       480 	       4 	        1 	       480 	       5 	        1
   4554602 	     5546 	          02 	          1200 	         0 	       7 	        6 	       240 	       1 	        1 	       240 	       2 	        1 	       240 	       3 	        1 	       240 	       4 	        1 	       240 	       5 	        1 	         0 	       6 	        6
   4554702 	     5547 	          02 	          2010 	       450 	       1 	        1 	       390 	       2 	        1 	       390 	       3 	        1 	       390 	       4 	        1 	       390 	       5 	        1 	         0 	       6 	        6 	         0 	       7 	        6
   4555601 	     5556 	          01 	          4290 	       780 	       1 	        1 	       780 	       2 	        1 	       780 	       3 	        1 	       795 	       4 	        1 	       780 	       5 	        1 	       375 	       6 	        1 	         0 	       7 	        6
   4555702 	     5557 	          02 	          3420 	       570 	       2 	        1 	       570 	       3 	        1 	       570 	       4 	        1 	       570 	       5 	        1 	       570 	       6 	        1 	         0 	       7 	        6 	       570 	       1 	        1
   4555801 	     5558 	          01 	           510 	         0 	       2 	        6 	         0 	       3 	        6 	         0 	       4 	        6 	         0 	       5 	        6 	         0 	       6 	        6 	         0 	       7 	        6 	       510 	       1 	        1
   4556201 	     5562 	          01 	          2910 	         0 	       7 	        6 	       720 	       1 	        1 	       600 	       2 	        1 	       540 	       3 	        1 	       600 	       4 	        1 	       450 	       5 	        1 	         0 	       6 	        6
   4556202 	     5562 	          02 	             0 	         0 	       7 	        6 	         0 	       1 	        6 	         0 	       2 	        6 	         0 	       3 	        6 	         0 	       4 	        6 	         0 	       5 	        6 	         0 	       6 	        6
   4556801 	     5568 	          01 	          4500 	       690 	       5 	        1 	       690 	       6 	        1 	       690 	       7 	        1 	       720 	       1 	        1 	       390 	       2 	        1 	       630 	       3 	        1 	       690 	       4 	        1
   4556901 	     5569 	          01 	          2790 	         0 	       6 	        6 	         0 	       7 	        6 	       540 	       1 	        1 	       600 	       2 	        1 	       540 	       3 	        1 	       600 	       4 	        1 	       510 	       5 	        1
   4556902 	     5569 	          02 	          2100 	         0 	       6 	        6 	         0 	       7 	        6 	       420 	       1 	        1 	       420 	       2 	        1 	       420 	       3 	        1 	       420 	       4 	        1 	       420 	       5 	        1
   4558501 	     5585 	          01 	          2400 	       480 	       2 	        1 	       480 	       3 	        1 	       480 	       4 	        1 	       480 	       5 	        1 	       480 	       6 	        1 	         0 	       7 	        6 	         0 	       1 	        6
   4559701 	     5597 	          01 	          1800 	       360 	       5 	        1 	         0 	       6 	        6 	         0 	       7 	        6 	       360 	       1 	        1 	       360 	       2 	        1 	       360 	       3 	        1 	       360 	       4 	        1
   4559702 	     5597 	          02 	          2850 	       570 	       5 	        1 	         0 	       6 	        6 	         0 	       7 	        6 	       570 	       1 	        1 	       570 	       2 	        1 	       570 	       3 	        1 	       570 	       4 	        1
   4560001 	     5600 	          01 	          3105 	         0 	       7 	        6 	       705 	       1 	        1 	       660 	       2 	        1 	       360 	       3 	        1 	       660 	       4 	        1 	       360 	       5 	        1 	       360 	       6 	        1
   4560201 	     5602 	          01 	          2325 	       480 	       1 	        1 	       480 	       2 	        1 	       495 	       3 	        1 	       480 	       4 	        1 	       390 	       5 	        1 	         0 	       6 	        6 	         0 	       7 	        6
   4560202 	     5602 	          02 	          2400 	       480 	       1 	        1 	       480 	       2 	        1 	       480 	       3 	        1 	       480 	       4 	        1 	       480 	       5 	        1 	         0 	       6 	        6 	         0 	       7 	        6
   4560501 	     5605 	          01 	          2595 	       510 	       2 	        1 	       525 	       3 	        1 	       510 	       4 	        1 	       525 	       5 	        1 	         0 	       6 	        6 	         0 	       7 	        6 	       525 	       1 	        1
   4560603 	     5606 	          03 	          2580 	         0 	       6 	        6 	         0 	       7 	        6 	       510 	       1 	        1 	       510 	       2 	        1 	       525 	       3 	        1 	       525 	       4 	        1 	       510 	       5 	        1
   4560604 	     5606 	          04 	          2700 	         0 	       6 	        6 	         0 	       7 	        6 	       540 	       1 	        1 	       540 	       2 	        1 	       540 	       3 	        1 	       540 	       4 	        1 	       540 	       5 	        1
   4560801 	     5608 	          01 	          2400 	         0 	       7 	        6 	       480 	       1 	        1 	         0 	       2 	        6 	       540 	       3 	        1 	       420 	       4 	        1 	       480 	       5 	        1 	       480 	       6 	        1
   4560802 	     5608 	          02 	          1920 	         0 	       7 	        6 	       420 	       1 	        1 	       420 	       2 	        1 	       420 	       3 	        1 	       420 	       4 	        1 	       240 	       5 	        1 	         0 	       6 	        6
   4561201 	     5612 	          01 	          2250 	       450 	       4 	        1 	       450 	       5 	        1 	         0 	       6 	        6 	         0 	       7 	        6 	       450 	       1 	        1 	       450 	       2 	        1 	       450 	       3 	        1
   4561203 	     5612 	          03 	          3615 	       570 	       4 	        1 	       690 	       5 	        1 	       480 	       6 	        1 	       210 	       7 	        1 	       495 	       1 	        1 	       570 	       2 	        1 	       600 	       3 	        1
   4561701 	     5617 	          01 	          2820 	       480 	       1 	        1 	       480 	       2 	        1 	       480 	       3 	        1 	       480 	       4 	        1 	       480 	       5 	        1 	         0 	       6 	        6 	       420 	       7 	        1
   4562001 	     5620 	          01 	          1260 	         0 	       4 	        6 	         0 	       5 	        6 	       390 	       6 	        1 	       450 	       7 	        1 	         0 	       1 	        6 	       420 	       2 	        1 	         0 	       3 	        6
   4562002 	     5620 	          02 	          1020 	         0 	       4 	        6 	         0 	       5 	        6 	       390 	       6 	        1 	       450 	       7 	        1 	         0 	       1 	        6 	         0 	       2 	        6 	       180 	       3 	        1
   4563401 	     5634 	          01 	          2385 	       510 	       1 	        1 	       510 	       2 	        1 	       510 	       3 	        1 	       495 	       4 	        1 	       360 	       5 	        1 	         0 	       6 	        6 	         0 	       7 	        6
   4563402 	     5634 	          02 	          2100 	       420 	       1 	        1 	       420 	       2 	        1 	       420 	       3 	        1 	       420 	       4 	        1 	       420 	       5 	        1 	         0 	       6 	        6 	         0 	       7 	        6
   4564101 	     5641 	          01 	          2400 	         0 	       1 	        6 	       480 	       2 	        1 	       480 	       3 	        1 	       480 	       4 	        1 	       480 	       5 	        1 	         0 	       6 	        6 	       480 	       7 	        1
   4564902 	     5649 	          02 	          1440 	         0 	       7 	        6 	         0 	       1 	        6 	       240 	       2 	        1 	       420 	       3 	        1 	       360 	       4 	        1 	       420 	       5 	        1 	         0 	       6 	        6
   4564903 	     5649 	          03 	           270 	         0 	       7 	        6 	         0 	       1 	        6 	         0 	       2 	        6 	         0 	       3 	        6 	         0 	       4 	        6 	       270 	       5 	        1 	         0 	       6 	        6
   4565801 	     5658 	          01 	          1800 	       360 	       1 	        1 	       360 	       2 	        1 	       360 	       3 	        1 	       360 	       4 	        1 	       360 	       5 	        1 	         0 	       6 	        6 	         0 	       7 	        6
   4566201 	     5662 	          01 	          3300 	       420 	       4 	        1 	       660 	       5 	        1 	       480 	       6 	        1 	         0 	       7 	        6 	       660 	       1 	        1 	       660 	       2 	        1 	       420 	       3 	        1
   4566401 	     5664 	          01 	             0 	         0 	       6 	        6 	         0 	       7 	        6 	         0 	       1 	        6 	         0 	       2 	        6 	         0 	       3 	        6 	         0 	       4 	        6 	         0 	       5 	        6
   4566501 	     5665 	          01 	          2580 	         0 	       7 	        6 	         0 	       1 	        6 	       660 	       2 	        1 	       600 	       3 	        1 	       360 	       4 	        1 	       480 	       5 	        1 	       480 	       6 	        1
   4566503 	     5665 	          03 	          2940 	         0 	       7 	        6 	       510 	       1 	        1 	       510 	       2 	        1 	       510 	       3 	        1 	       510 	       4 	        1 	       390 	       5 	        1 	       510 	       6 	        1
   4566902 	     5669 	          02 	          2160 	       540 	       3 	        1 	       540 	       4 	        1 	         0 	       5 	        6 	         0 	       6 	        6 	         0 	       7 	        6 	       540 	       1 	        1 	       540 	       2 	        1
   4567101 	     5671 	          01 	          1065 	         0 	       3 	        6 	         0 	       4 	        6 	         0 	       5 	        6 	         0 	       6 	        6 	         0 	       7 	        6 	       510 	       1 	        1 	       555 	       2 	        1
   4567102 	     5671 	          02 	           810 	       405 	       3 	        1 	       405 	       4 	        1 	         0 	       5 	        6 	         0 	       6 	        6 	         0 	       7 	        6 	         0 	       1 	        6 	         0 	       2 	        6
   4568101 	     5681 	          01 	          2370 	       480 	       4 	        1 	       480 	       5 	        1 	       180 	       6 	        1 	         0 	       7 	        6 	       300 	       1 	        1 	       480 	       2 	        1 	       450 	       3 	        1
   4568102 	     5681 	          02 	          1800 	       330 	       4 	        1 	       300 	       5 	        1 	         0 	       6 	        6 	         0 	       7 	        6 	       330 	       1 	        1 	       420 	       2 	        1 	       420 	       3 	        1
   4568202 	     5682 	          02 	          3045 	       510 	       4 	        1 	       495 	       5 	        1 	       510 	       6 	        1 	         0 	       7 	        6 	       510 	       1 	        1 	       510 	       2 	        1 	       510 	       3 	        1
   4569701 	     5697 	          01 	          3000 	       600 	       1 	        1 	       600 	       2 	        1 	       600 	       3 	        1 	       600 	       4 	        1 	       600 	       5 	        1 	         0 	       6 	        6 	         0 	       7 	        6
   4569803 	     5698 	          03 	          2400 	       480 	       1 	        1 	       480 	       2 	        1 	       480 	       3 	        1 	       480 	       4 	        1 	       480 	       5 	        1 	         0 	       6 	        6 	         0 	       7 	        6
   4569902 	     5699 	          02 	          2400 	       480 	       3 	        1 	       480 	       4 	        1 	       480 	       5 	        1 	         0 	       6 	        6 	         0 	       7 	        6 	       480 	       1 	        1 	       480 	       2 	        1
   4570101 	     5701 	          01 	          2160 	       480 	       3 	        1 	       480 	       4 	        1 	       240 	       5 	        1 	         0 	       6 	        6 	         0 	       7 	        6 	       480 	       1 	        1 	       480 	       2 	        1
   4570102 	     5701 	          02 	          2460 	       480 	       3 	        1 	       540 	       4 	        1 	       480 	       5 	        1 	         0 	       6 	        6 	         0 	       7 	        6 	       480 	       1 	        1 	       480 	       2 	        1
   4570402 	     5704 	          02 	          2625 	         0 	       6 	        6 	         0 	       7 	        6 	       510 	       1 	        1 	       510 	       2 	        1 	       570 	       3 	        1 	       525 	       4 	        1 	       510 	       5 	        1
   4570501 	     5705 	          01 	          2010 	         0 	       7 	        6 	       420 	       1 	        1 	       420 	       2 	        1 	       420 	       3 	        1 	       420 	       4 	        1 	       330 	       5 	        1 	         0 	       6 	        6
   4570502 	     5705 	          02 	          2160 	         0 	       7 	        6 	       390 	       1 	        1 	       390 	       2 	        1 	       390 	       3 	        1 	       600 	       4 	        1 	       390 	       5 	        1 	         0 	       6 	        6
   4570801 	     5708 	          01 	           600 	         0 	       1 	        6 	       300 	       2 	        1 	         0 	       3 	        6 	       300 	       4 	        1 	         0 	       5 	        6 	         0 	       6 	        6 	         0 	       7 	        6
   4572101 	     5721 	          01 	          2400 	       480 	       3 	        1 	       480 	       4 	        1 	       480 	       5 	        1 	         0 	       6 	        6 	         0 	       7 	        6 	       480 	       1 	        1 	       480 	       2 	        1
   4572102 	     5721 	          02 	          2730 	       345 	       3 	        1 	       315 	       4 	        1 	       570 	       5 	        1 	       480 	       6 	        1 	         0 	       7 	        6 	       510 	       1 	        1 	       510 	       2 	        1
   4572402 	     5724 	          02 	          2220 	       540 	       6 	        1 	         0 	       7 	        6 	       420 	       1 	        1 	         0 	       2 	        6 	       420 	       3 	        1 	       420 	       4 	        1 	       420 	       5 	        1
   4572702 	     5727 	          02 	          2400 	       480 	       1 	        1 	       480 	       2 	        1 	       480 	       3 	        1 	       480 	       4 	        1 	       480 	       5 	        1 	         0 	       6 	        6 	         0 	       7 	        6
   4572703 	     5727 	          03 	          1965 	       345 	       1 	        1 	       345 	       2 	        1 	       435 	       3 	        1 	       345 	       4 	        1 	       495 	       5 	        1 	         0 	       6 	        6 	         0 	       7 	        6
   4573301 	     5733 	          01 	          2250 	         0 	       6 	        6 	         0 	       7 	        6 	       450 	       1 	        1 	       450 	       2 	        1 	       450 	       3 	        1 	       450 	       4 	        1 	       450 	       5 	        1
   4573401 	     5734 	          01 	          3150 	       525 	       6 	        1 	         0 	       7 	        6 	       525 	       1 	        1 	       525 	       2 	        1 	       525 	       3 	        1 	       525 	       4 	        1 	       525 	       5 	        1
   4573901 	     5739 	          01 	           600 	       300 	       3 	        1 	       300 	       4 	        1 	         0 	       5 	        6 	         0 	       6 	        6 	         0 	       7 	        6 	         0 	       1 	        6 	         0 	       2 	        6
   4573902 	     5739 	          02 	          3300 	       660 	       3 	        1 	       660 	       4 	        1 	       660 	       5 	        1 	         0 	       6 	        6 	         0 	       7 	        6 	       660 	       1 	        1 	       660 	       2 	        1
   4575002 	     5750 	          02 	          2100 	       420 	       3 	        1 	       420 	       4 	        1 	       420 	       5 	        1 	         0 	       6 	        1 	         0 	       7 	        1 	       420 	       1 	        1 	       420 	       2 	        1
   4575802 	     5758 	          02 	          2985 	       495 	       1 	        1 	       510 	       2 	        1 	       495 	       3 	        1 	       495 	       4 	        1 	       495 	       5 	        1 	       495 	       6 	        1 	         0 	       7 	        6
   4576101 	     5761 	          01 	          2940 	       420 	       3 	        1 	       420 	       4 	        1 	       420 	       5 	        1 	       420 	       6 	        1 	       420 	       7 	        1 	       420 	       1 	        1 	       420 	       2 	        1
   4576102 	     5761 	          02 	          2040 	       450 	       3 	        1 	       450 	       4 	        1 	       450 	       5 	        1 	         0 	       6 	        6 	         0 	       7 	        6 	       450 	       1 	        1 	       240 	       2 	        1
   4576103 	     5761 	          03 	             0 	         0 	       3 	        1 	         0 	       4 	        1 	         0 	       5 	        1 	         0 	       6 	        1 	         0 	       7 	        1 	         0 	       1 	        1 	         0 	       2 	        1
   4578001 	     5780 	          01 	          2550 	       510 	       3 	        1 	       510 	       4 	        1 	       510 	       5 	        1 	         0 	       6 	        6 	         0 	       7 	        6 	       510 	       1 	        1 	       510 	       2 	        1
   4578601 	     5786 	          01 	             0 	         0 	       7 	        1 	         0 	       1 	        1 	         0 	       2 	        1 	         0 	       3 	        1 	         0 	       4 	        1 	         0 	       5 	        1 	         0 	       6 	        1
   4579802 	     5798 	          02 	          1860 	       330 	       2 	        1 	       330 	       3 	        1 	       330 	       4 	        1 	       270 	       5 	        1 	       270 	       6 	        1 	         0 	       7 	        6 	       330 	       1 	        1
   4580601 	     5806 	          01 	          2250 	       420 	       2 	        1 	       420 	       3 	        1 	       420 	       4 	        1 	       420 	       5 	        1 	         0 	       6 	        6 	         0 	       7 	        6 	       570 	       1 	        1
   4580801 	     5808 	          01 	          2400 	         0 	       6 	        6 	         0 	       7 	        6 	       480 	       1 	        1 	       480 	       2 	        1 	       480 	       3 	        1 	       480 	       4 	        1 	       480 	       5 	        1
   4580802 	     5808 	          02 	          2400 	         0 	       6 	        6 	         0 	       7 	        6 	       480 	       1 	        1 	       480 	       2 	        1 	       480 	       3 	        1 	       480 	       4 	        1 	       480 	       5 	        1
   4583001 	     5830 	          01 	          2400 	       480 	       1 	        1 	       480 	       2 	        1 	       480 	       3 	        1 	       480 	       4 	        1 	       480 	       5 	        1 	         0 	       6 	        6 	         0 	       7 	        6
   4583301 	     5833 	          01 	          2430 	       480 	       4 	        1 	       480 	       5 	        1 	         0 	       6 	        6 	         0 	       7 	        6 	       510 	       1 	        1 	       480 	       2 	        1 	       480 	       3 	        1
   4583302 	     5833 	          02 	          2250 	       450 	       4 	        1 	       450 	       5 	        1 	         0 	       6 	        6 	         0 	       7 	        6 	       450 	       1 	        1 	       450 	       2 	        1 	       450 	       3 	        1
   4583801 	     5838 	          01 	          2250 	         0 	       7 	        6 	       420 	       1 	        1 	       420 	       2 	        1 	       420 	       3 	        1 	       570 	       4 	        1 	       420 	       5 	        1 	         0 	       6 	        6
   4584001 	     5840 	          01 	          3300 	       660 	       1 	        1 	       660 	       2 	        1 	       660 	       3 	        1 	       660 	       4 	        1 	       660 	       5 	        1 	         0 	       6 	        6 	         0 	       7 	        6
   4584002 	     5840 	          02 	           840 	       420 	       1 	        1 	       420 	       2 	        1 	         0 	       3 	        6 	         0 	       4 	        6 	         0 	       5 	        6 	         0 	       6 	        6 	         0 	       7 	        6
   4584003 	     5840 	          03 	           540 	       240 	       1 	        1 	         0 	       2 	        6 	       240 	       3 	        1 	         0 	       4 	        6 	        60 	       5 	        1 	         0 	       6 	        6 	         0 	       7 	        6
   4584005 	     5840 	          05 	          1020 	       360 	       1 	        1 	       360 	       2 	        1 	         0 	       3 	        6 	       180 	       4 	        1 	       120 	       5 	        1 	         0 	       6 	        6 	         0 	       7 	        6
   4584101 	     5841 	          01 	           930 	        60 	       4 	        1 	       150 	       5 	        1 	         0 	       6 	        6 	         0 	       7 	        6 	       180 	       1 	        1 	       540 	       2 	        1 	         0 	       3 	        6
   4584302 	     5843 	          02 	          3000 	       600 	       4 	        1 	       600 	       5 	        1 	         0 	       6 	        6 	         0 	       7 	        6 	       600 	       1 	        1 	       600 	       2 	        1 	       600 	       3 	        1
   4584501 	     5845 	          01 	             0 	         0 	       6 	        1 	         0 	       7 	        1 	         0 	       1 	        1 	         0 	       2 	        1 	         0 	       3 	        1 	         0 	       4 	        1 	         0 	       5 	        1
   4584502 	     5845 	          02 	             0 	         0 	       6 	        1 	         0 	       7 	        1 	         0 	       1 	        1 	         0 	       2 	        1 	         0 	       3 	        1 	         0 	       4 	        1 	         0 	       5 	        1
   4584503 	     5845 	          03 	          2175 	         0 	       6 	        6 	         0 	       7 	        6 	       435 	       1 	        1 	       435 	       2 	        1 	       435 	       3 	        1 	       435 	       4 	        1 	       435 	       5 	        1
   4584504 	     5845 	          04 	          2610 	         0 	       6 	        6 	         0 	       7 	        6 	       510 	       1 	        1 	       525 	       2 	        1 	       585 	       3 	        1 	       570 	       4 	        1 	       420 	       5 	        1
   4584901 	     5849 	          01 	          1545 	       510 	       1 	        1 	       555 	       2 	        1 	       480 	       3 	        1 	         0 	       4 	        6 	         0 	       5 	        6 	         0 	       6 	        6 	         0 	       7 	        6
   4584902 	     5849 	          02 	          2040 	       660 	       1 	        1 	       480 	       2 	        1 	       480 	       3 	        1 	       420 	       4 	        1 	         0 	       5 	        6 	         0 	       6 	        6 	         0 	       7 	        6
   4585201 	     5852 	          01 	          2400 	       480 	       3 	        1 	       480 	       4 	        1 	       480 	       5 	        1 	         0 	       6 	        6 	         0 	       7 	        6 	       480 	       1 	        1 	       480 	       2 	        1
   4585202 	     5852 	          02 	          2400 	       480 	       3 	        1 	       480 	       4 	        1 	       480 	       5 	        1 	         0 	       6 	        6 	         0 	       7 	        6 	       480 	       1 	        1 	       480 	       2 	        1
   4586002 	     5860 	          02 	          2670 	       480 	       1 	        1 	       480 	       2 	        1 	       480 	       3 	        1 	       480 	       4 	        1 	       480 	       5 	        1 	         0 	       6 	        6 	       270 	       7 	        1
   4586901 	     5869 	          01 	          1680 	         0 	       1 	        6 	       420 	       2 	        1 	       420 	       3 	        1 	       420 	       4 	        1 	       420 	       5 	        1 	         0 	       6 	        6 	         0 	       7 	        6
   4587102 	     5871 	          02 	          3000 	       600 	       3 	        1 	       600 	       4 	        1 	       600 	       5 	        1 	         0 	       6 	        6 	         0 	       7 	        6 	       600 	       1 	        1 	       600 	       2 	        1
   4587601 	     5876 	          01 	          2100 	         0 	       6 	        6 	         0 	       7 	        6 	       420 	       1 	        1 	       420 	       2 	        1 	       420 	       3 	        1 	       420 	       4 	        1 	       420 	       5 	        1
   4587701 	     5877 	          01 	          2475 	         0 	       7 	        6 	       435 	       1 	        1 	       420 	       2 	        1 	       420 	       3 	        1 	       420 	       4 	        1 	       420 	       5 	        1 	       360 	       6 	        1
   4588501 	     5885 	          01 	             0 	         0 	       6 	        1 	         0 	       7 	        1 	         0 	       1 	        1 	         0 	       2 	        1 	         0 	       3 	        1 	         0 	       4 	        1 	         0 	       5 	        1
   4588502 	     5885 	          02 	             0 	         0 	       6 	        1 	         0 	       7 	        1 	         0 	       1 	        1 	         0 	       2 	        1 	         0 	       3 	        1 	         0 	       4 	        1 	         0 	       5 	        1
   4588801 	     5888 	          01 	          3660 	       180 	       7 	        1 	       600 	       1 	        1 	       600 	       2 	        1 	       600 	       3 	        1 	       600 	       4 	        1 	       600 	       5 	        1 	       480 	       6 	        1
   4588802 	     5888 	          02 	          2370 	         0 	       7 	        6 	       480 	       1 	        1 	       480 	       2 	        1 	       480 	       3 	        1 	       480 	       4 	        1 	       450 	       5 	        1 	         0 	       6 	        6
   4588803 	     5888 	          03 	             0 	         0 	       7 	        1 	         0 	       1 	        1 	         0 	       2 	        1 	         0 	       3 	        1 	         0 	       4 	        1 	         0 	       5 	        1 	         0 	       6 	        1
   4588901 	     5889 	          01 	          4125 	       810 	       1 	        1 	       855 	       2 	        1 	       780 	       3 	        1 	       810 	       4 	        1 	       870 	       5 	        1 	         0 	       6 	        6 	         0 	       7 	        6
   4589001 	     5890 	          01 	          2550 	       540 	       1 	        1 	       480 	       2 	        1 	       480 	       3 	        1 	       630 	       4 	        1 	       420 	       5 	        1 	         0 	       6 	        6 	         0 	       7 	        6
   4589002 	     5890 	          02 	             0 	         0 	       1 	        1 	         0 	       2 	        1 	         0 	       3 	        1 	         0 	       4 	        1 	         0 	       5 	        1 	         0 	       6 	        1 	         0 	       7 	        1
   4589501 	     5895 	          01 	          2235 	         0 	       7 	        6 	       375 	       1 	        1 	       390 	       2 	        1 	       360 	       3 	        1 	       360 	       4 	        1 	       360 	       5 	        1 	       390 	       6 	        1
   4589502 	     5895 	          02 	          2100 	         0 	       7 	        6 	       420 	       1 	        1 	       420 	       2 	        1 	       420 	       3 	        1 	       420 	       4 	        1 	       420 	       5 	        1 	         0 	       6 	        6
   4589701 	     5897 	          01 	          2400 	       480 	       1 	        1 	       480 	       2 	        1 	       480 	       3 	        1 	       480 	       4 	        1 	       480 	       5 	        1 	         0 	       6 	        6 	         0 	       7 	        6
   4590102 	     5901 	          02 	          3000 	       480 	       5 	        1 	         0 	       6 	        6 	         0 	       7 	        6 	       630 	       1 	        1 	       630 	       2 	        1 	       630 	       3 	        1 	       630 	       4 	        1
   4590302 	     5903 	          02 	             0 	         0 	       6 	        1 	         0 	       7 	        1 	         0 	       1 	        1 	         0 	       2 	        1 	         0 	       3 	        1 	         0 	       4 	        1 	         0 	       5 	        1
   4590402 	     5904 	          02 	          1500 	         0 	       7 	        6 	       300 	       1 	        1 	       300 	       2 	        1 	       300 	       3 	        1 	       300 	       4 	        1 	       300 	       5 	        1 	         0 	       6 	        6
   4590701 	     5907 	          01 	          2490 	       450 	       4 	        1 	       690 	       5 	        1 	       330 	       6 	        1 	         0 	       7 	        6 	         0 	       1 	        6 	       510 	       2 	        1 	       510 	       3 	        1
   4591501 	     5915 	          01 	          3150 	       390 	       5 	        1 	         0 	       6 	        6 	         0 	       7 	        6 	       690 	       1 	        1 	       690 	       2 	        1 	       690 	       3 	        1 	       690 	       4 	        1
   4593101 	     5931 	          01 	          2505 	       540 	       2 	        1 	       540 	       3 	        1 	       540 	       4 	        1 	       360 	       5 	        1 	         0 	       6 	        6 	         0 	       7 	        6 	       525 	       1 	        1
   4594001 	     5940 	          01 	          2400 	       480 	       2 	        1 	       480 	       3 	        1 	       480 	       4 	        1 	       480 	       5 	        1 	         0 	       6 	        6 	         0 	       7 	        6 	       480 	       1 	        1
   4594901 	     5949 	          01 	          2550 	       510 	       5 	        1 	         0 	       6 	        6 	         0 	       7 	        6 	       510 	       1 	        1 	       510 	       2 	        1 	       510 	       3 	        1 	       510 	       4 	        1
   4594902 	     5949 	          02 	          2460 	       420 	       5 	        1 	         0 	       6 	        6 	         0 	       7 	        6 	       540 	       1 	        1 	       540 	       2 	        1 	       540 	       3 	        1 	       420 	       4 	        1
   4595201 	     5952 	          01 	          2400 	         0 	       7 	        6 	       480 	       1 	        1 	       480 	       2 	        1 	       480 	       3 	        1 	       480 	       4 	        1 	       480 	       5 	        1 	         0 	       6 	        6
   4595701 	     5957 	          01 	          1680 	       240 	       6 	        1 	       240 	       7 	        1 	       240 	       1 	        1 	       240 	       2 	        1 	       240 	       3 	        1 	       240 	       4 	        1 	       240 	       5 	        1
   4595801 	     5958 	          01 	          2100 	       420 	       6 	        1 	       420 	       7 	        1 	         0 	       1 	        6 	         0 	       2 	        6 	       420 	       3 	        1 	       420 	       4 	        1 	       420 	       5 	        1
   4595802 	     5958 	          02 	          3300 	         0 	       6 	        6 	         0 	       7 	        6 	       660 	       1 	        1 	       660 	       2 	        1 	       660 	       3 	        1 	       660 	       4 	        1 	       660 	       5 	        1
   4596001 	     5960 	          01 	          2400 	         0 	       7 	        6 	       180 	       1 	        1 	       480 	       2 	        1 	       480 	       3 	        1 	       480 	       4 	        1 	       480 	       5 	        1 	       300 	       6 	        1
   4596701 	     5967 	          01 	             0 	         0 	       7 	        6 	         0 	       1 	        6 	         0 	       2 	        6 	         0 	       3 	        6 	         0 	       4 	        6 	         0 	       5 	        6 	         0 	       6 	        6
   4596703 	     5967 	          03 	          3180 	         0 	       7 	        6 	       570 	       1 	        1 	       570 	       2 	        1 	       570 	       3 	        1 	       570 	       4 	        1 	       570 	       5 	        1 	       330 	       6 	        1
   4596902 	     5969 	          02 	          2550 	       510 	       1 	        1 	       510 	       2 	        1 	       510 	       3 	        1 	       510 	       4 	        1 	       510 	       5 	        1 	         0 	       6 	        6 	         0 	       7 	        6
   4597501 	     5975 	          01 	          3300 	         0 	       7 	        6 	       540 	       1 	        1 	       540 	       2 	        1 	       540 	       3 	        1 	       540 	       4 	        1 	       570 	       5 	        1 	       570 	       6 	        1
   4597801 	     5978 	          01 	          3510 	       300 	       1 	        1 	       660 	       2 	        1 	       555 	       3 	        1 	       615 	       4 	        1 	       660 	       5 	        1 	       480 	       6 	        1 	       240 	       7 	        1
   4598501 	     5985 	          01 	          1200 	         0 	       7 	        6 	       240 	       1 	        1 	       240 	       2 	        1 	       240 	       3 	        1 	       240 	       4 	        1 	       240 	       5 	        1 	         0 	       6 	        6
   4598601 	     5986 	          01 	          2400 	       480 	       1 	        1 	       480 	       2 	        1 	       480 	       3 	        1 	       480 	       4 	        1 	       480 	       5 	        1 	         0 	       6 	        6 	         0 	       7 	        6
   4598603 	     5986 	          03 	          2400 	       480 	       1 	        1 	       480 	       2 	        1 	       480 	       3 	        1 	       480 	       4 	        1 	       480 	       5 	        1 	         0 	       6 	        6 	         0 	       7 	        6
   4598801 	     5988 	          01 	          2430 	       420 	       4 	        1 	       420 	       5 	        1 	       330 	       6 	        1 	         0 	       7 	        6 	       420 	       1 	        1 	       420 	       2 	        1 	       420 	       3 	        1
   4599302 	     5993 	          02 	          1320 	       480 	       1 	        1 	         0 	       2 	        6 	         0 	       3 	        6 	       120 	       4 	        1 	       360 	       5 	        1 	       360 	       6 	        1 	         0 	       7 	        6
   4599601 	     5996 	          01 	          1800 	       450 	       5 	        1 	       450 	       6 	        1 	         0 	       7 	        6 	         0 	       1 	        6 	         0 	       2 	        6 	       450 	       3 	        1 	       450 	       4 	        1
   4599701 	     5997 	          01 	          2400 	       480 	       5 	        1 	       480 	       6 	        1 	         0 	       7 	        6 	         0 	       1 	        6 	       480 	       2 	        1 	       480 	       3 	        1 	       480 	       4 	        1
   4600502 	     6005 	          02 	          2400 	         0 	       5 	        6 	         0 	       6 	        6 	       480 	       7 	        1 	       480 	       1 	        1 	       480 	       2 	        1 	       480 	       3 	        1 	       480 	       4 	        1
   4600503 	     6005 	          03 	          2700 	       540 	       5 	        1 	         0 	       6 	        6 	         0 	       7 	        6 	       540 	       1 	        1 	       540 	       2 	        1 	       540 	       3 	        1 	       540 	       4 	        1
   4602101 	     6021 	          01 	          2520 	       420 	       7 	        1 	       420 	       1 	        1 	       420 	       2 	        1 	       420 	       3 	        1 	         0 	       4 	        6 	       420 	       5 	        1 	       420 	       6 	        1
   4602502 	     6025 	          02 	             0 	         0 	       5 	        6 	         0 	       6 	        6 	         0 	       7 	        6 	         0 	       1 	        6 	         0 	       2 	        6 	         0 	       3 	        6 	         0 	       4 	        6
   4602901 	     6029 	          01 	          1590 	         0 	       6 	        6 	         0 	       7 	        6 	       390 	       1 	        1 	       180 	       2 	        1 	       390 	       3 	        1 	       270 	       4 	        1 	       360 	       5 	        1
   4602902 	     6029 	          02 	             0 	         0 	       6 	        6 	         0 	       7 	        6 	         0 	       1 	        6 	         0 	       2 	        6 	         0 	       3 	        6 	         0 	       4 	        6 	         0 	       5 	        6
   4603501 	     6035 	          01 	          2745 	       570 	       2 	        1 	       570 	       3 	        1 	       570 	       4 	        1 	       555 	       5 	        1 	         0 	       6 	        6 	         0 	       7 	        6 	       480 	       1 	        1
   4603502 	     6035 	          02 	          2460 	       510 	       2 	        1 	       510 	       3 	        1 	       510 	       4 	        1 	       360 	       5 	        1 	         0 	       6 	        6 	         0 	       7 	        6 	       570 	       1 	        1
   4603801 	     6038 	          01 	          2400 	       480 	       2 	        1 	       480 	       3 	        1 	       480 	       4 	        1 	       480 	       5 	        1 	         0 	       6 	        6 	         0 	       7 	        6 	       480 	       1 	        1
   4604701 	     6047 	          01 	          2400 	       480 	       5 	        1 	         0 	       6 	        6 	         0 	       7 	        6 	       480 	       1 	        1 	       480 	       2 	        1 	       480 	       3 	        1 	       480 	       4 	        1
   4604702 	     6047 	          02 	          1200 	       240 	       5 	        1 	         0 	       6 	        6 	         0 	       7 	        6 	       240 	       1 	        1 	       240 	       2 	        1 	       240 	       3 	        1 	       240 	       4 	        1
   4605302 	     6053 	          02 	             0 	         0 	       1 	        6 	         0 	       2 	        6 	         0 	       3 	        6 	         0 	       4 	        6 	         0 	       5 	        6 	         0 	       6 	        6 	         0 	       7 	        6
   4605401 	     6054 	          01 	          3330 	       630 	       1 	        1 	       630 	       2 	        1 	       630 	       3 	        1 	       630 	       4 	        1 	       630 	       5 	        1 	       180 	       6 	        1 	         0 	       7 	        6
   4605402 	     6054 	          02 	          1200 	       240 	       1 	        1 	       240 	       2 	        1 	       240 	       3 	        1 	       240 	       4 	        1 	       240 	       5 	        1 	         0 	       6 	        6 	         0 	       7 	        6
   4605501 	     6055 	          01 	          1200 	       240 	       2 	        1 	       240 	       3 	        1 	       240 	       4 	        1 	       240 	       5 	        1 	         0 	       6 	        6 	         0 	       7 	        6 	       240 	       1 	        1
   4605502 	     6055 	          02 	          2550 	       510 	       2 	        1 	       510 	       3 	        1 	       510 	       4 	        1 	       510 	       5 	        1 	         0 	       6 	        6 	         0 	       7 	        6 	       510 	       1 	        1
   4605803 	     6058 	          03 	          1740 	       540 	       4 	        1 	       480 	       5 	        1 	         0 	       6 	        6 	         0 	       7 	        6 	       270 	       1 	        1 	       210 	       2 	        1 	       240 	       3 	        1
   4605804 	     6058 	          04 	           390 	         0 	       4 	        6 	         0 	       5 	        6 	       390 	       6 	        1 	         0 	       7 	        6 	         0 	       1 	        6 	         0 	       2 	        6 	         0 	       3 	        6
   4605901 	     6059 	          01 	          2160 	         0 	       6 	        6 	         0 	       7 	        6 	       540 	       1 	        1 	       540 	       2 	        1 	       540 	       3 	        1 	       540 	       4 	        1 	         0 	       5 	        6
   4606002 	     6060 	          02 	          1440 	         0 	       7 	        6 	       480 	       1 	        1 	       480 	       2 	        1 	       480 	       3 	        1 	         0 	       4 	        6 	         0 	       5 	        6 	         0 	       6 	        6
   4606101 	     6061 	          01 	          2400 	       480 	       1 	        1 	       480 	       2 	        1 	       480 	       3 	        1 	       480 	       4 	        1 	         0 	       5 	        6 	       480 	       6 	        1 	         0 	       7 	        6
   4606102 	     6061 	          02 	          1440 	       480 	       1 	        1 	       480 	       2 	        1 	       480 	       3 	        1 	         0 	       4 	        6 	         0 	       5 	        6 	         0 	       6 	        6 	         0 	       7 	        6
   4606502 	     6065 	          02 	          3000 	       600 	       5 	        1 	         0 	       6 	        6 	         0 	       7 	        6 	       600 	       1 	        1 	       600 	       2 	        1 	       600 	       3 	        1 	       600 	       4 	        1
   4606603 	     6066 	          03 	          2325 	         0 	       6 	        6 	         0 	       7 	        6 	       465 	       1 	        1 	       465 	       2 	        1 	       465 	       3 	        1 	       465 	       4 	        1 	       465 	       5 	        1
   4607202 	     6072 	          02 	          2700 	       540 	       4 	        1 	       540 	       5 	        1 	         0 	       6 	        6 	         0 	       7 	        6 	       540 	       1 	        1 	       540 	       2 	        1 	       540 	       3 	        1
   4607302 	     6073 	          02 	          3150 	       630 	       4 	        1 	       630 	       5 	        1 	         0 	       6 	        6 	         0 	       7 	        6 	       630 	       1 	        1 	       630 	       2 	        1 	       630 	       3 	        1
   4607601 	     6076 	          01 	          2940 	         0 	       7 	        6 	       480 	       1 	        1 	       480 	       2 	        1 	       480 	       3 	        1 	       480 	       4 	        1 	       480 	       5 	        1 	       540 	       6 	        1
   4607602 	     6076 	          02 	          3060 	         0 	       7 	        6 	       510 	       1 	        1 	       510 	       2 	        1 	       510 	       3 	        1 	       510 	       4 	        1 	       510 	       5 	        1 	       510 	       6 	        1
   4607702 	     6077 	          02 	          2280 	         0 	       1 	        6 	       420 	       2 	        1 	       420 	       3 	        1 	       480 	       4 	        1 	       480 	       5 	        1 	       480 	       6 	        1 	         0 	       7 	        6
   4608101 	     6081 	          01 	          2460 	         0 	       2 	        6 	       615 	       3 	        1 	       630 	       4 	        1 	       600 	       5 	        1 	         0 	       6 	        6 	         0 	       7 	        6 	       615 	       1 	        1
   4609002 	     6090 	          02 	          2400 	         0 	       6 	        6 	         0 	       7 	        6 	       480 	       1 	        1 	       480 	       2 	        1 	       480 	       3 	        1 	       480 	       4 	        1 	       480 	       5 	        1
   4609201 	     6092 	          01 	          2340 	         0 	       7 	        6 	       480 	       1 	        1 	       480 	       2 	        1 	       480 	       3 	        1 	       480 	       4 	        1 	       420 	       5 	        1 	         0 	       6 	        6
   4609202 	     6092 	          02 	          1665 	         0 	       7 	        6 	       585 	       1 	        1 	       240 	       2 	        1 	       360 	       3 	        1 	       240 	       4 	        1 	       240 	       5 	        1 	         0 	       6 	        6
   4609401 	     6094 	          01 	             0 	         0 	       1 	        1 	         0 	       2 	        1 	         0 	       3 	        1 	         0 	       4 	        1 	         0 	       5 	        1 	         0 	       6 	        1 	         0 	       7 	        1
   4609402 	     6094 	          02 	          2400 	       480 	       1 	        1 	       480 	       2 	        1 	       480 	       3 	        1 	       480 	       4 	        1 	       480 	       5 	        1 	         0 	       6 	        6 	         0 	       7 	        6
   4609602 	     6096 	          02 	          3000 	       600 	       4 	        1 	       600 	       5 	        1 	         0 	       6 	        6 	         0 	       7 	        6 	       600 	       1 	        1 	       600 	       2 	        1 	       600 	       3 	        1
   4609701 	     6097 	          01 	          3000 	       600 	       4 	        1 	       600 	       5 	        1 	       120 	       6 	        1 	         0 	       7 	        6 	       480 	       1 	        1 	       600 	       2 	        1 	       600 	       3 	        1
   4609702 	     6097 	          02 	          1110 	       240 	       4 	        1 	       240 	       5 	        1 	         0 	       6 	        6 	         0 	       7 	        6 	       390 	       1 	        1 	       240 	       2 	        1 	         0 	       3 	        6
   4609901 	     6099 	          01 	          1200 	         0 	       6 	        6 	         0 	       7 	        6 	       240 	       1 	        1 	       240 	       2 	        1 	       240 	       3 	        1 	       240 	       4 	        1 	       240 	       5 	        1
   4609902 	     6099 	          02 	          2700 	         0 	       6 	        6 	         0 	       7 	        6 	       540 	       1 	        1 	       540 	       2 	        1 	       540 	       3 	        1 	       540 	       4 	        1 	       540 	       5 	        1
   4610001 	     6100 	          01 	          2400 	         0 	       7 	        6 	       480 	       1 	        1 	       480 	       2 	        1 	       480 	       3 	        1 	       480 	       4 	        1 	       480 	       5 	        1 	         0 	       6 	        6
   4610201 	     6102 	          01 	          2400 	         0 	       1 	        6 	       480 	       2 	        1 	       480 	       3 	        1 	       480 	       4 	        1 	       480 	       5 	        1 	         0 	       6 	        6 	       480 	       7 	        1
   4610901 	     6109 	          01 	          1800 	         0 	       1 	        6 	       450 	       2 	        1 	       450 	       3 	        1 	       450 	       4 	        1 	       450 	       5 	        1 	         0 	       6 	        6 	         0 	       7 	        6
   4610902 	     6109 	          02 	          1860 	         0 	       1 	        6 	       360 	       2 	        1 	       300 	       3 	        1 	       300 	       4 	        1 	       300 	       5 	        1 	       300 	       6 	        1 	       300 	       7 	        1
   4612801 	     6128 	          01 	          3900 	       720 	       4 	        1 	       720 	       5 	        1 	       300 	       6 	        1 	         0 	       7 	        6 	       720 	       1 	        1 	       720 	       2 	        1 	       720 	       3 	        1
   4613201 	     6132 	          01 	          2490 	         0 	       6 	        6 	         0 	       7 	        6 	       480 	       1 	        1 	       510 	       2 	        1 	       540 	       3 	        1 	       480 	       4 	        1 	       480 	       5 	        1
   4613202 	     6132 	          02 	          2325 	         0 	       6 	        6 	         0 	       7 	        6 	       465 	       1 	        1 	       465 	       2 	        1 	       465 	       3 	        1 	       465 	       4 	        1 	       465 	       5 	        1
   4613501 	     6135 	          01 	          2610 	       435 	       1 	        1 	       435 	       2 	        1 	       435 	       3 	        1 	       435 	       4 	        1 	       435 	       5 	        1 	       435 	       6 	        1 	         0 	       7 	        6
   4613502 	     6135 	          02 	          2400 	       480 	       1 	        1 	       480 	       2 	        1 	       480 	       3 	        1 	       480 	       4 	        1 	       480 	       5 	        1 	         0 	       6 	        6 	         0 	       7 	        6
   4614701 	     6147 	          01 	          1200 	       240 	       4 	        1 	       240 	       5 	        1 	         0 	       6 	        6 	         0 	       7 	        6 	       240 	       1 	        1 	       240 	       2 	        1 	       240 	       3 	        1
   4614702 	     6147 	          02 	          2100 	       420 	       4 	        1 	       420 	       5 	        1 	         0 	       6 	        6 	         0 	       7 	        6 	       420 	       1 	        1 	       420 	       2 	        1 	       420 	       3 	        1
   4614902 	     6149 	          02 	          3330 	       600 	       4 	        1 	       660 	       5 	        1 	         0 	       6 	        6 	         0 	       7 	        6 	      1080 	       1 	        1 	       420 	       2 	        1 	       570 	       3 	        1
   4615202 	     6152 	          02 	          1200 	         0 	       6 	        6 	         0 	       7 	        6 	       300 	       1 	        1 	       300 	       2 	        1 	       300 	       3 	        1 	       300 	       4 	        1 	         0 	       5 	        6
   4615203 	     6152 	          03 	          1500 	         0 	       6 	        6 	         0 	       7 	        6 	       300 	       1 	        1 	       300 	       2 	        1 	       300 	       3 	        1 	       300 	       4 	        1 	       300 	       5 	        1
   4615601 	     6156 	          01 	          2430 	       510 	       1 	        1 	       495 	       2 	        1 	       435 	       3 	        1 	       495 	       4 	        1 	       495 	       5 	        1 	         0 	       6 	        6 	         0 	       7 	        6
   4615801 	     6158 	          01 	          1380 	         0 	       3 	        6 	         0 	       4 	        6 	         0 	       5 	        6 	         0 	       6 	        6 	         0 	       7 	        6 	       690 	       1 	        1 	       690 	       2 	        1
   4615802 	     6158 	          02 	          1380 	       360 	       3 	        1 	         0 	       4 	        6 	         0 	       5 	        6 	         0 	       6 	        6 	         0 	       7 	        6 	       510 	       1 	        1 	       510 	       2 	        1
   4616701 	     6167 	          01 	          1260 	         0 	       2 	        6 	         0 	       3 	        6 	       420 	       4 	        1 	       420 	       5 	        1 	         0 	       6 	        6 	         0 	       7 	        6 	       420 	       1 	        1
   4616702 	     6167 	          02 	          1440 	         0 	       2 	        6 	         0 	       3 	        6 	       480 	       4 	        1 	       480 	       5 	        1 	         0 	       6 	        6 	         0 	       7 	        6 	       480 	       1 	        1
   4617701 	     6177 	          01 	          1980 	       300 	       3 	        1 	       300 	       4 	        1 	       300 	       5 	        1 	         0 	       6 	        6 	         0 	       7 	        6 	       450 	       1 	        1 	       630 	       2 	        1
   4617702 	     6177 	          02 	          2400 	       480 	       3 	        1 	       480 	       4 	        1 	       480 	       5 	        1 	         0 	       6 	        6 	         0 	       7 	        6 	       480 	       1 	        1 	       480 	       2 	        1
   4618301 	     6183 	          01 	          1980 	         0 	       7 	        6 	         0 	       1 	        6 	       540 	       2 	        1 	       540 	       3 	        1 	       540 	       4 	        1 	       360 	       5 	        1 	         0 	       6 	        6
   4618402 	     6184 	          02 	          2400 	       480 	       1 	        1 	       480 	       2 	        1 	       480 	       3 	        1 	       480 	       4 	        1 	       480 	       5 	        1 	         0 	       6 	        6 	         0 	       7 	        6
   4618502 	     6185 	          02 	          2400 	       480 	       5 	        1 	         0 	       6 	        6 	         0 	       7 	        6 	       480 	       1 	        1 	       480 	       2 	        1 	       480 	       3 	        1 	       480 	       4 	        1
   4619001 	     6190 	          01 	          2400 	         0 	       7 	        6 	       480 	       1 	        1 	       480 	       2 	        1 	       480 	       3 	        1 	       480 	       4 	        1 	       480 	       5 	        1 	         0 	       6 	        6
   4619002 	     6190 	          02 	          1500 	         0 	       7 	        6 	       300 	       1 	        1 	       300 	       2 	        1 	       300 	       3 	        1 	       300 	       4 	        1 	       300 	       5 	        1 	         0 	       6 	        6
   4619501 	     6195 	          01 	          1590 	       315 	       5 	        1 	         0 	       6 	        6 	         0 	       7 	        6 	       180 	       1 	        1 	       315 	       2 	        1 	       480 	       3 	        1 	       300 	       4 	        1
   4619502 	     6195 	          02 	          2400 	       480 	       5 	        1 	         0 	       6 	        6 	         0 	       7 	        6 	       480 	       1 	        1 	       480 	       2 	        1 	       480 	       3 	        1 	       480 	       4 	        1
   4619701 	     6197 	          01 	          2025 	         0 	       6 	        6 	         0 	       7 	        6 	       405 	       1 	        1 	       405 	       2 	        1 	       405 	       3 	        1 	       405 	       4 	        1 	       405 	       5 	        1
   4619702 	     6197 	          02 	          1740 	         0 	       6 	        6 	         0 	       7 	        6 	       360 	       1 	        1 	       360 	       2 	        1 	       360 	       3 	        1 	       360 	       4 	        1 	       300 	       5 	        1
   4619801 	     6198 	          01 	          2400 	         0 	       7 	        6 	       480 	       1 	        1 	       480 	       2 	        1 	       480 	       3 	        1 	       480 	       4 	        1 	       480 	       5 	        1 	         0 	       6 	        6
   4619802 	     6198 	          02 	          2895 	         0 	       7 	        6 	       495 	       1 	        1 	       495 	       2 	        1 	       495 	       3 	        1 	       495 	       4 	        1 	       495 	       5 	        1 	       420 	       6 	        1
   4620401 	     6204 	          01 	           840 	         0 	       6 	        6 	         0 	       7 	        6 	         0 	       1 	        6 	       210 	       2 	        1 	       210 	       3 	        1 	       210 	       4 	        1 	       210 	       5 	        1
   4620602 	     6206 	          02 	          2880 	      1020 	       7 	        1 	       420 	       1 	        1 	         0 	       2 	        6 	         0 	       3 	        6 	      1020 	       4 	        1 	       420 	       5 	        1 	         0 	       6 	        6
   4620901 	     6209 	          01 	          2715 	       540 	       3 	        1 	       540 	       4 	        1 	       555 	       5 	        1 	         0 	       6 	        6 	         0 	       7 	        6 	       540 	       1 	        1 	       540 	       2 	        1
   4621401 	     6214 	          01 	          3000 	         0 	       6 	        6 	         0 	       7 	        6 	       600 	       1 	        1 	       600 	       2 	        1 	       600 	       3 	        1 	       600 	       4 	        1 	       600 	       5 	        1
   4621402 	     6214 	          02 	          3060 	         0 	       6 	        6 	         0 	       7 	        6 	       600 	       1 	        1 	       540 	       2 	        1 	       720 	       3 	        1 	       540 	       4 	        1 	       660 	       5 	        1
   4622201 	     6222 	          01 	          2700 	       540 	       3 	        1 	       540 	       4 	        1 	       540 	       5 	        1 	         0 	       6 	        6 	         0 	       7 	        6 	       540 	       1 	        1 	       540 	       2 	        1
   4622202 	     6222 	          02 	          2460 	       540 	       3 	        1 	       240 	       4 	        1 	       540 	       5 	        1 	       360 	       6 	        1 	         0 	       7 	        6 	       540 	       1 	        1 	       240 	       2 	        1
   4622301 	     6223 	          01 	          1620 	       480 	       6 	        1 	         0 	       7 	        6 	       240 	       1 	        1 	       240 	       2 	        1 	       240 	       3 	        1 	       210 	       4 	        1 	       210 	       5 	        1
   4622302 	     6223 	          02 	          1800 	         0 	       6 	        6 	         0 	       7 	        6 	       360 	       1 	        1 	       360 	       2 	        1 	       360 	       3 	        1 	       360 	       4 	        1 	       360 	       5 	        1
   4623003 	     6230 	          03 	           690 	         0 	       3 	        6 	         0 	       4 	        6 	         0 	       5 	        6 	       300 	       6 	        1 	       240 	       7 	        1 	       150 	       1 	        1 	         0 	       2 	        6
   4623901 	     6239 	          01 	          2565 	       555 	       4 	        1 	       555 	       5 	        1 	         0 	       6 	        6 	         0 	       7 	        6 	       480 	       1 	        1 	       495 	       2 	        1 	       480 	       3 	        1
   4623902 	     6239 	          02 	             0 	         0 	       4 	        1 	         0 	       5 	        1 	         0 	       6 	        1 	         0 	       7 	        1 	         0 	       1 	        1 	         0 	       2 	        1 	         0 	       3 	        1
   4625203 	     6252 	          03 	          2550 	       510 	       4 	        1 	       510 	       5 	        1 	         0 	       6 	        6 	         0 	       7 	        6 	       510 	       1 	        1 	       510 	       2 	        1 	       510 	       3 	        1
   4625204 	     6252 	          04 	          2400 	       480 	       4 	        1 	       480 	       5 	        1 	         0 	       6 	        6 	         0 	       7 	        6 	       480 	       1 	        1 	       480 	       2 	        1 	       480 	       3 	        1
   4625701 	     6257 	          01 	          2100 	       420 	       1 	        1 	       420 	       2 	        1 	       420 	       3 	        1 	       420 	       4 	        1 	       420 	       5 	        1 	         0 	       6 	        6 	         0 	       7 	        6
   4625702 	     6257 	          02 	          2100 	       420 	       1 	        1 	       420 	       2 	        1 	       420 	       3 	        1 	       420 	       4 	        1 	       420 	       5 	        1 	         0 	       6 	        6 	         0 	       7 	        6
   4626301 	     6263 	          01 	          3000 	         0 	       6 	        6 	         0 	       7 	        6 	       600 	       1 	        1 	       600 	       2 	        1 	       600 	       3 	        1 	       600 	       4 	        1 	       600 	       5 	        1
   4626801 	     6268 	          01 	          2520 	       420 	       1 	        1 	       420 	       2 	        1 	       420 	       3 	        1 	       420 	       4 	        1 	       420 	       5 	        1 	       420 	       6 	        1 	         0 	       7 	        6
   4626901 	     6269 	          01 	          1140 	         0 	       3 	        6 	         0 	       4 	        6 	         0 	       5 	        6 	         0 	       6 	        6 	         0 	       7 	        6 	       570 	       1 	        1 	       570 	       2 	        1
   4627401 	     6274 	          01 	          2100 	         0 	       6 	        6 	         0 	       7 	        6 	       420 	       1 	        1 	       420 	       2 	        1 	       420 	       3 	        1 	       420 	       4 	        1 	       420 	       5 	        1
   4627402 	     6274 	          02 	          3180 	         0 	       6 	        6 	         0 	       7 	        6 	       660 	       1 	        1 	       660 	       2 	        1 	       660 	       3 	        1 	       540 	       4 	        1 	       660 	       5 	        1
   4628101 	     6281 	          01 	          2100 	       420 	       4 	        1 	       420 	       5 	        1 	         0 	       6 	        6 	         0 	       7 	        6 	       420 	       1 	        1 	       420 	       2 	        1 	       420 	       3 	        1
   4628102 	     6281 	          02 	          2640 	       120 	       4 	        1 	       540 	       5 	        1 	       120 	       6 	        1 	       540 	       7 	        1 	       120 	       1 	        1 	       540 	       2 	        1 	       660 	       3 	        1
   4628201 	     6282 	          01 	          1620 	       300 	       4 	        1 	       300 	       5 	        1 	         0 	       6 	        6 	         0 	       7 	        6 	       300 	       1 	        1 	       420 	       2 	        1 	       300 	       3 	        1
   4628202 	     6282 	          02 	          3510 	       630 	       4 	        1 	       630 	       5 	        1 	         0 	       6 	        6 	       300 	       7 	        1 	       660 	       1 	        1 	       660 	       2 	        1 	       630 	       3 	        1
   4628801 	     6288 	          01 	          3300 	       660 	       1 	        1 	       660 	       2 	        1 	       660 	       3 	        1 	       660 	       4 	        1 	       660 	       5 	        1 	         0 	       6 	        6 	         0 	       7 	        6
   4629002 	     6290 	          02 	          2550 	       435 	       4 	        1 	       435 	       5 	        1 	       435 	       6 	        1 	         0 	       7 	        6 	       435 	       1 	        1 	       375 	       2 	        1 	       435 	       3 	        1
   4630401 	     6304 	          01 	          1920 	         0 	       7 	        6 	         0 	       1 	        6 	       480 	       2 	        1 	       480 	       3 	        1 	       480 	       4 	        1 	       480 	       5 	        1 	         0 	       6 	        6
   4630801 	     6308 	          01 	          2250 	       450 	       5 	        1 	         0 	       6 	        6 	         0 	       7 	        6 	       450 	       1 	        1 	       450 	       2 	        1 	       450 	       3 	        1 	       450 	       4 	        1
   4630802 	     6308 	          02 	          2160 	       360 	       5 	        1 	       360 	       6 	        1 	         0 	       7 	        6 	       360 	       1 	        1 	       360 	       2 	        1 	       360 	       3 	        1 	       360 	       4 	        1
   4631303 	     6313 	          03 	          2400 	         0 	       1 	        6 	       480 	       2 	        1 	       480 	       3 	        1 	       480 	       4 	        1 	       480 	       5 	        1 	       480 	       6 	        1 	         0 	       7 	        6
   4631801 	     6318 	          01 	          3060 	       510 	       6 	        1 	         0 	       7 	        6 	       510 	       1 	        1 	       510 	       2 	        1 	       510 	       3 	        1 	       510 	       4 	        1 	       510 	       5 	        1
   4632101 	     6321 	          01 	          2475 	       495 	       1 	        1 	       495 	       2 	        1 	       495 	       3 	        1 	       495 	       4 	        1 	       495 	       5 	        1 	         0 	       6 	        6 	         0 	       7 	        6
   4632102 	     6321 	          02 	          1920 	         0 	       1 	        6 	       480 	       2 	        1 	       480 	       3 	        1 	       480 	       4 	        1 	         0 	       5 	        6 	         0 	       6 	        6 	       480 	       7 	        1
   4632701 	     6327 	          01 	          1200 	         0 	       6 	        6 	         0 	       7 	        6 	       240 	       1 	        1 	       240 	       2 	        1 	       240 	       3 	        1 	       240 	       4 	        1 	       240 	       5 	        1
   4632702 	     6327 	          02 	          2400 	         0 	       6 	        6 	         0 	       7 	        6 	       480 	       1 	        1 	       480 	       2 	        1 	       480 	       3 	        1 	       480 	       4 	        1 	       480 	       5 	        1
   4633401 	     6334 	          01 	          2280 	         0 	       6 	        6 	         0 	       7 	        6 	       420 	       1 	        1 	       480 	       2 	        1 	       480 	       3 	        1 	       480 	       4 	        1 	       420 	       5 	        1
   4633402 	     6334 	          02 	          2400 	         0 	       6 	        6 	         0 	       7 	        6 	       480 	       1 	        1 	       480 	       2 	        1 	       480 	       3 	        1 	       480 	       4 	        1 	       480 	       5 	        1
   4633701 	     6337 	          01 	             0 	         0 	       7 	        6 	         0 	       1 	        6 	         0 	       2 	        6 	         0 	       3 	        6 	         0 	       4 	        6 	         0 	       5 	        6 	         0 	       6 	        6
   4633702 	     6337 	          02 	          3600 	       600 	       7 	        1 	       600 	       1 	        1 	         0 	       2 	        6 	       600 	       3 	        1 	       600 	       4 	        1 	       600 	       5 	        1 	       600 	       6 	        1
   4633902 	     6339 	          02 	          4290 	         0 	       5 	        6 	         0 	       6 	        6 	       870 	       7 	        1 	       840 	       1 	        1 	       870 	       2 	        1 	       870 	       3 	        1 	       840 	       4 	        1
   4636001 	     6360 	          01 	          2100 	         0 	       7 	        6 	       420 	       1 	        1 	       420 	       2 	        1 	       420 	       3 	        1 	       420 	       4 	        1 	       420 	       5 	        1 	         0 	       6 	        6
   4636002 	     6360 	          02 	          2400 	         0 	       7 	        6 	       480 	       1 	        1 	       480 	       2 	        1 	       480 	       3 	        1 	       480 	       4 	        1 	       480 	       5 	        1 	         0 	       6 	        6
   4636201 	     6362 	          01 	          2400 	       480 	       1 	        1 	       480 	       2 	        1 	       480 	       3 	        1 	       480 	       4 	        1 	       480 	       5 	        1 	         0 	       6 	        6 	         0 	       7 	        6
   4636701 	     6367 	          01 	          2400 	         0 	       6 	        6 	         0 	       7 	        6 	       480 	       1 	        1 	       480 	       2 	        1 	       480 	       3 	        1 	       480 	       4 	        1 	       480 	       5 	        1
   4636801 	     6368 	          01 	          2700 	         0 	       7 	        6 	       540 	       1 	        1 	       540 	       2 	        1 	       540 	       3 	        1 	       540 	       4 	        1 	       540 	       5 	        1 	         0 	       6 	        6
   4637101 	     6371 	          01 	          3000 	       600 	       5 	        1 	         0 	       6 	        6 	         0 	       7 	        6 	       600 	       1 	        1 	       600 	       2 	        1 	       600 	       3 	        1 	       600 	       4 	        1
   4637401 	     6374 	          01 	          3150 	         0 	       6 	        6 	         0 	       7 	        6 	       630 	       1 	        1 	       630 	       2 	        1 	       630 	       3 	        1 	       630 	       4 	        1 	       630 	       5 	        1
   4637601 	     6376 	          01 	          3300 	         0 	       7 	        6 	       660 	       1 	        1 	       660 	       2 	        1 	       660 	       3 	        1 	       660 	       4 	        1 	       660 	       5 	        1 	         0 	       6 	        6
   4637602 	     6376 	          02 	           720 	         0 	       7 	        6 	       180 	       1 	        1 	       180 	       2 	        1 	       180 	       3 	        1 	       180 	       4 	        1 	         0 	       5 	        6 	         0 	       6 	        6
   4638201 	     6382 	          01 	          3210 	         0 	       6 	        6 	         0 	       7 	        6 	       555 	       1 	        1 	       630 	       2 	        1 	       705 	       3 	        1 	       585 	       4 	        1 	       735 	       5 	        1
   4638202 	     6382 	          02 	          2550 	         0 	       6 	        6 	         0 	       7 	        6 	       510 	       1 	        1 	       510 	       2 	        1 	       510 	       3 	        1 	       510 	       4 	        1 	       510 	       5 	        1
   4640803 	     6408 	          03 	          2400 	       480 	       5 	        1 	         0 	       6 	        6 	         0 	       7 	        6 	       480 	       1 	        1 	       480 	       2 	        1 	       480 	       3 	        1 	       480 	       4 	        1
   4640804 	     6408 	          04 	          2400 	       480 	       5 	        1 	         0 	       6 	        6 	         0 	       7 	        6 	       480 	       1 	        1 	       480 	       2 	        1 	       480 	       3 	        1 	       480 	       4 	        1
   4641001 	     6410 	          01 	          2400 	         0 	       6 	        6 	         0 	       7 	        6 	       480 	       1 	        1 	       480 	       2 	        1 	       480 	       3 	        1 	       480 	       4 	        1 	       480 	       5 	        1
   4642101 	     6421 	          01 	          2700 	         0 	       7 	        6 	       540 	       1 	        1 	       540 	       2 	        1 	       540 	       3 	        1 	       540 	       4 	        1 	       540 	       5 	        1 	         0 	       6 	        6
   4642102 	     6421 	          02 	          1800 	         0 	       7 	        6 	       360 	       1 	        1 	       360 	       2 	        1 	       360 	       3 	        1 	       360 	       4 	        1 	       360 	       5 	        1 	         0 	       6 	        6
   4642202 	     6422 	          02 	           390 	         0 	       1 	        6 	         0 	       2 	        6 	         0 	       3 	        6 	         0 	       4 	        6 	       390 	       5 	        1 	         0 	       6 	        6 	         0 	       7 	        6
   4642901 	     6429 	          01 	          5100 	         0 	       7 	        6 	       900 	       1 	        1 	       840 	       2 	        1 	       840 	       3 	        1 	       840 	       4 	        1 	       840 	       5 	        1 	       840 	       6 	        1
   4643201 	     6432 	          01 	          2430 	       390 	       5 	        1 	         0 	       6 	        6 	         0 	       7 	        6 	       510 	       1 	        1 	       510 	       2 	        1 	       510 	       3 	        1 	       510 	       4 	        1
   4643401 	     6434 	          01 	          2400 	         0 	       6 	        6 	         0 	       7 	        6 	       480 	       1 	        1 	       480 	       2 	        1 	       480 	       3 	        1 	       480 	       4 	        1 	       480 	       5 	        1
   4643902 	     6439 	          02 	             0 	         0 	       4 	        6 	         0 	       5 	        6 	         0 	       6 	        6 	         0 	       7 	        6 	         0 	       1 	        6 	         0 	       2 	        6 	         0 	       3 	        6
   4644201 	     6442 	          01 	             0 	         0 	       4 	        1 	         0 	       5 	        1 	         0 	       6 	        1 	         0 	       7 	        1 	         0 	       1 	        1 	         0 	       2 	        1 	         0 	       3 	        1
   4644202 	     6442 	          02 	             0 	         0 	       4 	        1 	         0 	       5 	        1 	         0 	       6 	        1 	         0 	       7 	        1 	         0 	       1 	        1 	         0 	       2 	        1 	         0 	       3 	        1
   4644601 	     6446 	          01 	             0 	         0 	       7 	        1 	         0 	       1 	        1 	         0 	       2 	        1 	         0 	       3 	        1 	         0 	       4 	        1 	         0 	       5 	        1 	         0 	       6 	        1
   4645001 	     6450 	          01 	          2040 	       360 	       3 	        1 	       420 	       4 	        1 	       420 	       5 	        1 	         0 	       6 	        6 	         0 	       7 	        6 	       420 	       1 	        1 	       420 	       2 	        1
   4645401 	     6454 	          01 	          2220 	         0 	       6 	        6 	         0 	       7 	        6 	       480 	       1 	        1 	       480 	       2 	        1 	       480 	       3 	        1 	       480 	       4 	        1 	       300 	       5 	        1
   4645402 	     6454 	          02 	          2400 	         0 	       6 	        6 	         0 	       7 	        6 	       480 	       1 	        1 	       480 	       2 	        1 	       480 	       3 	        1 	       480 	       4 	        1 	       480 	       5 	        1
   4645702 	     6457 	          02 	          3660 	         0 	       1 	        6 	       660 	       2 	        1 	       660 	       3 	        1 	       660 	       4 	        1 	       660 	       5 	        1 	       660 	       6 	        1 	       360 	       7 	        1
   4646101 	     6461 	          01 	          2940 	       600 	       5 	        1 	         0 	       6 	        6 	         0 	       7 	        6 	       600 	       1 	        1 	       600 	       2 	        1 	       540 	       3 	        1 	       600 	       4 	        1
   4646201 	     6462 	          01 	          5880 	       840 	       6 	        1 	       840 	       7 	        1 	       840 	       1 	        1 	       840 	       2 	        1 	       840 	       3 	        1 	       840 	       4 	        1 	       840 	       5 	        1
   4646202 	     6462 	          02 	          4920 	       660 	       6 	        1 	       720 	       7 	        1 	       660 	       1 	        1 	       720 	       2 	        1 	       720 	       3 	        1 	       720 	       4 	        1 	       720 	       5 	        1
   4646203 	     6462 	          03 	          2400 	         0 	       6 	        6 	         0 	       7 	        6 	       480 	       1 	        1 	       480 	       2 	        1 	       480 	       3 	        1 	       480 	       4 	        1 	       480 	       5 	        1
   4646501 	     6465 	          01 	          1200 	       240 	       1 	        1 	       240 	       2 	        1 	       240 	       3 	        1 	       240 	       4 	        1 	       240 	       5 	        1 	         0 	       6 	        6 	         0 	       7 	        6
   4647502 	     6475 	          02 	          1920 	       480 	       3 	        1 	       480 	       4 	        1 	       480 	       5 	        1 	         0 	       6 	        6 	         0 	       7 	        6 	       480 	       1 	        1 	         0 	       2 	        6
   4647602 	     6476 	          02 	          2850 	       570 	       3 	        1 	       570 	       4 	        1 	       570 	       5 	        1 	         0 	       6 	        6 	         0 	       7 	        6 	       570 	       1 	        1 	       570 	       2 	        1
   4648501 	     6485 	          01 	            90 	         0 	       5 	        6 	         0 	       6 	        6 	         0 	       7 	        6 	         0 	       1 	        6 	         0 	       2 	        6 	         0 	       3 	        6 	        90 	       4 	        1
   4648702 	     6487 	          02 	          2250 	         0 	       7 	        6 	         0 	       1 	        6 	       450 	       2 	        1 	       450 	       3 	        1 	       450 	       4 	        1 	       450 	       5 	        1 	       450 	       6 	        1
   4649101 	     6491 	          01 	          1065 	       330 	       2 	        1 	       300 	       3 	        1 	         0 	       4 	        6 	        60 	       5 	        1 	         0 	       6 	        6 	         0 	       7 	        6 	       375 	       1 	        1
   4649102 	     6491 	          02 	           750 	       255 	       2 	        1 	         0 	       3 	        6 	       135 	       4 	        1 	       300 	       5 	        1 	         0 	       6 	        6 	         0 	       7 	        6 	        60 	       1 	        1
   4649401 	     6494 	          01 	          1200 	         0 	       6 	        6 	         0 	       7 	        6 	       300 	       1 	        1 	       300 	       2 	        1 	       300 	       3 	        1 	         0 	       4 	        6 	       300 	       5 	        1
   4649403 	     6494 	          03 	             0 	         0 	       6 	        1 	         0 	       7 	        1 	         0 	       1 	        1 	         0 	       2 	        1 	         0 	       3 	        1 	         0 	       4 	        1 	         0 	       5 	        1
   4649802 	     6498 	          02 	          1560 	       240 	       1 	        1 	       240 	       2 	        1 	       240 	       3 	        1 	       240 	       4 	        1 	       240 	       5 	        1 	         0 	       6 	        6 	       360 	       7 	        1
   4650101 	     6501 	          01 	          1860 	       360 	       4 	        1 	       420 	       5 	        1 	         0 	       6 	        6 	         0 	       7 	        6 	       420 	       1 	        1 	       300 	       2 	        1 	       360 	       3 	        1
   4650302 	     6503 	          02 	          2400 	         0 	       7 	        6 	         0 	       1 	        6 	       480 	       2 	        1 	       480 	       3 	        1 	       480 	       4 	        1 	       480 	       5 	        1 	       480 	       6 	        1
   4650602 	     6506 	          02 	          2805 	       495 	       1 	        1 	       495 	       2 	        1 	       495 	       3 	        1 	       510 	       4 	        1 	       495 	       5 	        1 	       315 	       6 	        1 	         0 	       7 	        6
   4650901 	     6509 	          01 	          1320 	       450 	       4 	        1 	         0 	       5 	        6 	         0 	       6 	        6 	         0 	       7 	        6 	         0 	       1 	        6 	       435 	       2 	        1 	       435 	       3 	        1
   4651002 	     6510 	          02 	          2715 	         0 	       6 	        6 	         0 	       7 	        6 	       540 	       1 	        1 	       555 	       2 	        1 	       540 	       3 	        1 	       540 	       4 	        1 	       540 	       5 	        1
   4651003 	     6510 	          03 	          1830 	       300 	       6 	        1 	         0 	       7 	        6 	       300 	       1 	        1 	       330 	       2 	        1 	       300 	       3 	        1 	       300 	       4 	        1 	       300 	       5 	        1
   4651202 	     6512 	          02 	          2850 	       330 	       7 	        1 	       420 	       1 	        1 	       420 	       2 	        1 	       420 	       3 	        1 	       420 	       4 	        1 	       420 	       5 	        1 	       420 	       6 	        1
   4651401 	     6514 	          01 	          1800 	       360 	       1 	        1 	       360 	       2 	        1 	       360 	       3 	        1 	       360 	       4 	        1 	       360 	       5 	        1 	         0 	       6 	        6 	         0 	       7 	        6
   4652601 	     6526 	          01 	          5490 	       855 	       6 	        1 	       855 	       7 	        1 	       945 	       1 	        1 	       945 	       2 	        1 	       945 	       3 	        1 	         0 	       4 	        6 	       945 	       5 	        1
   4653101 	     6531 	          01 	          1560 	       360 	       3 	        1 	       300 	       4 	        1 	       420 	       5 	        1 	         0 	       6 	        6 	         0 	       7 	        6 	       360 	       1 	        1 	       120 	       2 	        1
   4653501 	     6535 	          01 	          1680 	         0 	       7 	        6 	       480 	       1 	        1 	       480 	       2 	        1 	       480 	       3 	        1 	       240 	       4 	        1 	         0 	       5 	        6 	         0 	       6 	        6
   4654601 	     6546 	          01 	          2400 	       480 	       1 	        1 	       480 	       2 	        1 	       480 	       3 	        1 	       480 	       4 	        1 	       480 	       5 	        1 	         0 	       6 	        6 	         0 	       7 	        6
   4654602 	     6546 	          02 	          2910 	       570 	       1 	        1 	       600 	       2 	        1 	       570 	       3 	        1 	       570 	       4 	        1 	       600 	       5 	        1 	         0 	       6 	        6 	         0 	       7 	        6
   4654801 	     6548 	          01 	          1710 	       480 	       3 	        1 	         0 	       4 	        6 	       420 	       5 	        1 	         0 	       6 	        6 	         0 	       7 	        6 	       420 	       1 	        1 	       390 	       2 	        1
   4656401 	     6564 	          01 	          2520 	       600 	       4 	        1 	       600 	       5 	        1 	       600 	       6 	        1 	       240 	       7 	        1 	       240 	       1 	        1 	         0 	       2 	        6 	       240 	       3 	        1
   4656801 	     6568 	          01 	          2610 	       420 	       7 	        1 	         0 	       1 	        6 	         0 	       2 	        6 	       330 	       3 	        1 	       360 	       4 	        1 	       720 	       5 	        1 	       780 	       6 	        1
   4657101 	     6571 	          01 	          2100 	       420 	       4 	        1 	       420 	       5 	        1 	         0 	       6 	        6 	         0 	       7 	        6 	       420 	       1 	        1 	       420 	       2 	        1 	       420 	       3 	        1
   4657601 	     6576 	          01 	           360 	         0 	       7 	        6 	         0 	       1 	        6 	         0 	       2 	        6 	         0 	       3 	        6 	         0 	       4 	        6 	         0 	       5 	        6 	       360 	       6 	        1
   4657602 	     6576 	          02 	          1620 	         0 	       7 	        6 	         0 	       1 	        6 	         0 	       2 	        6 	       720 	       3 	        1 	       450 	       4 	        1 	       450 	       5 	        1 	         0 	       6 	        6
   4658301 	     6583 	          01 	          2400 	         0 	       7 	        6 	       480 	       1 	        1 	       480 	       2 	        1 	       480 	       3 	        1 	       480 	       4 	        1 	       480 	       5 	        1 	         0 	       6 	        6
   4658302 	     6583 	          02 	           450 	         0 	       7 	        6 	         0 	       1 	        6 	         0 	       2 	        6 	         0 	       3 	        6 	         0 	       4 	        6 	         0 	       5 	        6 	       450 	       6 	        1
   4659301 	     6593 	          01 	          2160 	       360 	       1 	        1 	       360 	       2 	        1 	       360 	       3 	        1 	       360 	       4 	        1 	       360 	       5 	        1 	       360 	       6 	        1 	         0 	       7 	        6
   4659703 	     6597 	          03 	          2850 	       570 	       2 	        1 	       570 	       3 	        1 	       570 	       4 	        1 	       570 	       5 	        1 	         0 	       6 	        6 	         0 	       7 	        6 	       570 	       1 	        1
   4660001 	     6600 	          01 	          2790 	         0 	       7 	        6 	       510 	       1 	        1 	       510 	       2 	        1 	       510 	       3 	        1 	       510 	       4 	        1 	       510 	       5 	        1 	       240 	       6 	        1
   4660002 	     6600 	          02 	          2400 	         0 	       7 	        6 	       480 	       1 	        1 	       480 	       2 	        1 	       480 	       3 	        1 	       480 	       4 	        1 	       480 	       5 	        1 	         0 	       6 	        6
   4661302 	     6613 	          02 	          2745 	       405 	       2 	        1 	       405 	       3 	        1 	       405 	       4 	        1 	       375 	       5 	        1 	       255 	       6 	        1 	       570 	       7 	        1 	       330 	       1 	        1
   4661401 	     6614 	          01 	          2460 	       480 	       2 	        1 	       480 	       3 	        1 	       480 	       4 	        1 	       480 	       5 	        1 	        60 	       6 	        1 	         0 	       7 	        6 	       480 	       1 	        1
   4661402 	     6614 	          02 	          1800 	       360 	       2 	        1 	       360 	       3 	        1 	       360 	       4 	        1 	       360 	       5 	        1 	         0 	       6 	        6 	         0 	       7 	        6 	       360 	       1 	        1
   4662001 	     6620 	          01 	           840 	         0 	       7 	        6 	       450 	       1 	        1 	       390 	       2 	        1 	         0 	       3 	        6 	         0 	       4 	        6 	         0 	       5 	        6 	         0 	       6 	        6
   4662002 	     6620 	          02 	           330 	         0 	       7 	        6 	         0 	       1 	        6 	         0 	       2 	        6 	         0 	       3 	        6 	         0 	       4 	        6 	         0 	       5 	        6 	       330 	       6 	        1
   4662202 	     6622 	          02 	          1125 	       225 	       1 	        1 	       225 	       2 	        1 	       225 	       3 	        1 	       225 	       4 	        1 	         0 	       5 	        6 	       225 	       6 	        1 	         0 	       7 	        6
   4662501 	     6625 	          01 	          2190 	       510 	       2 	        1 	       420 	       3 	        1 	       420 	       4 	        1 	       420 	       5 	        1 	         0 	       6 	        6 	         0 	       7 	        6 	       420 	       1 	        1
   4662601 	     6626 	          01 	          2385 	       480 	       2 	        1 	       510 	       3 	        1 	       480 	       4 	        1 	       480 	       5 	        1 	         0 	       6 	        6 	         0 	       7 	        6 	       435 	       1 	        1
   4662602 	     6626 	          02 	          3810 	       900 	       2 	        1 	       840 	       3 	        1 	       930 	       4 	        1 	       360 	       5 	        1 	       420 	       6 	        1 	         0 	       7 	        6 	       360 	       1 	        1
   4662901 	     6629 	          01 	          2880 	         0 	       7 	        6 	       600 	       1 	        1 	       660 	       2 	        1 	       600 	       3 	        1 	       660 	       4 	        1 	       360 	       5 	        1 	         0 	       6 	        6
   4663001 	     6630 	          01 	          1770 	       360 	       7 	        1 	         0 	       1 	        6 	       315 	       2 	        1 	         0 	       3 	        6 	       480 	       4 	        1 	       300 	       5 	        1 	       315 	       6 	        1
   4663302 	     6633 	          02 	          2310 	       420 	       5 	        1 	         0 	       6 	        6 	         0 	       7 	        6 	       420 	       1 	        1 	       630 	       2 	        1 	       420 	       3 	        1 	       420 	       4 	        1
   4663303 	     6633 	          03 	          2700 	       540 	       5 	        1 	         0 	       6 	        6 	         0 	       7 	        6 	       540 	       1 	        1 	       540 	       2 	        1 	       540 	       3 	        1 	       540 	       4 	        1
   4663401 	     6634 	          01 	          2700 	       540 	       5 	        1 	         0 	       6 	        6 	         0 	       7 	        6 	       540 	       1 	        1 	       540 	       2 	        1 	       540 	       3 	        1 	       540 	       4 	        1
   4664501 	     6645 	          01 	          2250 	       450 	       5 	        1 	         0 	       6 	        6 	         0 	       7 	        6 	       450 	       1 	        1 	       450 	       2 	        1 	       450 	       3 	        1 	       450 	       4 	        1
   4664701 	     6647 	          01 	          3435 	       420 	       6 	        1 	         0 	       7 	        6 	       615 	       1 	        1 	       600 	       2 	        1 	       600 	       3 	        1 	       600 	       4 	        1 	       600 	       5 	        1
   4664902 	     6649 	          02 	          2430 	         0 	       7 	        6 	         0 	       1 	        6 	       480 	       2 	        1 	       480 	       3 	        1 	       480 	       4 	        1 	       480 	       5 	        1 	       510 	       6 	        1
   4665101 	     6651 	          01 	          2700 	       480 	       1 	        1 	       480 	       2 	        1 	       480 	       3 	        1 	       480 	       4 	        1 	       480 	       5 	        1 	       300 	       6 	        1 	         0 	       7 	        6
   4665102 	     6651 	          02 	          2700 	       540 	       1 	        1 	       540 	       2 	        1 	       540 	       3 	        1 	       540 	       4 	        1 	       540 	       5 	        1 	         0 	       6 	        6 	         0 	       7 	        6
   4665103 	     6651 	          03 	          2400 	       480 	       1 	        1 	       480 	       2 	        1 	       480 	       3 	        1 	       480 	       4 	        1 	       480 	       5 	        1 	         0 	       6 	        6 	         0 	       7 	        6
   4665302 	     6653 	          02 	          5685 	      1320 	       5 	        1 	         0 	       6 	        6 	      1320 	       7 	        1 	      1440 	       1 	        1 	       510 	       2 	        1 	       420 	       3 	        1 	       675 	       4 	        1
   4666301 	     6663 	          01 	          2100 	       420 	       2 	        1 	       420 	       3 	        1 	       420 	       4 	        1 	       420 	       5 	        1 	         0 	       6 	        6 	         0 	       7 	        6 	       420 	       1 	        1
   4666801 	     6668 	          01 	          1680 	         0 	       6 	        6 	         0 	       7 	        6 	       420 	       1 	        1 	         0 	       2 	        6 	       420 	       3 	        1 	       420 	       4 	        1 	       420 	       5 	        1
   4666802 	     6668 	          02 	          5040 	       720 	       6 	        1 	       720 	       7 	        1 	       720 	       1 	        1 	       720 	       2 	        1 	       720 	       3 	        1 	       720 	       4 	        1 	       720 	       5 	        1
   4666803 	     6668 	          03 	           360 	         0 	       6 	        6 	         0 	       7 	        6 	       120 	       1 	        1 	         0 	       2 	        6 	         0 	       3 	        6 	       120 	       4 	        1 	       120 	       5 	        1
   4667401 	     6674 	          01 	          2715 	       540 	       2 	        1 	       540 	       3 	        1 	       480 	       4 	        1 	       480 	       5 	        1 	         0 	       6 	        6 	         0 	       7 	        6 	       675 	       1 	        1
   4667402 	     6674 	          02 	           960 	       480 	       2 	        1 	         0 	       3 	        6 	       240 	       4 	        1 	         0 	       5 	        6 	         0 	       6 	        6 	         0 	       7 	        6 	       240 	       1 	        1
   4667601 	     6676 	          01 	          2490 	       570 	       2 	        1 	       600 	       3 	        1 	       450 	       4 	        1 	       420 	       5 	        1 	         0 	       6 	        6 	         0 	       7 	        6 	       450 	       1 	        1
   4667801 	     6678 	          01 	          2430 	         0 	       6 	        6 	       630 	       7 	        1 	       300 	       1 	        1 	       510 	       2 	        1 	       510 	       3 	        1 	       180 	       4 	        1 	       300 	       5 	        1
   4667802 	     6678 	          02 	          2520 	         0 	       6 	        6 	       150 	       7 	        1 	       480 	       1 	        1 	       480 	       2 	        1 	       480 	       3 	        1 	       480 	       4 	        1 	       450 	       5 	        1
   4668301 	     6683 	          01 	          1950 	       390 	       5 	        1 	         0 	       6 	        6 	         0 	       7 	        6 	       390 	       1 	        1 	       390 	       2 	        1 	       390 	       3 	        1 	       390 	       4 	        1
   4668901 	     6689 	          01 	          3570 	         0 	       7 	        6 	       750 	       1 	        1 	       750 	       2 	        1 	       750 	       3 	        1 	       750 	       4 	        1 	       570 	       5 	        1 	         0 	       6 	        6
   4668902 	     6689 	          02 	          2400 	         0 	       7 	        6 	       480 	       1 	        1 	       480 	       2 	        1 	       480 	       3 	        1 	       480 	       4 	        1 	       480 	       5 	        1 	         0 	       6 	        6
   4669701 	     6697 	          01 	          2055 	       105 	       6 	        1 	         0 	       7 	        6 	       390 	       1 	        1 	       390 	       2 	        1 	       390 	       3 	        1 	       390 	       4 	        1 	       390 	       5 	        1
   4671001 	     6710 	          01 	          2100 	         0 	       7 	        6 	       420 	       1 	        1 	       420 	       2 	        1 	       420 	       3 	        1 	       420 	       4 	        1 	       420 	       5 	        1 	         0 	       6 	        6
   4671002 	     6710 	          02 	          1200 	         0 	       7 	        6 	       240 	       1 	        1 	       240 	       2 	        1 	       240 	       3 	        1 	       240 	       4 	        1 	       240 	       5 	        1 	         0 	       6 	        6
   4671302 	     6713 	          02 	          2280 	       540 	       5 	        1 	         0 	       6 	        6 	         0 	       7 	        6 	       420 	       1 	        1 	       420 	       2 	        1 	       420 	       3 	        1 	       480 	       4 	        1
   4671601 	     6716 	          01 	          2550 	       510 	       5 	        1 	         0 	       6 	        6 	         0 	       7 	        6 	       510 	       1 	        1 	       510 	       2 	        1 	       510 	       3 	        1 	       510 	       4 	        1
   4672003 	     6720 	          03 	          3270 	         0 	       7 	        6 	       570 	       1 	        1 	       570 	       2 	        1 	       570 	       3 	        1 	       690 	       4 	        1 	       690 	       5 	        1 	       180 	       6 	        1
   4672503 	     6725 	          03 	          2820 	       480 	       2 	        1 	       480 	       3 	        1 	       480 	       4 	        1 	       450 	       5 	        1 	       480 	       6 	        1 	         0 	       7 	        6 	       450 	       1 	        1
   4672701 	     6727 	          01 	          2580 	         0 	       6 	        6 	         0 	       7 	        6 	       510 	       1 	        1 	       510 	       2 	        1 	       510 	       3 	        1 	       540 	       4 	        1 	       510 	       5 	        1
   4672703 	     6727 	          03 	          1200 	         0 	       6 	        6 	         0 	       7 	        6 	       240 	       1 	        1 	       240 	       2 	        1 	       240 	       3 	        1 	       240 	       4 	        1 	       240 	       5 	        1
   4672901 	     6729 	          01 	          3120 	       720 	       7 	        1 	       480 	       1 	        1 	       480 	       2 	        1 	       480 	       3 	        1 	       480 	       4 	        1 	       480 	       5 	        1 	         0 	       6 	        6
   4673101 	     6731 	          01 	          2550 	       510 	       1 	        1 	       510 	       2 	        1 	       510 	       3 	        1 	       510 	       4 	        1 	       510 	       5 	        1 	         0 	       6 	        6 	         0 	       7 	        6
   4673201 	     6732 	          01 	          2880 	         0 	       1 	        6 	       480 	       2 	        1 	       480 	       3 	        1 	       480 	       4 	        1 	       480 	       5 	        1 	       480 	       6 	        1 	       480 	       7 	        1
   4674401 	     6744 	          01 	          1500 	       300 	       3 	        1 	       300 	       4 	        1 	       300 	       5 	        1 	         0 	       6 	        6 	         0 	       7 	        6 	       300 	       1 	        1 	       300 	       2 	        1
   4674402 	     6744 	          02 	          2640 	       540 	       3 	        1 	       540 	       4 	        1 	       480 	       5 	        1 	         0 	       6 	        6 	         0 	       7 	        6 	       540 	       1 	        1 	       540 	       2 	        1
   4674501 	     6745 	          01 	          2760 	       420 	       3 	        1 	       420 	       4 	        1 	       420 	       5 	        1 	       420 	       6 	        1 	       240 	       7 	        1 	       420 	       1 	        1 	       420 	       2 	        1
   4675602 	     6756 	          02 	          3480 	         0 	       7 	        6 	       630 	       1 	        1 	       660 	       2 	        1 	       720 	       3 	        1 	       780 	       4 	        1 	       690 	       5 	        1 	         0 	       6 	        6
   4676001 	     6760 	          01 	          3000 	       600 	       3 	        1 	       600 	       4 	        1 	       600 	       5 	        1 	         0 	       6 	        6 	         0 	       7 	        6 	       600 	       1 	        1 	       600 	       2 	        1
   4676002 	     6760 	          02 	          2955 	       615 	       3 	        1 	       615 	       4 	        1 	       555 	       5 	        1 	         0 	       6 	        6 	         0 	       7 	        6 	       615 	       1 	        1 	       555 	       2 	        1
   4676902 	     6769 	          02 	          1200 	       240 	       5 	        1 	         0 	       6 	        6 	         0 	       7 	        6 	       240 	       1 	        1 	       240 	       2 	        1 	       240 	       3 	        1 	       240 	       4 	        1
   4677101 	     6771 	          01 	          1020 	         0 	       7 	        6 	         0 	       1 	        1 	       240 	       2 	        1 	       240 	       3 	        1 	         0 	       4 	        6 	       240 	       5 	        1 	       300 	       6 	        1
   4677102 	     6771 	          02 	          1860 	         0 	       7 	        6 	       600 	       1 	        1 	       660 	       2 	        1 	       600 	       3 	        1 	         0 	       4 	        6 	         0 	       5 	        6 	         0 	       6 	        6
   4677503 	     6775 	          03 	          1200 	         0 	       3 	        6 	         0 	       4 	        6 	         0 	       5 	        6 	         0 	       6 	        6 	         0 	       7 	        6 	       600 	       1 	        1 	       600 	       2 	        1
   4677504 	     6775 	          04 	           300 	         0 	       3 	        6 	         0 	       4 	        6 	         0 	       5 	        6 	         0 	       6 	        6 	         0 	       7 	        6 	         0 	       1 	        6 	       300 	       2 	        1
   4677801 	     6778 	          01 	          2700 	         0 	       6 	        6 	         0 	       7 	        6 	       540 	       1 	        1 	       540 	       2 	        1 	       540 	       3 	        1 	       540 	       4 	        1 	       540 	       5 	        1
   4677802 	     6778 	          02 	          2850 	         0 	       6 	        6 	         0 	       7 	        6 	       570 	       1 	        1 	       570 	       2 	        1 	       570 	       3 	        1 	       570 	       4 	        1 	       570 	       5 	        1
   4678802 	     6788 	          02 	          2400 	         0 	       7 	        6 	       480 	       1 	        1 	       480 	       2 	        1 	       480 	       3 	        1 	       480 	       4 	        1 	       480 	       5 	        1 	         0 	       6 	        6
   4678901 	     6789 	          01 	          2340 	       390 	       1 	        1 	       390 	       2 	        1 	       390 	       3 	        1 	       390 	       4 	        1 	       390 	       5 	        1 	       390 	       6 	        1 	         0 	       7 	        6
   4679401 	     6794 	          01 	           180 	         0 	       6 	        6 	         0 	       7 	        6 	       180 	       1 	        1 	         0 	       2 	        6 	         0 	       3 	        6 	         0 	       4 	        6 	         0 	       5 	        6
   4679402 	     6794 	          02 	          1500 	         0 	       6 	        6 	         0 	       7 	        6 	       570 	       1 	        1 	       570 	       2 	        1 	       360 	       3 	        1 	         0 	       4 	        6 	         0 	       5 	        6
   4679802 	     6798 	          02 	          2070 	       540 	       1 	        1 	       510 	       2 	        1 	       480 	       3 	        1 	         0 	       4 	        6 	       540 	       5 	        1 	         0 	       6 	        6 	         0 	       7 	        6
   4680101 	     6801 	          01 	          3900 	       780 	       2 	        1 	       780 	       3 	        1 	       780 	       4 	        1 	       780 	       5 	        1 	         0 	       6 	        6 	         0 	       7 	        6 	       780 	       1 	        1
   4681501 	     6815 	          01 	          4620 	       690 	       5 	        1 	       720 	       6 	        1 	       450 	       7 	        1 	       690 	       1 	        1 	       690 	       2 	        1 	       690 	       3 	        1 	       690 	       4 	        1
   4681601 	     6816 	          01 	          3120 	       600 	       5 	        1 	         0 	       6 	        6 	         0 	       7 	        6 	       600 	       1 	        1 	       600 	       2 	        1 	       720 	       3 	        1 	       600 	       4 	        1
   4681602 	     6816 	          02 	          2925 	       660 	       5 	        1 	         0 	       6 	        6 	         0 	       7 	        6 	       600 	       1 	        1 	       600 	       2 	        1 	       600 	       3 	        1 	       465 	       4 	        1
   4681901 	     6819 	          01 	          2190 	         0 	       6 	        6 	         0 	       7 	        6 	       420 	       1 	        1 	       420 	       2 	        1 	       420 	       3 	        1 	       510 	       4 	        1 	       420 	       5 	        1
   4681902 	     6819 	          02 	          1800 	         0 	       6 	        6 	         0 	       7 	        6 	       360 	       1 	        1 	       360 	       2 	        1 	       360 	       3 	        1 	       360 	       4 	        1 	       360 	       5 	        1
   4682102 	     6821 	          02 	          2400 	       480 	       1 	        1 	       480 	       2 	        1 	       480 	       3 	        1 	       480 	       4 	        1 	       480 	       5 	        1 	         0 	       6 	        6 	         0 	       7 	        6
   4682301 	     6823 	          01 	          4245 	       615 	       5 	        1 	       720 	       6 	        1 	       510 	       7 	        1 	       510 	       1 	        1 	       690 	       2 	        1 	       615 	       3 	        1 	       585 	       4 	        1
   4682302 	     6823 	          02 	          2850 	       720 	       5 	        1 	       300 	       6 	        1 	         0 	       7 	        6 	         0 	       1 	        6 	       630 	       2 	        1 	       735 	       3 	        1 	       465 	       4 	        1
   4682901 	     6829 	          01 	          2400 	       480 	       1 	        1 	       480 	       2 	        1 	       480 	       3 	        1 	       480 	       4 	        1 	       480 	       5 	        1 	         0 	       6 	        6 	         0 	       7 	        6
   4682902 	     6829 	          02 	          1440 	         0 	       1 	        6 	         0 	       2 	        6 	       480 	       3 	        1 	       480 	       4 	        1 	       480 	       5 	        1 	         0 	       6 	        6 	         0 	       7 	        6
   4683801 	     6838 	          01 	          2640 	         0 	       1 	        6 	         0 	       2 	        6 	         0 	       3 	        6 	       660 	       4 	        1 	       660 	       5 	        1 	       660 	       6 	        1 	       660 	       7 	        1
   4684202 	     6842 	          02 	          2160 	         0 	       6 	        6 	       540 	       7 	        1 	       240 	       1 	        1 	       540 	       2 	        1 	       240 	       3 	        1 	       600 	       4 	        1 	         0 	       5 	        6
   4684401 	     6844 	          01 	          1740 	         0 	       7 	        6 	       240 	       1 	        1 	       360 	       2 	        1 	       420 	       3 	        1 	       360 	       4 	        1 	       360 	       5 	        1 	         0 	       6 	        6
   4684402 	     6844 	          02 	          2400 	         0 	       7 	        6 	       480 	       1 	        1 	       480 	       2 	        1 	       480 	       3 	        1 	       480 	       4 	        1 	       480 	       5 	        1 	         0 	       6 	        6
   4684803 	     6848 	          03 	           240 	         0 	       2 	        6 	         0 	       3 	        6 	         0 	       4 	        6 	         0 	       5 	        6 	         0 	       6 	        6 	         0 	       7 	        6 	       240 	       1 	        1
   4687101 	     6871 	          01 	           900 	       450 	       4 	        1 	       450 	       5 	        1 	         0 	       6 	        6 	         0 	       7 	        6 	         0 	       1 	        6 	         0 	       2 	        6 	         0 	       3 	        6
   4687901 	     6879 	          01 	          5670 	       810 	       5 	        1 	       810 	       6 	        1 	       810 	       7 	        1 	       810 	       1 	        1 	       810 	       2 	        1 	       810 	       3 	        1 	       810 	       4 	        1
   4687902 	     6879 	          02 	          1260 	       180 	       5 	        1 	       180 	       6 	        1 	       180 	       7 	        1 	       180 	       1 	        1 	       180 	       2 	        1 	       180 	       3 	        1 	       180 	       4 	        1
   4687904 	     6879 	          04 	          2220 	       300 	       5 	        1 	       300 	       6 	        1 	       300 	       7 	        1 	       300 	       1 	        1 	       420 	       2 	        1 	       300 	       3 	        1 	       300 	       4 	        1
   4688101 	     6881 	          01 	          3090 	       630 	       5 	        1 	         0 	       6 	        6 	         0 	       7 	        6 	       600 	       1 	        1 	       600 	       2 	        1 	       630 	       3 	        1 	       630 	       4 	        1
   4688201 	     6882 	          01 	          2760 	       300 	       6 	        1 	       300 	       7 	        1 	         0 	       1 	        6 	       540 	       2 	        1 	       540 	       3 	        1 	       540 	       4 	        1 	       540 	       5 	        1
   4688401 	     6884 	          01 	          2295 	       240 	       7 	        1 	       240 	       1 	        1 	       420 	       2 	        1 	       420 	       3 	        1 	       240 	       4 	        1 	       480 	       5 	        1 	       255 	       6 	        1
   4689001 	     6890 	          01 	          2460 	         0 	       6 	        6 	         0 	       7 	        6 	       480 	       1 	        1 	       480 	       2 	        1 	       480 	       3 	        1 	       480 	       4 	        1 	       540 	       5 	        1
   4689701 	     6897 	          01 	          2280 	       450 	       5 	        1 	         0 	       6 	        6 	         0 	       7 	        6 	       525 	       1 	        1 	       435 	       2 	        1 	       435 	       3 	        1 	       435 	       4 	        1
   4689702 	     6897 	          02 	          2205 	       435 	       5 	        1 	         0 	       6 	        6 	         0 	       7 	        6 	       510 	       1 	        1 	       420 	       2 	        1 	       420 	       3 	        1 	       420 	       4 	        1
   4689703 	     6897 	          03 	          2160 	       480 	       5 	        1 	         0 	       6 	        6 	         0 	       7 	        6 	       540 	       1 	        1 	       300 	       2 	        1 	       300 	       3 	        1 	       540 	       4 	        1
   4689704 	     6897 	          04 	          2040 	       420 	       5 	        1 	       300 	       6 	        1 	         0 	       7 	        6 	       420 	       1 	        1 	       240 	       2 	        1 	       240 	       3 	        1 	       420 	       4 	        1
   4690402 	     6904 	          02 	          2400 	       480 	       3 	        1 	       480 	       4 	        1 	       480 	       5 	        1 	         0 	       6 	        6 	         0 	       7 	        6 	       480 	       1 	        1 	       480 	       2 	        1
   4690501 	     6905 	          01 	           960 	         0 	       3 	        6 	       390 	       4 	        1 	       270 	       5 	        1 	         0 	       6 	        6 	         0 	       7 	        6 	       180 	       1 	        1 	       120 	       2 	        1
   4690502 	     6905 	          02 	          2400 	       480 	       3 	        1 	       480 	       4 	        1 	       480 	       5 	        1 	         0 	       6 	        6 	         0 	       7 	        6 	       480 	       1 	        1 	       480 	       2 	        1
   4691801 	     6918 	          01 	          1950 	       390 	       1 	        1 	       390 	       2 	        1 	       390 	       3 	        1 	       390 	       4 	        1 	       390 	       5 	        1 	         0 	       6 	        6 	         0 	       7 	        6
   4691901 	     6919 	          01 	          2400 	       480 	       5 	        1 	         0 	       6 	        6 	         0 	       7 	        6 	       480 	       1 	        1 	       480 	       2 	        1 	       480 	       3 	        1 	       480 	       4 	        1
   4692801 	     6928 	          01 	          2400 	       480 	       2 	        1 	       480 	       3 	        1 	       480 	       4 	        1 	       480 	       5 	        1 	         0 	       6 	        6 	         0 	       7 	        6 	       480 	       1 	        1
   4693501 	     6935 	          01 	          2715 	       540 	       5 	        1 	         0 	       6 	        6 	         0 	       7 	        6 	       540 	       1 	        1 	       540 	       2 	        1 	       540 	       3 	        1 	       555 	       4 	        1
   4693502 	     6935 	          02 	          2100 	       420 	       5 	        1 	         0 	       6 	        6 	         0 	       7 	        6 	       420 	       1 	        1 	       420 	       2 	        1 	       420 	       3 	        1 	       420 	       4 	        1
   4693902 	     6939 	          02 	          2220 	         0 	       6 	        6 	         0 	       7 	        6 	       420 	       1 	        1 	       480 	       2 	        1 	       420 	       3 	        1 	       480 	       4 	        1 	       420 	       5 	        1
   4693903 	     6939 	          03 	          2700 	         0 	       6 	        6 	         0 	       7 	        6 	       540 	       1 	        1 	       540 	       2 	        1 	       540 	       3 	        1 	       540 	       4 	        1 	       540 	       5 	        1
   4693904 	     6939 	          04 	          1800 	         0 	       6 	        6 	         0 	       7 	        6 	       360 	       1 	        1 	       360 	       2 	        1 	       360 	       3 	        1 	       360 	       4 	        1 	       360 	       5 	        1
   4694902 	     6949 	          02 	             0 	         0 	       7 	        6 	         0 	       1 	        6 	         0 	       2 	        6 	         0 	       3 	        6 	         0 	       4 	        6 	         0 	       5 	        6 	         0 	       6 	        6
   4695103 	     6951 	          03 	          1680 	       180 	       2 	        1 	       330 	       3 	        1 	         0 	       4 	        6 	       510 	       5 	        1 	       330 	       6 	        1 	         0 	       7 	        6 	       330 	       1 	        1
   4695201 	     6952 	          01 	          1320 	       330 	       2 	        1 	       330 	       3 	        1 	         0 	       4 	        6 	       330 	       5 	        1 	         0 	       6 	        6 	         0 	       7 	        6 	       330 	       1 	        1
   4695202 	     6952 	          02 	          1890 	       510 	       2 	        1 	       510 	       3 	        1 	         0 	       4 	        6 	       360 	       5 	        1 	         0 	       6 	        6 	         0 	       7 	        6 	       510 	       1 	        1
   4695901 	     6959 	          01 	          2130 	       420 	       2 	        1 	       420 	       3 	        1 	       450 	       4 	        1 	       420 	       5 	        1 	         0 	       6 	        6 	         0 	       7 	        6 	       420 	       1 	        1
   4695902 	     6959 	          02 	          2700 	       540 	       2 	        1 	       540 	       3 	        1 	       540 	       4 	        1 	         0 	       5 	        6 	         0 	       6 	        6 	       540 	       7 	        1 	       540 	       1 	        1
   4696502 	     6965 	          02 	          2250 	       450 	       1 	        1 	       450 	       2 	        1 	       450 	       3 	        1 	       450 	       4 	        1 	       450 	       5 	        1 	         0 	       6 	        6 	         0 	       7 	        6
   4699201 	     6992 	          01 	          2250 	       450 	       2 	        1 	       450 	       3 	        1 	       450 	       4 	        1 	       450 	       5 	        1 	         0 	       6 	        6 	         0 	       7 	        6 	       450 	       1 	        1
   4699202 	     6992 	          02 	          1740 	       420 	       2 	        1 	       420 	       3 	        1 	       420 	       4 	        1 	       480 	       5 	        1 	         0 	       6 	        6 	         0 	       7 	        6 	         0 	       1 	        6
   4700301 	     7003 	          01 	          2400 	         0 	       6 	        6 	         0 	       7 	        6 	       480 	       1 	        1 	       480 	       2 	        1 	       480 	       3 	        1 	       480 	       4 	        1 	       480 	       5 	        1
   4700401 	     7004 	          01 	          2400 	         0 	       7 	        6 	       480 	       1 	        1 	       480 	       2 	        1 	       480 	       3 	        1 	       480 	       4 	        1 	       480 	       5 	        1 	         0 	       6 	        6
   4700705 	     7007 	          05 	          2235 	       450 	       3 	        1 	       450 	       4 	        1 	       435 	       5 	        1 	         0 	       6 	        6 	         0 	       7 	        6 	       450 	       1 	        1 	       450 	       2 	        1
   4701701 	     7017 	          01 	          3420 	       495 	       2 	        1 	       495 	       3 	        1 	       480 	       4 	        1 	       480 	       5 	        1 	       495 	       6 	        1 	       495 	       7 	        1 	       480 	       1 	        1
   4703001 	     7030 	          01 	          1800 	       360 	       1 	        1 	       360 	       2 	        1 	       360 	       3 	        1 	       360 	       4 	        1 	       360 	       5 	        1 	         0 	       6 	        6 	         0 	       7 	        6
   4703002 	     7030 	          02 	          1800 	       360 	       1 	        1 	       360 	       2 	        1 	       360 	       3 	        1 	       360 	       4 	        1 	       360 	       5 	        1 	         0 	       6 	        6 	         0 	       7 	        6
   4703201 	     7032 	          01 	          2700 	       540 	       2 	        1 	       540 	       3 	        1 	       540 	       4 	        1 	         0 	       5 	        6 	         0 	       6 	        6 	       540 	       7 	        1 	       540 	       1 	        1
   4703202 	     7032 	          02 	          2700 	       540 	       2 	        1 	       540 	       3 	        1 	       540 	       4 	        1 	       540 	       5 	        1 	         0 	       6 	        6 	         0 	       7 	        6 	       540 	       1 	        1
   4703301 	     7033 	          01 	          2700 	       540 	       2 	        1 	       540 	       3 	        1 	       540 	       4 	        1 	       540 	       5 	        1 	         0 	       6 	        6 	         0 	       7 	        6 	       540 	       1 	        1
   4703302 	     7033 	          02 	          2700 	       540 	       2 	        1 	       540 	       3 	        1 	       540 	       4 	        1 	       540 	       5 	        1 	         0 	       6 	        6 	         0 	       7 	        6 	       540 	       1 	        1
   4703502 	     7035 	          02 	          3150 	         0 	       6 	        6 	         0 	       7 	        6 	       630 	       1 	        1 	       630 	       2 	        1 	       630 	       3 	        1 	       630 	       4 	        1 	       630 	       5 	        1
   4703601 	     7036 	          01 	          2280 	         0 	       7 	        6 	       420 	       1 	        1 	       420 	       2 	        1 	       420 	       3 	        1 	       630 	       4 	        1 	       390 	       5 	        1 	         0 	       6 	        6
   4703602 	     7036 	          02 	          2340 	         0 	       7 	        6 	       540 	       1 	        1 	       480 	       2 	        1 	       540 	       3 	        1 	       480 	       4 	        1 	       300 	       5 	        1 	         0 	       6 	        6
   4703801 	     7038 	          01 	          3150 	       630 	       1 	        1 	       630 	       2 	        1 	       630 	       3 	        1 	       630 	       4 	        1 	       630 	       5 	        1 	         0 	       6 	        6 	         0 	       7 	        6
   4704001 	     7040 	          01 	          3180 	       420 	       4 	        1 	       420 	       5 	        1 	       420 	       6 	        1 	       420 	       7 	        1 	       420 	       1 	        1 	       420 	       2 	        1 	       660 	       3 	        1
   4704201 	     7042 	          01 	          1740 	       480 	       6 	        1 	       240 	       7 	        1 	       360 	       1 	        1 	       480 	       2 	        1 	       180 	       3 	        1 	         0 	       4 	        6 	         0 	       5 	        6
   4704202 	     7042 	          02 	          1140 	         0 	       6 	        6 	         0 	       7 	        6 	       420 	       1 	        1 	       420 	       2 	        1 	       300 	       3 	        1 	         0 	       4 	        6 	         0 	       5 	        6
   4704401 	     7044 	          01 	          2850 	         0 	       7 	        6 	       570 	       1 	        1 	       570 	       2 	        1 	       570 	       3 	        1 	       570 	       4 	        1 	       570 	       5 	        1 	         0 	       6 	        6
   4704402 	     7044 	          02 	          2100 	         0 	       7 	        6 	       420 	       1 	        1 	       420 	       2 	        1 	       420 	       3 	        1 	       420 	       4 	        1 	       420 	       5 	        1 	         0 	       6 	        6
   4704403 	     7044 	          03 	          1980 	         0 	       7 	        6 	       660 	       1 	        1 	       660 	       2 	        1 	       150 	       3 	        1 	       510 	       4 	        1 	         0 	       5 	        6 	         0 	       6 	        6
   4704601 	     7046 	          01 	          2850 	       570 	       1 	        1 	       570 	       2 	        1 	       570 	       3 	        1 	       570 	       4 	        1 	       570 	       5 	        1 	         0 	       6 	        6 	         0 	       7 	        6
   4704602 	     7046 	          02 	          2850 	       570 	       1 	        1 	       570 	       2 	        1 	       570 	       3 	        1 	       570 	       4 	        1 	       570 	       5 	        1 	         0 	       6 	        6 	         0 	       7 	        6
   4704604 	     7046 	          04 	           630 	         0 	       1 	        6 	         0 	       2 	        6 	         0 	       3 	        6 	         0 	       4 	        6 	         0 	       5 	        6 	       360 	       6 	        1 	       270 	       7 	        1
   4704801 	     7048 	          01 	          1680 	       240 	       5 	        1 	         0 	       6 	        6 	         0 	       7 	        6 	       375 	       1 	        1 	       345 	       2 	        1 	       360 	       3 	        1 	       360 	       4 	        1
   4705101 	     7051 	          01 	          2700 	         0 	       6 	        6 	         0 	       7 	        6 	       540 	       1 	        1 	       540 	       2 	        1 	       540 	       3 	        1 	       540 	       4 	        1 	       540 	       5 	        1
   4705302 	     7053 	          02 	          2445 	       510 	       1 	        1 	       480 	       2 	        1 	       480 	       3 	        1 	       495 	       4 	        1 	       480 	       5 	        1 	         0 	       6 	        6 	         0 	       7 	        6
   4705601 	     7056 	          01 	          2550 	       510 	       5 	        1 	         0 	       6 	        6 	         0 	       7 	        6 	       510 	       1 	        1 	       510 	       2 	        1 	       510 	       3 	        1 	       510 	       4 	        1
   4705602 	     7056 	          02 	          2400 	       480 	       5 	        1 	         0 	       6 	        6 	         0 	       7 	        6 	       480 	       1 	        1 	       480 	       2 	        1 	       480 	       3 	        1 	       480 	       4 	        1
   4706001 	     7060 	          01 	          2460 	         0 	       6 	        6 	         0 	       7 	        6 	       540 	       1 	        1 	       540 	       2 	        1 	       540 	       3 	        1 	       540 	       4 	        1 	       300 	       5 	        1
   4707301 	     7073 	          01 	          1980 	       450 	       1 	        1 	       390 	       2 	        1 	       450 	       3 	        1 	       600 	       4 	        1 	        90 	       5 	        1 	         0 	       6 	        6 	         0 	       7 	        6
   4707302 	     7073 	          02 	          2040 	       360 	       1 	        1 	       420 	       2 	        1 	       420 	       3 	        1 	       420 	       4 	        1 	       420 	       5 	        1 	         0 	       6 	        6 	         0 	       7 	        6
   4707602 	     7076 	          02 	          2925 	       585 	       5 	        1 	         0 	       6 	        6 	         0 	       7 	        6 	       585 	       1 	        1 	       585 	       2 	        1 	       585 	       3 	        1 	       585 	       4 	        1
   4707701 	     7077 	          01 	          2520 	       540 	       5 	        1 	         0 	       6 	        6 	         0 	       7 	        6 	       480 	       1 	        1 	       480 	       2 	        1 	       480 	       3 	        1 	       540 	       4 	        1
   4707702 	     7077 	          02 	          2400 	       480 	       5 	        1 	         0 	       6 	        6 	         0 	       7 	        6 	       480 	       1 	        1 	       480 	       2 	        1 	       480 	       3 	        1 	       480 	       4 	        1
   4709301 	     7093 	          01 	           450 	         0 	       1 	        6 	         0 	       2 	        6 	         0 	       3 	        6 	         0 	       4 	        6 	       300 	       5 	        1 	       150 	       6 	        1 	         0 	       7 	        6
   4710501 	     7105 	          01 	          2280 	       420 	       2 	        1 	       420 	       3 	        1 	       420 	       4 	        1 	       420 	       5 	        1 	         0 	       6 	        6 	         0 	       7 	        6 	       600 	       1 	        1
   4710801 	     7108 	          01 	          2550 	       510 	       2 	        1 	       510 	       3 	        1 	       510 	       4 	        1 	       510 	       5 	        1 	         0 	       6 	        6 	         0 	       7 	        6 	       510 	       1 	        1
   4710802 	     7108 	          02 	          2550 	       510 	       2 	        1 	       510 	       3 	        1 	       510 	       4 	        1 	       510 	       5 	        1 	         0 	       6 	        6 	         0 	       7 	        6 	       510 	       1 	        1
   4711101 	     7111 	          01 	          1020 	       510 	       7 	        1 	         0 	       1 	        6 	         0 	       2 	        6 	         0 	       3 	        6 	         0 	       4 	        6 	         0 	       5 	        6 	       510 	       6 	        1
   4711701 	     7117 	          01 	          2100 	       420 	       5 	        1 	         0 	       6 	        6 	         0 	       7 	        6 	       420 	       1 	        1 	       420 	       2 	        1 	       420 	       3 	        1 	       420 	       4 	        1
   4711702 	     7117 	          02 	          2100 	       420 	       5 	        1 	         0 	       6 	        6 	         0 	       7 	        6 	       420 	       1 	        1 	       420 	       2 	        1 	       420 	       3 	        1 	       420 	       4 	        1
   4712002 	     7120 	          02 	          1500 	         0 	       6 	        6 	         0 	       7 	        6 	       300 	       1 	        1 	       300 	       2 	        1 	       300 	       3 	        1 	       300 	       4 	        1 	       300 	       5 	        1
   4713501 	     7135 	          01 	          3150 	       510 	       5 	        1 	       360 	       6 	        1 	         0 	       7 	        6 	       570 	       1 	        1 	       570 	       2 	        1 	       570 	       3 	        1 	       570 	       4 	        1
   4713502 	     7135 	          02 	          2550 	       450 	       5 	        1 	       300 	       6 	        1 	         0 	       7 	        6 	       450 	       1 	        1 	       450 	       2 	        1 	       450 	       3 	        1 	       450 	       4 	        1
   4714101 	     7141 	          01 	          2700 	         0 	       7 	        6 	       540 	       1 	        1 	       540 	       2 	        1 	       540 	       3 	        1 	       540 	       4 	        1 	       540 	       5 	        1 	         0 	       6 	        6
   4714102 	     7141 	          02 	          1740 	         0 	       7 	        6 	       540 	       1 	        1 	       300 	       2 	        1 	       300 	       3 	        1 	       300 	       4 	        1 	       300 	       5 	        1 	         0 	       6 	        6
   4714601 	     7146 	          01 	          1620 	         0 	       5 	        6 	         0 	       6 	        6 	         0 	       7 	        6 	         0 	       1 	        6 	       540 	       2 	        1 	       540 	       3 	        1 	       540 	       4 	        1
   4714602 	     7146 	          02 	          1260 	         0 	       5 	        6 	         0 	       6 	        6 	         0 	       7 	        6 	         0 	       1 	        6 	       420 	       2 	        1 	       420 	       3 	        1 	       420 	       4 	        1
   4714702 	     7147 	          02 	          1410 	         0 	       5 	        6 	         0 	       6 	        6 	         0 	       7 	        6 	         0 	       1 	        6 	       450 	       2 	        1 	       450 	       3 	        1 	       510 	       4 	        1
   4715002 	     7150 	          02 	          2190 	         0 	       6 	        6 	         0 	       7 	        6 	         0 	       1 	        6 	       540 	       2 	        1 	       540 	       3 	        1 	       570 	       4 	        1 	       540 	       5 	        1
   4715301 	     7153 	          01 	          2700 	       540 	       1 	        1 	       540 	       2 	        1 	       540 	       3 	        1 	       540 	       4 	        1 	       540 	       5 	        1 	         0 	       6 	        6 	         0 	       7 	        6
   4715302 	     7153 	          02 	          2700 	       540 	       1 	        1 	       540 	       2 	        1 	       540 	       3 	        1 	       540 	       4 	        1 	       540 	       5 	        1 	         0 	       6 	        6 	         0 	       7 	        6
   4715401 	     7154 	          01 	          2400 	         0 	       1 	        6 	       600 	       2 	        1 	       600 	       3 	        1 	       600 	       4 	        1 	       600 	       5 	        1 	         0 	       6 	        6 	         0 	       7 	        6
   4717201 	     7172 	          01 	           720 	       120 	       4 	        1 	       120 	       5 	        1 	         0 	       6 	        6 	         0 	       7 	        6 	       120 	       1 	        1 	       240 	       2 	        1 	       120 	       3 	        1
   4717701 	     7177 	          01 	          3900 	       660 	       1 	        1 	       600 	       2 	        1 	       600 	       3 	        1 	       600 	       4 	        1 	       660 	       5 	        1 	       600 	       6 	        1 	       180 	       7 	        1
   4717702 	     7177 	          02 	          4770 	       690 	       1 	        1 	       690 	       2 	        1 	       690 	       3 	        1 	       690 	       4 	        1 	       690 	       5 	        1 	       660 	       6 	        1 	       660 	       7 	        1
   4718001 	     7180 	          01 	          2400 	       480 	       3 	        1 	       480 	       4 	        1 	       480 	       5 	        1 	         0 	       6 	        6 	         0 	       7 	        6 	       480 	       1 	        1 	       480 	       2 	        1
   4719101 	     7191 	          01 	          2580 	       180 	       6 	        1 	         0 	       7 	        6 	       480 	       1 	        1 	       480 	       2 	        1 	       480 	       3 	        1 	       480 	       4 	        1 	       480 	       5 	        1
   4719201 	     7192 	          01 	          3570 	         0 	       7 	        6 	       600 	       1 	        1 	       600 	       2 	        1 	       600 	       3 	        1 	       600 	       4 	        1 	       600 	       5 	        1 	       570 	       6 	        1
   4719202 	     7192 	          02 	          5070 	       300 	       7 	        1 	       780 	       1 	        1 	       780 	       2 	        1 	       780 	       3 	        1 	       780 	       4 	        1 	       780 	       5 	        1 	       870 	       6 	        1
   4720201 	     7202 	          01 	          2580 	       420 	       1 	        1 	       420 	       2 	        1 	       420 	       3 	        1 	       420 	       4 	        1 	       420 	       5 	        1 	       480 	       6 	        1 	         0 	       7 	        6
   4721001 	     7210 	          01 	          1500 	       300 	       1 	        1 	       300 	       2 	        1 	       300 	       3 	        1 	       300 	       4 	        1 	       300 	       5 	        1 	         0 	       6 	        6 	         0 	       7 	        6
   4721002 	     7210 	          02 	          2940 	       600 	       1 	        1 	       540 	       2 	        1 	       480 	       3 	        1 	       720 	       4 	        1 	       600 	       5 	        1 	         0 	       6 	        6 	         0 	       7 	        6
   4721101 	     7211 	          01 	          2700 	       540 	       4 	        1 	       540 	       5 	        1 	       300 	       6 	        1 	         0 	       7 	        6 	       240 	       1 	        1 	       540 	       2 	        1 	       540 	       3 	        1
   4721203 	     7212 	          03 	          1200 	       240 	       4 	        1 	       240 	       5 	        1 	         0 	       6 	        6 	         0 	       7 	        6 	       240 	       1 	        1 	       240 	       2 	        1 	       240 	       3 	        1
   4722001 	     7220 	          01 	          5460 	       780 	       4 	        1 	       780 	       5 	        1 	       780 	       6 	        1 	       780 	       7 	        1 	       780 	       1 	        1 	       780 	       2 	        1 	       780 	       3 	        1
   4722802 	     7228 	          02 	          2400 	       480 	       5 	        1 	         0 	       6 	        6 	         0 	       7 	        6 	       480 	       1 	        1 	       480 	       2 	        1 	       480 	       3 	        1 	       480 	       4 	        1
   4724101 	     7241 	          01 	          1500 	       300 	       1 	        1 	       300 	       2 	        1 	       300 	       3 	        1 	       300 	       4 	        1 	       300 	       5 	        1 	         0 	       6 	        6 	         0 	       7 	        6
   4724102 	     7241 	          02 	          3720 	       960 	       1 	        1 	       420 	       2 	        1 	         0 	       3 	        6 	       960 	       4 	        1 	       420 	       5 	        1 	         0 	       6 	        6 	       960 	       7 	        1
   4725301 	     7253 	          01 	          3150 	       360 	       4 	        1 	       480 	       5 	        1 	         0 	       6 	        6 	       480 	       7 	        1 	       480 	       1 	        1 	       480 	       2 	        1 	       870 	       3 	        1
   4725302 	     7253 	          02 	          2250 	       570 	       4 	        1 	       420 	       5 	        1 	         0 	       6 	        6 	         0 	       7 	        6 	       420 	       1 	        1 	       420 	       2 	        1 	       420 	       3 	        1
   4725401 	     7254 	          01 	          2190 	       270 	       6 	        1 	         0 	       7 	        6 	       480 	       1 	        1 	         0 	       2 	        6 	       480 	       3 	        1 	       480 	       4 	        1 	       480 	       5 	        1
   4726001 	     7260 	          01 	          1845 	       465 	       4 	        1 	       420 	       5 	        1 	         0 	       6 	        6 	         0 	       7 	        6 	         0 	       1 	        6 	       480 	       2 	        1 	       480 	       3 	        1
   4726301 	     7263 	          01 	          2895 	       420 	       6 	        1 	       405 	       7 	        1 	       420 	       1 	        1 	       420 	       2 	        1 	       420 	       3 	        1 	       420 	       4 	        1 	       390 	       5 	        1
   4726502 	     7265 	          02 	           945 	         0 	       1 	        6 	       240 	       2 	        1 	       240 	       3 	        1 	       240 	       4 	        1 	       225 	       5 	        1 	         0 	       6 	        6 	         0 	       7 	        6
   4727201 	     7272 	          01 	          3255 	         0 	       7 	        6 	       540 	       1 	        1 	       540 	       2 	        1 	       540 	       3 	        1 	       555 	       4 	        1 	       540 	       5 	        1 	       540 	       6 	        1
   4727501 	     7275 	          01 	          1440 	       480 	       3 	        1 	       480 	       4 	        1 	       480 	       5 	        1 	         0 	       6 	        6 	         0 	       7 	        6 	         0 	       1 	        6 	         0 	       2 	        6
   4727502 	     7275 	          02 	          4965 	       600 	       3 	        1 	       660 	       4 	        1 	       600 	       5 	        1 	       960 	       6 	        1 	       840 	       7 	        1 	       570 	       1 	        1 	       735 	       2 	        1
   4727701 	     7277 	          01 	          2550 	       420 	       3 	        1 	       420 	       4 	        1 	       420 	       5 	        1 	       420 	       6 	        1 	         0 	       7 	        6 	       420 	       1 	        1 	       450 	       2 	        1
   4727901 	     7279 	          01 	          2010 	       270 	       6 	        1 	         0 	       7 	        6 	       360 	       1 	        1 	       360 	       2 	        1 	       300 	       3 	        1 	       360 	       4 	        1 	       360 	       5 	        1
   4728201 	     7282 	          01 	          2400 	       540 	       1 	        1 	       420 	       2 	        1 	       600 	       3 	        1 	       420 	       4 	        1 	       420 	       5 	        1 	         0 	       6 	        6 	         0 	       7 	        6
   4728202 	     7282 	          02 	          2250 	       450 	       1 	        1 	       450 	       2 	        1 	       450 	       3 	        1 	       450 	       4 	        1 	       450 	       5 	        1 	         0 	       6 	        6 	         0 	       7 	        6
   4728501 	     7285 	          01 	          3570 	       570 	       5 	        1 	       570 	       6 	        1 	       150 	       7 	        1 	       570 	       1 	        1 	       570 	       2 	        1 	       570 	       3 	        1 	       570 	       4 	        1
   4728502 	     7285 	          02 	          1920 	       300 	       5 	        1 	         0 	       6 	        6 	         0 	       7 	        6 	       450 	       1 	        1 	       450 	       2 	        1 	       360 	       3 	        1 	       360 	       4 	        1
   4729101 	     7291 	          01 	          2100 	       420 	       5 	        1 	         0 	       6 	        6 	         0 	       7 	        6 	       420 	       1 	        1 	       420 	       2 	        1 	       420 	       3 	        1 	       420 	       4 	        1
   4729601 	     7296 	          01 	          2700 	       480 	       1 	        1 	       480 	       2 	        1 	       480 	       3 	        1 	       480 	       4 	        1 	       480 	       5 	        1 	       300 	       6 	        1 	         0 	       7 	        6
   4730701 	     7307 	          01 	          1290 	       270 	       5 	        1 	         0 	       6 	        6 	         0 	       7 	        6 	       270 	       1 	        1 	       240 	       2 	        1 	       240 	       3 	        1 	       270 	       4 	        1
   4731001 	     7310 	          01 	          2175 	         0 	       6 	        6 	         0 	       7 	        6 	       420 	       1 	        1 	       435 	       2 	        1 	       450 	       3 	        1 	       390 	       4 	        1 	       480 	       5 	        1
   4731601 	     7316 	          01 	          2340 	       480 	       4 	        1 	       480 	       5 	        1 	         0 	       6 	        6 	         0 	       7 	        6 	       420 	       1 	        1 	       420 	       2 	        1 	       540 	       3 	        1
   4731602 	     7316 	          02 	          2580 	       450 	       4 	        1 	       450 	       5 	        1 	       330 	       6 	        1 	         0 	       7 	        6 	       450 	       1 	        1 	       450 	       2 	        1 	       450 	       3 	        1
   4731901 	     7319 	          01 	          2340 	         0 	       6 	        6 	         0 	       7 	        6 	       465 	       1 	        1 	       465 	       2 	        1 	       465 	       3 	        1 	       465 	       4 	        1 	       480 	       5 	        1
   4731902 	     7319 	          02 	          2325 	         0 	       6 	        6 	         0 	       7 	        6 	       465 	       1 	        1 	       465 	       2 	        1 	       465 	       3 	        1 	       465 	       4 	        1 	       465 	       5 	        1
   4731903 	     7319 	          03 	          2505 	        90 	       6 	        1 	        90 	       7 	        1 	       465 	       1 	        1 	       465 	       2 	        1 	       465 	       3 	        1 	       465 	       4 	        1 	       465 	       5 	        1
   4732301 	     7323 	          01 	          1200 	       240 	       3 	        1 	       240 	       4 	        1 	       240 	       5 	        1 	         0 	       6 	        6 	         0 	       7 	        6 	       240 	       1 	        1 	       240 	       2 	        1
   4732501 	     7325 	          01 	          2250 	       420 	       3 	        1 	       420 	       4 	        1 	       420 	       5 	        1 	         0 	       6 	        6 	         0 	       7 	        6 	       420 	       1 	        1 	       570 	       2 	        1
   4733602 	     7336 	          02 	          1755 	       180 	       7 	        1 	       240 	       1 	        1 	       240 	       2 	        1 	       240 	       3 	        1 	       240 	       4 	        1 	       240 	       5 	        1 	       375 	       6 	        1
   4733902 	     7339 	          02 	          3660 	       660 	       4 	        1 	       660 	       5 	        1 	       360 	       6 	        1 	         0 	       7 	        6 	       660 	       1 	        1 	       660 	       2 	        1 	       660 	       3 	        1
   4734201 	     7342 	          01 	           600 	         0 	       6 	        6 	         0 	       7 	        6 	       120 	       1 	        1 	       120 	       2 	        1 	       120 	       3 	        1 	       120 	       4 	        1 	       120 	       5 	        1
   4734701 	     7347 	          01 	          3000 	       600 	       3 	        1 	       600 	       4 	        1 	       600 	       5 	        1 	         0 	       6 	        6 	         0 	       7 	        6 	       600 	       1 	        1 	       600 	       2 	        1
   4736001 	     7360 	          01 	          3480 	         0 	       7 	        6 	       480 	       1 	        1 	       720 	       2 	        1 	       660 	       3 	        1 	       660 	       4 	        1 	       600 	       5 	        1 	       360 	       6 	        1
   4736002 	     7360 	          02 	             0 	         0 	       7 	        6 	         0 	       1 	        6 	         0 	       2 	        6 	         0 	       3 	        6 	         0 	       4 	        6 	         0 	       5 	        6 	         0 	       6 	        6
   4736201 	     7362 	          01 	          2880 	       480 	       1 	        1 	       480 	       2 	        1 	       480 	       3 	        1 	       480 	       4 	        1 	       480 	       5 	        1 	       480 	       6 	        1 	         0 	       7 	        6
   4736202 	     7362 	          02 	          2280 	       480 	       1 	        1 	       480 	       2 	        1 	       480 	       3 	        1 	       420 	       4 	        1 	       420 	       5 	        1 	         0 	       6 	        6 	         0 	       7 	        6
   4736304 	     7363 	          04 	          3060 	       540 	       3 	        1 	       540 	       4 	        1 	       540 	       5 	        1 	       360 	       6 	        1 	         0 	       7 	        6 	       540 	       1 	        1 	       540 	       2 	        1
   4736305 	     7363 	          05 	          3060 	       540 	       3 	        1 	       540 	       4 	        1 	       540 	       5 	        1 	       360 	       6 	        1 	         0 	       7 	        6 	       540 	       1 	        1 	       540 	       2 	        1
   4737201 	     7372 	          01 	          2400 	       480 	       4 	        1 	       480 	       5 	        1 	         0 	       6 	        6 	         0 	       7 	        6 	       480 	       1 	        1 	       480 	       2 	        1 	       480 	       3 	        1
   4737501 	     7375 	          01 	          4920 	       720 	       7 	        1 	       840 	       1 	        1 	       840 	       2 	        1 	       840 	       3 	        1 	       840 	       4 	        1 	       840 	       5 	        1 	         0 	       6 	        6
   4737502 	     7375 	          02 	          4140 	       600 	       7 	        1 	       660 	       1 	        1 	       660 	       2 	        1 	       690 	       3 	        1 	       660 	       4 	        1 	       690 	       5 	        1 	       180 	       6 	        1
   4737503 	     7375 	          03 	           180 	         0 	       7 	        6 	         0 	       1 	        6 	         0 	       2 	        6 	         0 	       3 	        6 	       180 	       4 	        1 	         0 	       5 	        6 	         0 	       6 	        6
   4737702 	     7377 	          02 	          1725 	       345 	       1 	        1 	       345 	       2 	        1 	       345 	       3 	        1 	       345 	       4 	        1 	       345 	       5 	        1 	         0 	       6 	        6 	         0 	       7 	        6
   4738201 	     7382 	          01 	          1740 	         0 	       6 	        6 	         0 	       7 	        6 	       480 	       1 	        1 	       480 	       2 	        1 	       480 	       3 	        1 	         0 	       4 	        6 	       300 	       5 	        1
   4738202 	     7382 	          02 	          1200 	         0 	       6 	        6 	         0 	       7 	        6 	       240 	       1 	        1 	       240 	       2 	        1 	       240 	       3 	        1 	       240 	       4 	        1 	       240 	       5 	        1
   4739602 	     7396 	          02 	          1920 	       480 	       3 	        1 	       480 	       4 	        1 	       480 	       5 	        1 	         0 	       6 	        6 	         0 	       7 	        6 	       480 	       1 	        1 	         0 	       2 	        6
   4739603 	     7396 	          03 	          2700 	       540 	       3 	        1 	       540 	       4 	        1 	       540 	       5 	        1 	         0 	       6 	        6 	         0 	       7 	        6 	       540 	       1 	        1 	       540 	       2 	        1
   4739702 	     7397 	          02 	          2400 	       480 	       3 	        1 	       480 	       4 	        1 	       480 	       5 	        1 	         0 	       6 	        6 	         0 	       7 	        6 	       480 	       1 	        1 	       480 	       2 	        1
   4739703 	     7397 	          03 	          2400 	       480 	       3 	        1 	       480 	       4 	        1 	       480 	       5 	        1 	         0 	       6 	        6 	         0 	       7 	        6 	       480 	       1 	        1 	       480 	       2 	        1
   4740601 	     7406 	          01 	          2550 	        75 	       6 	        1 	        75 	       7 	        1 	       480 	       1 	        1 	       480 	       2 	        1 	       480 	       3 	        1 	       480 	       4 	        1 	       480 	       5 	        1
   4740603 	     7406 	          03 	          2460 	         0 	       6 	        6 	         0 	       7 	        6 	       480 	       1 	        1 	       540 	       2 	        1 	       480 	       3 	        1 	       480 	       4 	        1 	       480 	       5 	        1
   4740801 	     7408 	          01 	          4050 	       780 	       7 	        1 	         0 	       1 	        6 	       360 	       2 	        1 	       540 	       3 	        1 	       540 	       4 	        1 	       960 	       5 	        1 	       870 	       6 	        1
   4740802 	     7408 	          02 	          4140 	       780 	       7 	        1 	         0 	       1 	        6 	       360 	       2 	        1 	       540 	       3 	        1 	       540 	       4 	        1 	      1080 	       5 	        1 	       840 	       6 	        1
   4741101 	     7411 	          01 	          2280 	       390 	       3 	        1 	       390 	       4 	        1 	       480 	       5 	        1 	       240 	       6 	        1 	         0 	       7 	        6 	       390 	       1 	        1 	       390 	       2 	        1
   4741201 	     7412 	          01 	           240 	         0 	       3 	        1 	        60 	       4 	        1 	        60 	       5 	        1 	         0 	       6 	        6 	         0 	       7 	        6 	        60 	       1 	        1 	        60 	       2 	        1
   4741501 	     7415 	          01 	           300 	         0 	       6 	        6 	         0 	       7 	        6 	        60 	       1 	        1 	        60 	       2 	        1 	        90 	       3 	        1 	        90 	       4 	        1 	         0 	       5 	        6
   4742901 	     7429 	          01 	          2520 	       510 	       4 	        1 	       510 	       5 	        1 	         0 	       6 	        6 	         0 	       7 	        6 	       480 	       1 	        1 	       510 	       2 	        1 	       510 	       3 	        1
   4743001 	     7430 	          01 	          2250 	         0 	       6 	        6 	         0 	       7 	        6 	       450 	       1 	        1 	       450 	       2 	        1 	       450 	       3 	        1 	       450 	       4 	        1 	       450 	       5 	        1
   4743202 	     7432 	          02 	          3960 	       420 	       7 	        1 	       720 	       1 	        1 	       720 	       2 	        1 	       720 	       3 	        1 	       300 	       4 	        1 	       360 	       5 	        1 	       720 	       6 	        1
   4743801 	     7438 	          01 	          2640 	       240 	       6 	        1 	         0 	       7 	        6 	       480 	       1 	        1 	       480 	       2 	        1 	       480 	       3 	        1 	       480 	       4 	        1 	       480 	       5 	        1
   4744301 	     7443 	          01 	          3120 	        60 	       3 	        1 	       900 	       4 	        1 	       900 	       5 	        1 	       420 	       6 	        1 	         0 	       7 	        6 	         0 	       1 	        6 	       840 	       2 	        1
   4744303 	     7443 	          03 	          2400 	       600 	       3 	        1 	       600 	       4 	        1 	       600 	       5 	        1 	         0 	       6 	        6 	         0 	       7 	        6 	         0 	       1 	        6 	       600 	       2 	        1
   4744304 	     7443 	          04 	          2400 	       600 	       3 	        1 	       600 	       4 	        1 	       600 	       5 	        1 	         0 	       6 	        6 	         0 	       7 	        6 	         0 	       1 	        6 	       600 	       2 	        1
   4745701 	     7457 	          01 	          2580 	         0 	       7 	        6 	         0 	       1 	        6 	       360 	       2 	        1 	       360 	       3 	        1 	       420 	       4 	        1 	       660 	       5 	        1 	       780 	       6 	        1
   4747703 	     7477 	          03 	          4350 	       630 	       2 	        1 	       630 	       3 	        1 	       510 	       4 	        1 	       630 	       5 	        1 	       660 	       6 	        1 	       660 	       7 	        1 	       630 	       1 	        1
   4747801 	     7478 	          01 	          2400 	         0 	       6 	        6 	         0 	       7 	        6 	       600 	       1 	        1 	       600 	       2 	        1 	       600 	       3 	        1 	       600 	       4 	        1 	         0 	       5 	        6
   4747802 	     7478 	          02 	          1455 	         0 	       6 	        6 	         0 	       7 	        6 	       450 	       1 	        1 	       180 	       2 	        1 	       480 	       3 	        1 	         0 	       4 	        6 	       345 	       5 	        1
   4747804 	     7478 	          04 	          1800 	         0 	       6 	        6 	         0 	       7 	        6 	         0 	       1 	        6 	         0 	       2 	        6 	       600 	       3 	        1 	       600 	       4 	        1 	       600 	       5 	        1
   4747805 	     7478 	          05 	          1800 	         0 	       6 	        6 	         0 	       7 	        6 	         0 	       1 	        6 	       600 	       2 	        1 	       600 	       3 	        1 	         0 	       4 	        6 	       600 	       5 	        1
   4748003 	     7480 	          03 	           915 	         0 	       7 	        6 	         0 	       1 	        6 	         0 	       2 	        6 	         0 	       3 	        6 	       360 	       4 	        1 	       360 	       5 	        1 	       195 	       6 	        1
   4748004 	     7480 	          04 	          3300 	         0 	       7 	        6 	       660 	       1 	        1 	       660 	       2 	        1 	       660 	       3 	        1 	       660 	       4 	        1 	       660 	       5 	        1 	         0 	       6 	        6
   4748401 	     7484 	          01 	          2700 	       420 	       5 	        1 	       360 	       6 	        1 	       360 	       7 	        1 	       360 	       1 	        1 	       420 	       2 	        1 	       420 	       3 	        1 	       360 	       4 	        1
   4748402 	     7484 	          02 	          2700 	       420 	       5 	        1 	       360 	       6 	        1 	       360 	       7 	        1 	       360 	       1 	        1 	       420 	       2 	        1 	       420 	       3 	        1 	       360 	       4 	        1
   4748501 	     7485 	          01 	          3990 	       690 	       5 	        1 	       870 	       6 	        1 	       180 	       7 	        1 	         0 	       1 	        6 	       750 	       2 	        1 	       750 	       3 	        1 	       750 	       4 	        1
   4748701 	     7487 	          01 	          2700 	         0 	       6 	        6 	         0 	       7 	        6 	       540 	       1 	        1 	       540 	       2 	        1 	       540 	       3 	        1 	       540 	       4 	        1 	       540 	       5 	        1
   4749301 	     7493 	          01 	           540 	         0 	       2 	        6 	         0 	       3 	        6 	         0 	       4 	        6 	         0 	       5 	        6 	         0 	       6 	        6 	         0 	       7 	        6 	       540 	       1 	        1
   4750102 	     7501 	          02 	          2910 	       690 	       2 	        1 	       510 	       3 	        1 	       510 	       4 	        1 	       690 	       5 	        1 	         0 	       6 	        6 	         0 	       7 	        6 	       510 	       1 	        1
   4750502 	     7505 	          02 	          2400 	       480 	       1 	        1 	       480 	       2 	        1 	       480 	       3 	        1 	       480 	       4 	        1 	       480 	       5 	        1 	         0 	       6 	        6 	         0 	       7 	        6
   4751101 	     7511 	          01 	          3180 	       240 	       6 	        1 	       240 	       7 	        1 	       600 	       1 	        1 	       600 	       2 	        1 	       600 	       3 	        1 	       600 	       4 	        1 	       300 	       5 	        1
   4751301 	     7513 	          01 	          2700 	         0 	       1 	        6 	         0 	       2 	        6 	       540 	       3 	        1 	       540 	       4 	        1 	       540 	       5 	        1 	       540 	       6 	        1 	       540 	       7 	        1
   4751601 	     7516 	          01 	          5040 	       960 	       4 	        1 	       960 	       5 	        1 	      1020 	       6 	        1 	       660 	       7 	        1 	       480 	       1 	        1 	       480 	       2 	        1 	       480 	       3 	        1
   4751602 	     7516 	          02 	          5520 	       960 	       4 	        1 	       960 	       5 	        1 	      1020 	       6 	        1 	       660 	       7 	        1 	       960 	       1 	        1 	       480 	       2 	        1 	       480 	       3 	        1
   4751603 	     7516 	          03 	          3600 	       480 	       4 	        1 	       600 	       5 	        1 	       720 	       6 	        1 	       720 	       7 	        1 	       360 	       1 	        1 	       360 	       2 	        1 	       360 	       3 	        1
   4751604 	     7516 	          04 	          3600 	       480 	       4 	        1 	       600 	       5 	        1 	       720 	       6 	        1 	       720 	       7 	        1 	       360 	       1 	        1 	       360 	       2 	        1 	       360 	       3 	        1
   4751801 	     7518 	          01 	          2520 	         0 	       6 	        6 	         0 	       7 	        6 	       480 	       1 	        1 	       480 	       2 	        1 	       480 	       3 	        1 	       600 	       4 	        1 	       480 	       5 	        1
   4751802 	     7518 	          02 	          2400 	         0 	       6 	        6 	         0 	       7 	        6 	       480 	       1 	        1 	       480 	       2 	        1 	       480 	       3 	        1 	       480 	       4 	        1 	       480 	       5 	        1
   4751901 	     7519 	          01 	          3000 	         0 	       6 	        6 	         0 	       7 	        6 	       720 	       1 	        1 	       720 	       2 	        1 	       720 	       3 	        1 	       720 	       4 	        1 	       120 	       5 	        1
   4751902 	     7519 	          02 	          2700 	         0 	       6 	        6 	         0 	       7 	        6 	       540 	       1 	        1 	       540 	       2 	        1 	       540 	       3 	        1 	       540 	       4 	        1 	       540 	       5 	        1
   4752701 	     7527 	          01 	          1680 	       600 	       6 	        1 	         0 	       7 	        6 	       180 	       1 	        1 	       180 	       2 	        1 	       360 	       3 	        1 	       360 	       4 	        1 	         0 	       5 	        6
   4752702 	     7527 	          02 	          1920 	         0 	       6 	        6 	         0 	       7 	        6 	       480 	       1 	        1 	       480 	       2 	        1 	       480 	       3 	        1 	       480 	       4 	        1 	         0 	       5 	        6
   4753001 	     7530 	          01 	          3060 	       540 	       1 	        1 	       540 	       2 	        1 	       540 	       3 	        1 	       540 	       4 	        1 	       540 	       5 	        1 	       360 	       6 	        1 	         0 	       7 	        6
   4753002 	     7530 	          02 	          3000 	       480 	       1 	        1 	       480 	       2 	        1 	       480 	       3 	        1 	       480 	       4 	        1 	       480 	       5 	        1 	       120 	       6 	        1 	       480 	       7 	        1
   4753201 	     7532 	          01 	          2160 	       480 	       3 	        1 	       480 	       4 	        1 	       240 	       5 	        1 	         0 	       6 	        6 	         0 	       7 	        6 	       480 	       1 	        1 	       480 	       2 	        1
   4753301 	     7533 	          01 	          2160 	       540 	       3 	        1 	       600 	       4 	        1 	         0 	       5 	        6 	         0 	       6 	        6 	         0 	       7 	        6 	       540 	       1 	        1 	       480 	       2 	        1
   4754601 	     7546 	          01 	          2100 	       420 	       1 	        1 	       420 	       2 	        1 	       420 	       3 	        1 	       420 	       4 	        1 	       420 	       5 	        1 	         0 	       6 	        6 	         0 	       7 	        6
   4754602 	     7546 	          02 	          2100 	       420 	       1 	        1 	       420 	       2 	        1 	       420 	       3 	        1 	       420 	       4 	        1 	       420 	       5 	        1 	         0 	       6 	        6 	         0 	       7 	        6
   4755602 	     7556 	          02 	          2400 	       600 	       2 	        1 	       600 	       3 	        1 	         0 	       4 	        6 	       600 	       5 	        1 	         0 	       6 	        6 	       600 	       7 	        1 	         0 	       1 	        6
   4755901 	     7559 	          01 	          2940 	       240 	       6 	        1 	         0 	       7 	        6 	       540 	       1 	        1 	       540 	       2 	        1 	       540 	       3 	        1 	       540 	       4 	        1 	       540 	       5 	        1
   4755902 	     7559 	          02 	          2400 	       300 	       6 	        1 	         0 	       7 	        6 	       420 	       1 	        1 	       420 	       2 	        1 	       420 	       3 	        1 	       420 	       4 	        1 	       420 	       5 	        1
   4757301 	     7573 	          01 	          2400 	       480 	       3 	        1 	       480 	       4 	        1 	       480 	       5 	        1 	         0 	       6 	        6 	         0 	       7 	        6 	       480 	       1 	        1 	       480 	       2 	        1
   4757302 	     7573 	          02 	          2640 	       360 	       3 	        1 	       360 	       4 	        1 	       360 	       5 	        1 	       540 	       6 	        1 	       660 	       7 	        1 	         0 	       1 	        6 	       360 	       2 	        1
   4757402 	     7574 	          02 	          2160 	       360 	       6 	        1 	         0 	       7 	        6 	       360 	       1 	        1 	       360 	       2 	        1 	       360 	       3 	        1 	       360 	       4 	        1 	       360 	       5 	        1
   4757901 	     7579 	          01 	          2610 	       435 	       2 	        1 	       435 	       3 	        1 	       435 	       4 	        1 	         0 	       5 	        6 	       435 	       6 	        1 	       435 	       7 	        1 	       435 	       1 	        1
   4758701 	     7587 	          01 	          2610 	       435 	       1 	        1 	       435 	       2 	        1 	       435 	       3 	        1 	       435 	       4 	        1 	       435 	       5 	        1 	       435 	       6 	        1 	         0 	       7 	        6
   4758702 	     7587 	          02 	          2610 	       435 	       1 	        1 	       435 	       2 	        1 	       435 	       3 	        1 	       435 	       4 	        1 	       435 	       5 	        1 	       435 	       6 	        1 	         0 	       7 	        6
   4760602 	     7606 	          02 	          2100 	         0 	       7 	        6 	       420 	       1 	        1 	       420 	       2 	        1 	         0 	       3 	        6 	       420 	       4 	        1 	       420 	       5 	        1 	       420 	       6 	        1
   4760902 	     7609 	          02 	          1410 	       330 	       2 	        1 	       330 	       3 	        1 	       240 	       4 	        1 	       330 	       5 	        1 	         0 	       6 	        6 	         0 	       7 	        6 	       180 	       1 	        1
   4761301 	     7613 	          01 	           600 	         0 	       6 	        6 	         0 	       7 	        6 	       150 	       1 	        1 	       150 	       2 	        1 	       150 	       3 	        1 	         0 	       4 	        6 	       150 	       5 	        1
   4761302 	     7613 	          02 	          2280 	         0 	       6 	        6 	         0 	       7 	        6 	       480 	       1 	        1 	       480 	       2 	        1 	       480 	       3 	        1 	       480 	       4 	        1 	       360 	       5 	        1
   4761801 	     7618 	          01 	          3000 	       600 	       1 	        1 	       600 	       2 	        1 	       600 	       3 	        1 	       600 	       4 	        1 	       600 	       5 	        1 	         0 	       6 	        6 	         0 	       7 	        6
   4761803 	     7618 	          03 	          2220 	       540 	       1 	        1 	       420 	       2 	        1 	       420 	       3 	        1 	       420 	       4 	        1 	       420 	       5 	        1 	         0 	       6 	        6 	         0 	       7 	        6
   4762101 	     7621 	          01 	          2700 	       540 	       5 	        1 	         0 	       6 	        6 	         0 	       7 	        6 	       540 	       1 	        1 	       540 	       2 	        1 	       540 	       3 	        1 	       540 	       4 	        1
   4762601 	     7626 	          01 	          2400 	         0 	       7 	        6 	       480 	       1 	        1 	       480 	       2 	        1 	       480 	       3 	        1 	       480 	       4 	        1 	       480 	       5 	        1 	         0 	       6 	        6
   4762801 	     7628 	          01 	          2820 	       420 	       1 	        1 	       420 	       2 	        1 	       420 	       3 	        1 	       420 	       4 	        1 	       420 	       5 	        1 	         0 	       6 	        6 	       720 	       7 	        1
   4763101 	     7631 	          01 	          2250 	       420 	       5 	        1 	         0 	       6 	        6 	         0 	       7 	        6 	       420 	       1 	        1 	       420 	       2 	        1 	       420 	       3 	        1 	       570 	       4 	        1
   4763502 	     7635 	          02 	          3420 	         0 	       7 	        6 	       570 	       1 	        1 	       570 	       2 	        1 	       570 	       3 	        1 	       570 	       4 	        1 	       570 	       5 	        1 	       570 	       6 	        1
   4764201 	     7642 	          01 	           810 	         0 	       6 	        6 	         0 	       7 	        6 	         0 	       1 	        6 	         0 	       2 	        6 	       270 	       3 	        1 	       270 	       4 	        1 	       270 	       5 	        1
   4764202 	     7642 	          02 	           780 	         0 	       6 	        6 	         0 	       7 	        6 	         0 	       1 	        6 	         0 	       2 	        6 	         0 	       3 	        6 	       390 	       4 	        1 	       390 	       5 	        1
   4765201 	     7652 	          01 	          1440 	         0 	       7 	        6 	       300 	       1 	        1 	       300 	       2 	        1 	       450 	       3 	        1 	       120 	       4 	        1 	       270 	       5 	        1 	         0 	       6 	        6
   4765202 	     7652 	          02 	          2400 	         0 	       7 	        6 	       480 	       1 	        1 	       480 	       2 	        1 	       480 	       3 	        1 	       480 	       4 	        1 	       480 	       5 	        1 	         0 	       6 	        6
   4766201 	     7662 	          01 	          3150 	       420 	       1 	        1 	       420 	       2 	        1 	       420 	       3 	        1 	       420 	       4 	        1 	       420 	       5 	        1 	         0 	       6 	        6 	      1050 	       7 	        1
   4766202 	     7662 	          02 	          3120 	       540 	       1 	        1 	       540 	       2 	        1 	       540 	       3 	        1 	       540 	       4 	        1 	       540 	       5 	        1 	       240 	       6 	        1 	       180 	       7 	        1
   4768801 	     7688 	          01 	          3000 	       600 	       2 	        1 	       600 	       3 	        1 	       600 	       4 	        1 	       600 	       5 	        1 	         0 	       6 	        6 	         0 	       7 	        6 	       600 	       1 	        1
   4769102 	     7691 	          02 	          2400 	         0 	       6 	        6 	         0 	       7 	        6 	       480 	       1 	        1 	       480 	       2 	        1 	       480 	       3 	        1 	       480 	       4 	        1 	       480 	       5 	        1
   4770102 	     7701 	          02 	          2880 	       480 	       1 	        1 	       480 	       2 	        1 	       480 	       3 	        1 	       480 	       4 	        1 	       480 	       5 	        1 	         0 	       6 	        6 	       480 	       7 	        1
   4770302 	     7703 	          02 	          1200 	       240 	       5 	        1 	         0 	       6 	        6 	         0 	       7 	        6 	       240 	       1 	        1 	       240 	       2 	        1 	       240 	       3 	        1 	       240 	       4 	        1
   4771101 	     7711 	          01 	          1500 	       300 	       3 	        1 	       300 	       4 	        1 	       300 	       5 	        1 	         0 	       6 	        6 	         0 	       7 	        6 	       300 	       1 	        1 	       300 	       2 	        1
   4771102 	     7711 	          02 	          2550 	       510 	       3 	        1 	       510 	       4 	        1 	       510 	       5 	        1 	         0 	       6 	        6 	         0 	       7 	        6 	       510 	       1 	        1 	       510 	       2 	        1
   4772202 	     7722 	          02 	             0 	         0 	       3 	        6 	         0 	       4 	        6 	         0 	       5 	        6 	         0 	       6 	        6 	         0 	       7 	        6 	         0 	       1 	        6 	         0 	       2 	        6
   4772901 	     7729 	          01 	             0 	         0 	       1 	        6 	         0 	       2 	        6 	         0 	       3 	        6 	         0 	       4 	        6 	         0 	       5 	        6 	         0 	       6 	        6 	         0 	       7 	        6
   4773401 	     7734 	          01 	          1350 	       270 	       3 	        1 	       270 	       4 	        1 	       270 	       5 	        1 	         0 	       6 	        6 	         0 	       7 	        6 	       270 	       1 	        1 	       270 	       2 	        1
   4773402 	     7734 	          02 	          3000 	       600 	       3 	        1 	       600 	       4 	        1 	       600 	       5 	        1 	         0 	       6 	        6 	         0 	       7 	        6 	       600 	       1 	        1 	       600 	       2 	        1
   4774101 	     7741 	          01 	          2475 	       495 	       4 	        1 	       495 	       5 	        1 	         0 	       6 	        6 	         0 	       7 	        6 	       495 	       1 	        1 	       495 	       2 	        1 	       495 	       3 	        1
   4774103 	     7741 	          03 	          2940 	       375 	       4 	        1 	       420 	       5 	        1 	       600 	       6 	        1 	         0 	       7 	        6 	       585 	       1 	        1 	       480 	       2 	        1 	       480 	       3 	        1
   4774602 	     7746 	          02 	          2400 	         0 	       6 	        6 	         0 	       7 	        6 	       480 	       1 	        1 	       480 	       2 	        1 	       480 	       3 	        1 	       480 	       4 	        1 	       480 	       5 	        1
   4775202 	     7752 	          02 	           720 	         0 	       3 	        6 	         0 	       4 	        6 	         0 	       5 	        6 	         0 	       6 	        6 	         0 	       7 	        6 	       360 	       1 	        1 	       360 	       2 	        1
   4777301 	     7773 	          01 	          2400 	       480 	       4 	        1 	       480 	       5 	        1 	         0 	       6 	        6 	         0 	       7 	        6 	       480 	       1 	        1 	       480 	       2 	        1 	       480 	       3 	        1
   4777401 	     7774 	          01 	          1080 	         0 	       4 	        6 	         0 	       5 	        6 	         0 	       6 	        6 	         0 	       7 	        6 	       360 	       1 	        1 	       360 	       2 	        1 	       360 	       3 	        1
   4777402 	     7774 	          02 	          1035 	         0 	       4 	        6 	         0 	       5 	        6 	         0 	       6 	        6 	         0 	       7 	        6 	       345 	       1 	        1 	       345 	       2 	        1 	       345 	       3 	        1
   4777601 	     7776 	          01 	          2175 	         0 	       6 	        6 	         0 	       7 	        6 	       450 	       1 	        1 	       420 	       2 	        1 	       450 	       3 	        1 	       435 	       4 	        1 	       420 	       5 	        1
   4777602 	     7776 	          02 	           480 	         0 	       6 	        6 	         0 	       7 	        6 	         0 	       1 	        6 	         0 	       2 	        6 	         0 	       3 	        6 	         0 	       4 	        6 	       480 	       5 	        1
   4778101 	     7781 	          01 	          2640 	       480 	       5 	        1 	       240 	       6 	        1 	         0 	       7 	        6 	       480 	       1 	        1 	       480 	       2 	        1 	       480 	       3 	        1 	       480 	       4 	        1
   4778102 	     7781 	          02 	          3600 	       600 	       5 	        1 	       660 	       6 	        1 	         0 	       7 	        6 	       540 	       1 	        1 	       600 	       2 	        1 	       600 	       3 	        1 	       600 	       4 	        1
   4778201 	     7782 	          01 	          2400 	       480 	       5 	        1 	         0 	       6 	        6 	         0 	       7 	        6 	       480 	       1 	        1 	       480 	       2 	        1 	       480 	       3 	        1 	       480 	       4 	        1
   4778901 	     7789 	          01 	          1200 	       270 	       3 	        1 	         0 	       4 	        6 	       420 	       5 	        1 	         0 	       6 	        6 	         0 	       7 	        6 	       510 	       1 	        1 	         0 	       2 	        6
   4778903 	     7789 	          03 	           600 	         0 	       3 	        6 	         0 	       4 	        6 	         0 	       5 	        6 	         0 	       6 	        6 	         0 	       7 	        6 	       420 	       1 	        1 	       180 	       2 	        1
   4779202 	     7792 	          02 	          1920 	         0 	       6 	        6 	         0 	       7 	        6 	       480 	       1 	        1 	       480 	       2 	        1 	       480 	       3 	        1 	         0 	       4 	        6 	       480 	       5 	        1
   4779401 	     7794 	          01 	          2850 	         0 	       7 	        6 	       540 	       1 	        1 	       555 	       2 	        1 	       585 	       3 	        1 	       570 	       4 	        1 	       360 	       5 	        1 	       240 	       6 	        1
   4779402 	     7794 	          02 	          3045 	         0 	       7 	        6 	       630 	       1 	        1 	       630 	       2 	        1 	       630 	       3 	        1 	       615 	       4 	        1 	       540 	       5 	        1 	         0 	       6 	        6
   4779701 	     7797 	          01 	          2325 	       465 	       4 	        1 	       465 	       5 	        1 	         0 	       6 	        6 	         0 	       7 	        6 	       465 	       1 	        1 	       465 	       2 	        1 	       465 	       3 	        1
   4779702 	     7797 	          02 	          2280 	       450 	       4 	        1 	       450 	       5 	        1 	         0 	       6 	        6 	         0 	       7 	        6 	       450 	       1 	        1 	       465 	       2 	        1 	       465 	       3 	        1
   4779801 	     7798 	          01 	          6090 	       870 	       4 	        1 	       900 	       5 	        1 	       960 	       6 	        1 	       780 	       7 	        1 	       840 	       1 	        1 	       870 	       2 	        1 	       870 	       3 	        1
   4779802 	     7798 	          02 	           630 	        90 	       4 	        1 	        90 	       5 	        1 	        90 	       6 	        1 	        90 	       7 	        1 	        90 	       1 	        1 	        90 	       2 	        1 	        90 	       3 	        1
   4779803 	     7798 	          03 	           540 	        60 	       4 	        1 	        90 	       5 	        1 	       120 	       6 	        1 	        90 	       7 	        1 	        60 	       1 	        1 	        60 	       2 	        1 	        60 	       3 	        1
   4781302 	     7813 	          02 	          2250 	       570 	       3 	        1 	       420 	       4 	        1 	       420 	       5 	        1 	         0 	       6 	        6 	         0 	       7 	        6 	       420 	       1 	        1 	       420 	       2 	        1
   4782101 	     7821 	          01 	          3000 	       570 	       3 	        1 	       570 	       4 	        1 	       570 	       5 	        1 	       150 	       6 	        1 	         0 	       7 	        6 	       570 	       1 	        1 	       570 	       2 	        1
   4782102 	     7821 	          02 	          1200 	       240 	       3 	        1 	       240 	       4 	        1 	       240 	       5 	        1 	         0 	       6 	        6 	         0 	       7 	        6 	       240 	       1 	        1 	       240 	       2 	        1
   4782501 	     7825 	          01 	          1200 	         0 	       6 	        6 	         0 	       7 	        6 	       240 	       1 	        1 	       240 	       2 	        1 	       240 	       3 	        1 	       240 	       4 	        1 	       240 	       5 	        1
   4783201 	     7832 	          01 	           900 	       180 	       6 	        1 	         0 	       7 	        6 	         0 	       1 	        6 	       180 	       2 	        1 	       180 	       3 	        1 	       180 	       4 	        1 	       180 	       5 	        1
   4784501 	     7845 	          01 	          3405 	       675 	       3 	        1 	       675 	       4 	        1 	       675 	       5 	        1 	         0 	       6 	        6 	         0 	       7 	        6 	       690 	       1 	        1 	       690 	       2 	        1
   4785001 	     7850 	          01 	          2520 	         0 	       7 	        6 	       420 	       1 	        1 	       420 	       2 	        1 	       420 	       3 	        1 	       420 	       4 	        1 	       420 	       5 	        1 	       420 	       6 	        1
   4787001 	     7870 	          01 	          1620 	       540 	       3 	        1 	       540 	       4 	        1 	       540 	       5 	        1 	         0 	       6 	        6 	         0 	       7 	        6 	         0 	       1 	        6 	         0 	       2 	        6
   4787202 	     7872 	          02 	          2400 	         0 	       6 	        6 	         0 	       7 	        6 	       480 	       1 	        1 	       480 	       2 	        1 	       480 	       3 	        1 	       480 	       4 	        1 	       480 	       5 	        1
   4787403 	     7874 	          03 	             0 	         0 	       1 	        1 	         0 	       2 	        1 	         0 	       3 	        1 	         0 	       4 	        1 	         0 	       5 	        1 	         0 	       6 	        1 	         0 	       7 	        1
   4787702 	     7877 	          02 	          2400 	       480 	       4 	        1 	       480 	       5 	        1 	         0 	       6 	        6 	         0 	       7 	        6 	       480 	       1 	        1 	       480 	       2 	        1 	       480 	       3 	        1
   4787902 	     7879 	          02 	          2400 	       480 	       4 	        1 	       480 	       5 	        1 	         0 	       6 	        6 	         0 	       7 	        6 	       480 	       1 	        1 	       480 	       2 	        1 	       480 	       3 	        1
   4789001 	     7890 	          01 	          2115 	         0 	       7 	        6 	       450 	       1 	        1 	       450 	       2 	        1 	       450 	       3 	        1 	       450 	       4 	        1 	       315 	       5 	        1 	         0 	       6 	        6
   4789301 	     7893 	          01 	          2400 	       480 	       4 	        1 	       480 	       5 	        1 	         0 	       6 	        6 	         0 	       7 	        6 	       480 	       1 	        1 	       480 	       2 	        1 	       480 	       3 	        1
   4789302 	     7893 	          02 	          3450 	       690 	       4 	        1 	       690 	       5 	        1 	         0 	       6 	        6 	         0 	       7 	        6 	       690 	       1 	        1 	       690 	       2 	        1 	       690 	       3 	        1
   4789802 	     7898 	          02 	          2400 	         0 	       7 	        6 	       480 	       1 	        1 	       480 	       2 	        1 	       480 	       3 	        1 	       480 	       4 	        1 	       480 	       5 	        1 	         0 	       6 	        6
   4789901 	     7899 	          01 	          1500 	       300 	       1 	        1 	       300 	       2 	        1 	       300 	       3 	        1 	       300 	       4 	        1 	       300 	       5 	        1 	         0 	       6 	        6 	         0 	       7 	        6
   4789902 	     7899 	          02 	          2400 	       480 	       1 	        1 	       480 	       2 	        1 	       480 	       3 	        1 	       480 	       4 	        1 	       480 	       5 	        1 	         0 	       6 	        6 	         0 	       7 	        6
   4790701 	     7907 	          01 	          2550 	       510 	       1 	        1 	       510 	       2 	        1 	       510 	       3 	        1 	       510 	       4 	        1 	       510 	       5 	        1 	         0 	       6 	        6 	         0 	       7 	        6
   4790702 	     7907 	          02 	          2100 	       420 	       1 	        1 	       420 	       2 	        1 	       420 	       3 	        1 	       420 	       4 	        1 	       420 	       5 	        1 	         0 	       6 	        6 	         0 	       7 	        6
   4791802 	     7918 	          02 	          2400 	       480 	       3 	        1 	       480 	       4 	        1 	       480 	       5 	        1 	         0 	       6 	        6 	         0 	       7 	        6 	       480 	       1 	        1 	       480 	       2 	        1
   4792301 	     7923 	          01 	          2640 	       480 	       1 	        1 	       480 	       2 	        1 	       480 	       3 	        1 	       480 	       4 	        1 	       480 	       5 	        1 	       240 	       6 	        1 	         0 	       7 	        6
   4792501 	     7925 	          01 	          2490 	       450 	       4 	        1 	       450 	       5 	        1 	       240 	       6 	        1 	         0 	       7 	        6 	       450 	       1 	        1 	       450 	       2 	        1 	       450 	       3 	        1
   4795302 	     7953 	          02 	          2070 	         0 	       6 	        6 	         0 	       7 	        6 	       420 	       1 	        1 	       420 	       2 	        1 	       420 	       3 	        1 	       420 	       4 	        1 	       390 	       5 	        1
   4796001 	     7960 	          01 	          2130 	         0 	       6 	        6 	         0 	       7 	        6 	       420 	       1 	        1 	       420 	       2 	        1 	       420 	       3 	        1 	       450 	       4 	        1 	       420 	       5 	        1
   4796601 	     7966 	          01 	          2250 	         0 	       4 	        6 	       360 	       5 	        1 	       120 	       6 	        1 	         0 	       7 	        6 	       540 	       1 	        1 	       600 	       2 	        1 	       630 	       3 	        1
   4797401 	     7974 	          01 	          4200 	       600 	       4 	        1 	       600 	       5 	        1 	       600 	       6 	        1 	       600 	       7 	        1 	       600 	       1 	        1 	       600 	       2 	        1 	       600 	       3 	        1
   4797402 	     7974 	          02 	          3570 	       510 	       4 	        1 	       510 	       5 	        1 	       510 	       6 	        1 	       510 	       7 	        1 	       510 	       1 	        1 	       510 	       2 	        1 	       510 	       3 	        1
   4798202 	     7982 	          02 	          3480 	       480 	       4 	        1 	       480 	       5 	        1 	       720 	       6 	        1 	       720 	       7 	        1 	       540 	       1 	        1 	         0 	       2 	        6 	       540 	       3 	        1
   4799302 	     7993 	          02 	          3300 	       660 	       5 	        1 	         0 	       6 	        6 	         0 	       7 	        6 	       660 	       1 	        1 	       660 	       2 	        1 	       660 	       3 	        1 	       660 	       4 	        1
   4799701 	     7997 	          01 	             0 	         0 	       3 	        6 	         0 	       4 	        6 	         0 	       5 	        6 	         0 	       6 	        6 	         0 	       7 	        6 	         0 	       1 	        6 	         0 	       2 	        6
   4799702 	     7997 	          02 	          3660 	       660 	       3 	        1 	       660 	       4 	        1 	       660 	       5 	        1 	       360 	       6 	        1 	         0 	       7 	        6 	       660 	       1 	        1 	       660 	       2 	        1
   4799901 	     7999 	          01 	          1800 	       360 	       3 	        1 	       360 	       4 	        1 	       360 	       5 	        1 	         0 	       6 	        6 	         0 	       7 	        6 	       360 	       1 	        1 	       360 	       2 	        1
   4799902 	     7999 	          02 	          2520 	       420 	       3 	        1 	       420 	       4 	        1 	       420 	       5 	        1 	       420 	       6 	        1 	         0 	       7 	        6 	       420 	       1 	        1 	       420 	       2 	        1
   4800302 	     8003 	          02 	          3780 	       540 	       1 	        1 	       540 	       2 	        1 	       540 	       3 	        1 	       540 	       4 	        1 	       540 	       5 	        1 	       540 	       6 	        1 	       540 	       7 	        1
   4800901 	     8009 	          01 	          3060 	       330 	       6 	        1 	         0 	       7 	        6 	       570 	       1 	        1 	       570 	       2 	        1 	       570 	       3 	        1 	       570 	       4 	        1 	       450 	       5 	        1
