IDLLAR	DEGURBA	TRIM	TIPUS_LLAR	NUM_MEMBRES	TRAM_INGRESSOS	AD_DEP	CURA	AJ_CURA_INF	AJ_CURA_MALALTS	AJ_DOM	MENORS_10	FE_LLAR
C0001	1	4	1	1	1	1			6	1	0	29574811
C0002	1	4	2	2	2	1			6	6	0	33389402
C0006	1	4	1	1	1	6			9	6	0	66992078
C0009	1	4	2	2	2	6			9	6	0	45805467
C0010	1	4	7	3	5	6			9	6	0	55886942
C0014	1	4	1	1	1	1			1	6	0	33020865
C0017	1	4	5	4	2	6		6	9	6	0	52282639
C0019	1	1	7	4	5	1			6	6	0	55383725
C0040	1	1	5	4	2	6		6	9	6	0	89766328
C0043	1	1	1	1	1	6			9	6	0	66992078
C0049	1	1	2	2	9	6			9	6	0	76188117
C0053	1	1	2	2	4	6			9	6	0	72860086
C0062	1	1	1	1	4	6			9	1	0	68096820
C0063	1	1	2	2	1	6			9	6	0	45805467
C0070	1	1	1	1	2	6			9	6	0	36456283
C0073	1	2	1	1	1	6			9	1	0	66992078
C0081	1	2	3	3	2	6	1	6	9	6	1	51401028
C0082	1	2	3	2	2	6		6	9	6	0	29783141
C0089	1	2	3	2	2	6			6	6	0	29762437
C0094	1	2	4	2	3	6			6	6	0	55324754
C0095	1	2	1	1	1	6			9	6	0	66992078
C0098	1	2	2	2	2	6			9	6	0	68326452
C0100	1	2	1	1	2	6			9	6	0	66992078
C0102	1	2	3	3	9	6	1	1	9	1	1	19071944
C0103	1	2	5	3	2	6	1	6	9	6	1	29136739
C0106	1	2	1	1	9	6			9	6	0	33020865
C0107	1	2	1	1	2	6			9	6	0	66992078
C0109	1	2	1	1	1	6			9	6	0	66992078
C0112	1	2	5	4	4	1		6	6	6	0	34001908
C0119	1	2	1	1	9	6			9	6	0	42938593
C0121	1	3	1	1	2	6			9	6	0	68096820
C0124	1	3	1	1	1	6			9	6	0	42938593
C0126	1	3	5	4	4	6	6	6	9	6	1	53791202
C0127	1	3	1	1	1	6			9	6	0	34554213
C0134	1	3	1	1	2	6			9	6	0	66992078
C0138	1	3	1	1	9	6			9	6	0	66992078
C0148	1	3	6	3	9	1			1	6	0	101392740
C0151	1	3	3	2	1	6			9	6	0	24230240
C0155	1	3	4	2	1	6			9	6	0	41489122
C0156	1	3	4	2	4	1			1	1	0	55324754
C0158	1	3	1	1	3	6			9	6	0	68096820
C0160	1	3	2	2	5	6			6	6	0	76188117
C0161	1	3	5	3	3	6	1	6	9	6	1	67260652
C0164	1	3	1	1	1	1			6	1	0	33020865
C0165	1	3	1	1	2	6			9	6	0	35455039
C0174	1	4	1	1	1	6			9	6	0	68096820
C0176	1	4	1	1	9	6			9	6	0	66992078
C0178	1	4	6	3	5	6			9	6	0	41584252
C0181	1	4	2	2	9	6			9	6	0	34258945
C0183	1	4	2	2	5	6			9	6	0	68326452
C0186	1	4	1	1	1	1			6	1	0	66992078
C0188	1	4	2	2	9	6			9	6	0	45805467
C0189	1	4	5	3	5	6	1	6	9	6	1	58143421
C0197	1	4	3	3	2	6		6	9	6	0	64279182
C0199	1	4	2	2	9	6			9	6	0	45805467
C0205	1	4	2	2	9	6			9	1	0	65174003
C0209	1	4	3	2	2	6			6	6	0	40591820
C0210	1	4	1	1	2	6			9	6	0	28549180
C0213	1	4	2	2	5	1			6	1	0	65174003
C0214	1	4	7	2	5	6			9	6	0	33628218
C0224	1	1	2	2	9	6			6	6	0	28867810
C0226	1	1	5	4	3	6	1	1	9	6	1	47135302
C0229	1	1	2	2	5	6			9	6	0	28867810
C0234	1	1	7	4	3	6		6	6	6	0	107320732
C0235	1	1	2	2	2	6			9	6	0	72672946
C0241	1	1	5	3	9	6	6	6	9	6	1	30481125
C0242	1	1	5	4	2	6		6	9	6	0	29417957
C0249	1	1	5	5	4	6	1	6	9	6	1	77745024
C0250	1	1	2	2	5	6			9	6	0	39602492
C0251	1	1	2	2	4	6			9	1	0	29619599
C0253	1	1	2	2	5	6			9	6	0	26523129
C0258	1	1	6	3	4	1			6	6	0	41256315
C0261	1	1	1	1	4	6			9	6	0	63901194
C0262	1	1	2	2	3	6			9	6	0	39602492
C0265	1	2	2	2	5	6			9	6	0	39602492
C0270	1	2	5	5	5	6	1	1	9	1	1	48020753
C0271	1	2	5	4	5	6		6	9	6	0	43887348
C0274	1	2	1	1	9	6			9	6	0	25569790
C0276	1	2	4	2	1	1			6	6	0	29619599
C0277	1	2	1	1	1	1			6	1	0	28549180
C0280	1	2	1	1	9	6			9	6	0	31519373
C0281	1	2	2	2	9	1			1	1	0	65174003
C0284	1	2	2	2	4	1			1	1	0	28867810
C0285	1	2	1	1	2	6			6	1	0	28549180
C0286	1	2	7	4	2	6	1	6	9	6	1	32404451
C0295	1	2	5	4	2	6	6	6	9	6	1	32569420
C0297	1	2	3	2	2	6			9	6	0	24419072
C0302	1	2	1	1	2	6			9	6	0	28549180
C0305	1	2	5	3	5	6			9	1	0	27498617
C0306	1	2	1	1	4	6			9	6	0	64954966
C0308	1	2	1	1	9	6			9	1	0	28549180
C0312	1	2	7	2	1	6			9	6	0	72672946
C0314	1	2	1	1	4	6			9	6	0	25569790
C0316	1	2	2	2	5	1			1	1	0	28867810
C0317	1	2	1	1	4	6			9	6	0	64954966
C0325	1	3	3	2	5	6			9	6	0	40591820
C0326	1	3	1	1	4	6			9	6	0	25569790
C0328	1	3	5	3	5	6			9	1	0	27517820
C0334	1	3	5	4	5	6	1	1	9	1	1	24148269
C0336	1	3	2	2	5	1			6	1	0	26523129
C0337	1	3	1	1	3	6			9	6	0	66765418
C0338	1	3	7	2	4	1			1	6	0	63662098
C0342	1	3	1	1	9	6			9	6	0	63901194
C0346	1	3	2	2	3	6			9	6	0	28867810
C0350	1	3	1	1	2	6			9	6	0	31519373
C0351	1	3	5	4	4	6		6	9	6	0	29397370
C0355	1	3	5	5	5	6		6	9	1	0	40054040
C0361	1	3	1	1	2	6			9	1	0	65418902
C0362	1	3	6	3	9	6			9	1	0	38068564
C0364	1	3	2	2	2	6			9	6	0	28867810
C0366	1	3	2	2	3	6			9	6	0	26523129
C0367	1	3	1	1	2	6			9	6	0	29874882
C0370	1	3	2	2	3	6			9	6	0	39602492
C0371	1	3	1	1	5	6			9	1	0	37123850
C0372	1	4	7	3	3	6	1	1	9	1	1	47431392
C0373	1	4	1	1	9	6			9	6	0	69814722
C0374	1	4	1	1	9	6			9	6	0	28549180
C0377	1	4	5	4	5	6	1	6	9	6	1	21869844
C0378	1	4	2	2	5	6			9	6	0	53634700
C0379	1	4	2	2	2	6			9	6	0	26523129
C0381	1	4	1	1	1	6			9	6	0	52754993
C0383	1	4	5	4	5	6			9	6	0	45233902
C0385	1	4	1	1	3	1			1	1	0	28549180
C0388	1	4	1	1	5	6			9	1	0	37123850
C0389	1	4	1	1	3	6			9	6	0	52968585
C0393	1	4	2	2	2	1			6	6	0	65174003
C0397	1	4	6	3	9	6			9	6	0	82424171
C0402	1	4	1	1	2	6			9	6	0	24887515
C0405	1	4	2	2	9	6			9	6	0	23437549
C0417	1	1	1	1	2	6			6	6	0	24255184
C0425	1	1	5	4	9	6	6	6	9	6	1	21701495
C0426	1	1	5	3	9	6			9	6	0	22341504
C0427	1	1	6	3	9	6			9	6	0	37388332
C0428	1	1	2	2	3	6			9	6	0	21533921
C0435	1	1	5	4	9	6			9	6	0	31188212
C0437	1	1	6	3	5	6			9	6	0	30907571
C0442	1	1	2	2	5	6			6	6	0	23437549
C0445	1	1	2	2	9	6			9	6	0	53067953
C0446	1	1	6	3	9	6			9	6	0	85152387
C0447	1	1	7	4	4	1	6	6	6	6	1	30135526
C0450	1	1	1	1	9	6			9	6	0	20759913
C0453	1	1	2	2	3	6			9	6	0	53446958
C0457	1	1	1	1	9	6			9	6	0	52403172
C0459	1	1	5	3	9	6		6	9	6	0	27534585
C0461	1	1	5	4	4	6		6	9	6	0	62005306
C0463	1	1	7	4	9	6		6	9	6	0	37724183
C0466	1	1	2	2	3	6			9	6	0	53446958
C0467	1	1	4	2	9	6			9	6	0	20065784
C0471	1	1	6	3	4	6			9	6	0	37388332
C0472	1	1	1	1	1	6			9	6	0	25590333
C0473	1	2	5	4	5	6		6	9	1	0	53024157
C0476	1	2	1	1	2	6			9	6	0	20759913
C0477	1	2	1	1	9	6			9	6	0	25590333
C0479	1	2	2	2	2	6			9	6	0	53446958
C0481	1	2	2	2	5	6			9	1	0	32152954
C0485	1	2	2	2	3	6			9	6	0	21533921
C0489	1	2	1	1	2	6			9	6	0	52403172
C0490	1	2	1	1	4	6			9	6	0	25590333
C0493	1	2	2	2	9	6			9	6	0	54716843
C0496	1	2	5	5	9	6	1	6	9	6	1	26781053
C0498	1	2	2	2	5	6			6	1	0	23437549
C0499	1	2	1	1	2	6			9	1	0	23178856
C0502	1	2	5	4	5	6	1	6	9	6	1	17964182
C0503	1	2	5	4	5	6		6	9	6	0	45577565
C0506	1	2	5	3	5	6		6	9	6	0	49120176
C0510	1	2	1	1	3	6			9	6	0	53267334
C0511	1	2	1	1	2	6			6	1	0	24255184
C0518	1	2	4	2	2	6			9	6	0	22138696
C0522	1	3	5	4	9	6	1	6	9	6	1	38654040
C0524	1	2	2	2	5	6			9	6	0	32152954
C0526	1	3	5	3	9	6			9	6	0	22325913
C0531	1	3	5	4	5	6			9	6	0	62258782
C0532	1	3	2	2	5	6			9	6	0	53067953
C0535	1	3	1	1	9	6			9	6	0	23178856
C0536	1	3	5	3	9	6	1	6	9	6	1	24747388
C0538	1	3	6	3	3	6			9	1	0	25762724
C0543	1	3	1	1	1	6			9	6	0	23178856
C0546	1	3	2	2	4	6			9	6	0	27302488
C0548	1	3	2	2	4	6			9	6	0	53446958
C0552	1	3	1	1	2	1			6	1	0	24255184
C0554	1	3	2	2	9	6			9	6	0	43983973
C0557	1	3	1	1	9	6			9	6	0	23178856
C0558	1	3	2	2	3	6			9	6	0	20990244
C0560	1	3	4	2	9	6			9	6	0	54546989
C0561	1	3	1	1	9	6			9	1	0	23178856
C0562	1	3	2	2	2	6			9	6	0	23437549
C0567	1	3	3	2	5	6		6	9	1	0	35822773
C0575	1	3	1	1	2	1			1	1	0	52403172
C0576	1	3	6	3	9	6			9	6	0	85152387
C0577	1	4	5	4	5	6	1	6	9	6	1	41787851
C0578	1	4	1	1	2	6			9	6	0	30140564
C0581	1	4	5	3	5	6		1	9	6	0	22325913
C0582	1	4	1	1	5	6			9	6	0	54752023
C0583	1	4	1	1	2	6			9	6	0	23178856
C0585	1	4	1	1	2	6			9	6	0	30140564
C0588	1	4	1	1	1	1			6	1	0	23178856
C0590	1	4	5	4	9	6	1	6	9	6	1	14667323
C0591	1	4	2	2	3	6			9	6	0	55447124
C0595	1	4	5	4	4	6	1	6	9	6	1	42372694
C0600	1	4	7	3	3	6			9	1	0	28783468
C0603	1	4	1	1	9	6			9	1	0	43076937
C0606	1	4	5	3	9	6		6	9	6	0	43556971
C0611	1	4	4	2	4	1			6	6	0	19091214
C0618	1	4	5	4	5	6			6	6	0	31301840
C0623	1	4	2	2	5	6			9	1	0	19976511
C0633	1	1	5	3	9	6		6	9	6	0	19042319
C0634	1	1	6	3	5	6			9	6	0	24246652
C0638	1	1	1	1	2	6			9	6	0	19756019
C0640	1	1	1	1	9	6			9	6	0	19756019
C0641	1	1	1	1	9	6			6	6	0	44100051
C0644	1	1	5	3	5	6	6	6	6	6	1	23315932
C0645	1	1	1	1	9	6			9	6	0	43076937
C0649	1	1	1	1	5	6			9	6	0	21212359
C0652	1	1	3	2	9	6		6	6	6	0	14496686
C0655	1	1	3	2	3	6		6	6	6	0	29447365
C0657	1	1	5	4	5	6	6	6	6	1	1	34588571
C0665	1	1	4	2	9	6			9	6	0	45904886
C0669	1	1	5	4	5	6		6	6	1	0	40694288
C0674	1	1	1	1	2	6			6	6	0	25689687
C0676	1	2	2	2	4	6			6	6	0	43934960
C0681	1	2	3	3	9	6		6	6	6	0	15018893
C0682	1	2	2	2	5	6			6	6	0	36412216
C0683	1	2	1	1	2	6			6	6	0	25689687
C0685	1	2	5	4	5	6	1	6	9	6	1	29709606
C0687	1	2	1	1	5	6			6	6	0	43076937
C0690	1	2	1	1	4	6			6	6	0	43076937
C0697	1	2	2	2	5	6			6	6	0	43934960
C0698	1	2	1	1	1	6			6	6	0	25689687
C0703	1	2	5	3	3	6			9	6	0	43556971
C0704	1	2	6	3	9	6			6	6	0	31867173
C0706	1	2	6	3	9	6			9	1	0	24879400
C0708	1	2	2	2	9	6			9	6	0	17890601
C0709	1	2	5	4	5	6	1	6	9	6	1	15311399
C0715	1	2	1	1	5	6			9	6	0	20673405
C0717	1	2	5	4	5	6	1	6	9	6	1	31774749
C0718	1	2	2	2	9	6			9	6	0	43934960
C0719	1	2	1	1	2	6			9	6	0	19756019
C0720	1	2	1	1	9	6			9	6	0	19756019
C0721	1	2	2	2	9	6			9	1	0	18353993
C0724	1	2	1	1	9	1			1	1	0	43076937
C0727	1	3	2	2	4	6			9	6	0	36156110
C0728	1	3	2	2	9	1			6	1	0	19976511
C0731	1	3	2	2	9	6			9	1	0	36156110
C0732	1	3	6	3	9	1			6	1	0	26343430
C0735	1	3	1	1	2	6			9	6	0	17694283
C0741	1	3	6	3	9	6			9	6	0	55170422
C0743	1	3	5	3	5	6		6	9	6	0	19029031
C0744	1	3	4	3	9	6			9	6	0	35383078
C0747	1	3	5	5	5	6		6	9	6	0	60405810
C0749	1	3	2	2	5	6			9	1	0	19976511
C0752	1	3	2	2	9	6			9	6	0	19976511
C0753	1	3	2	2	5	6			6	6	0	38842442
C0754	1	3	5	4	5	6	1	6	9	6	1	18279003
C0756	1	3	5	5	5	6		6	9	6	0	45244502
C0758	1	3	5	3	9	6			9	6	0	40378219
C0761	1	3	1	1	2	6			9	6	0	43076937
C0763	1	3	2	2	5	6			9	6	0	19976511
C0766	1	3	2	2	9	6			9	6	0	19976511
C0768	1	3	5	5	9	6		6	9	6	0	35255070
C0769	1	3	1	1	9	6			9	6	0	47063352
C0770	1	3	5	4	9	6	6	6	9	6	1	11374214
C0775	1	4	7	5	9	6	1	6	9	6	1	54300851
C0778	1	4	2	2	9	6			9	1	0	17890601
C0783	1	4	5	5	5	6			9	6	0	42373363
C0789	1	4	5	4	5	6	1	1	9	1	1	34588571
C0791	1	4	1	1	9	6			9	1	0	44100051
C0792	1	4	2	2	9	6			9	1	0	43934960
C0795	1	4	3	4	5	6		6	9	6	0	16026573
C0798	1	4	2	2	5	6			9	6	0	36156110
C0800	1	4	1	1	9	6			9	6	0	44100051
C0803	1	4	1	1	2	6			9	6	0	28080383
C0805	1	4	2	2	2	6			6	6	0	26444399
C0806	1	4	7	4	5	1	6	6	6	1	1	39042530
C0810	1	4	3	4	2	6	6	6	9	6	1	45514547
C0821	1	1	2	2	5	6			9	6	0	60460068
C0828	1	1	5	5	9	6		6	9	6	0	36742884
C0834	1	1	2	2	9	6			9	6	0	62722688
C0836	1	1	2	2	3	6			9	6	0	23683124
C0838	1	1	1	1	1	6			9	6	0	27366929
C0840	1	1	2	2	2	6			9	6	0	26444399
C0841	1	1	1	1	2	6			6	6	0	61936379
C0849	1	1	5	3	9	6	1	6	6	6	1	27922279
C0851	1	1	1	1	9	6			6	6	0	27366929
C0859	1	1	2	2	5	6			9	6	0	49755386
C0865	1	1	3	3	9	6			9	6	0	19881629
C0869	1	1	1	1	9	6			9	6	0	34007356
C0871	1	1	2	2	2	6			9	6	0	60460068
C0873	1	1	1	1	3	6			9	6	0	23423243
C0877	1	2	2	2	2	6			9	6	0	26444399
C0885	1	2	1	1	2	6			6	6	0	26152517
C0887	1	2	5	3	3	6	1	6	6	6	1	64875811
C0888	1	2	5	3	9	6	1	6	9	6	1	18782112
C0892	1	2	7	2	9	6			9	6	0	67416624
C0895	1	2	3	2	3	6			6	6	0	40523303
C0899	1	2	5	4	4	6		6	9	6	0	55604276
C0910	1	2	1	1	5	6			9	6	0	26152517
C0913	1	2	2	2	5	1			1	1	0	26444399
C0915	1	2	5	3	4	6			9	6	0	25190148
C0920	1	2	2	2	5	6			9	6	0	60031330
C0921	1	2	2	2	3	6			9	6	0	26444399
C0922	1	2	1	1	2	6			9	6	0	28080383
C0926	1	3	7	3	5	6			6	6	0	23485231
C0931	1	3	2	2	9	6			6	6	0	26444399
C0934	1	3	5	3	5	6	6	6	9	1	1	55381302
C0935	1	3	4	2	3	6			9	6	0	29958525
C0937	1	3	1	1	2	6			9	6	0	23423243
C0938	1	3	2	2	5	6			9	6	0	26444399
C0940	1	3	4	2	5	6			9	6	0	29958525
C0943	1	3	1	1	1	6			9	6	0	28080383
C0944	1	3	1	1	9	6			9	6	0	23423243
C0948	1	3	7	4	4	6			9	6	0	91605293
C0951	1	3	2	2	5	6			9	1	0	67416624
C0953	1	3	7	4	9	1		6	6	6	0	72719474
C0955	1	3	1	1	5	6			9	6	0	26152517
C0957	1	3	5	4	9	6	1	6	9	6	1	32980424
C0962	1	3	1	1	9	6			9	6	0	28873368
C0963	1	3	3	2	2	6		6	9	6	0	23571844
C0966	1	3	5	4	5	6		6	9	6	0	55604276
C0968	1	3	1	1	2	6			9	6	0	26152517
C0972	1	3	1	1	9	6			9	1	0	28873368
C0977	1	4	3	2	1	6	1	6	9	6	1	40799333
C0978	1	4	2	2	9	6			9	6	0	60460068
C0981	1	4	4	2	9	6			9	6	0	29410912
C0984	1	4	6	3	3	6			9	6	0	38773657
C0987	1	4	1	1	1	6			9	1	0	26152517
C0988	1	4	3	3	9	6			9	6	0	57110894
C0990	1	4	5	3	5	6			9	6	0	25207739
C0993	1	4	2	2	3	6			9	6	0	36277920
C0994	1	4	1	1	2	6			9	6	0	59279320
C0995	1	4	5	4	2	6			9	6	0	41407838
C0998	1	4	5	3	5	6	1	1	9	6	1	59516974
C1001	2	4	4	2	3	6			9	6	0	132081779
C1005	1	4	3	2	3	6			9	6	0	54830522
C1009	1	4	5	4	9	6			9	6	0	76942794
C1021	1	4	1	1	1	1			1	1	0	159936233
C1023	1	4	7	5	3	6	6	6	9	6	1	290341460
C1030	1	1	2	2	2	6			9	6	0	163121904
C1031	1	1	5	3	5	6	6	6	9	6	1	160577425
C1037	1	1	2	2	2	6			9	6	0	134240557
C1043	1	1	5	4	5	6	1	6	9	6	1	77304674
C1044	1	1	1	1	3	6			9	6	0	97165586
C1046	1	1	3	3	9	6		6	6	6	0	56805656
C1048	1	1	5	4	5	6	1	6	9	6	1	117973423
C1050	1	1	5	3	5	6	6	6	9	6	1	127449953
C1053	1	1	2	2	4	6			6	6	0	163121904
C1054	1	1	5	3	5	6	6	6	6	6	1	88187379
C1057	1	1	2	2	4	6			6	6	0	69419938
C1063	1	1	2	2	3	6			9	6	0	163121904
C1067	1	1	5	4	4	6			9	6	0	115329854
C1068	1	1	5	4	5	6	1	6	9	6	1	85245113
C1069	1	1	1	1	9	6			9	6	0	159936233
C1071	1	1	2	2	9	6			9	6	0	75556755
C1072	1	1	1	1	2	6			9	6	0	159936233
C1074	1	1	2	2	5	6			9	6	0	103653024
C1077	1	1	1	1	2	6			6	6	0	159936233
C1085	1	1	1	1	2	6			9	6	0	159936233
C1086	1	1	5	3	5	6	6	6	9	6	1	53664122
C1095	1	1	2	2	1	6			9	6	0	75556755
C1097	2	1	5	4	5	6		6	6	6	0	111813400
C1101	1	1	2	2	5	6			6	6	0	69419938
C1107	1	1	3	3	5	6		6	6	6	0	69870531
C1110	1	1	5	3	4	6	6	6	9	6	1	72832639
C1116	1	2	5	3	5	6			9	6	0	149916420
C1122	2	2	3	2	2	6			9	6	0	54830522
C1133	1	2	1	1	1	6			9	6	0	159936233
C1135	1	2	7	4	9	6			9	6	0	181861435
C1137	1	2	1	1	1	6			9	6	0	74722794
C1142	1	2	5	4	5	6		6	9	6	0	94847796
C1143	1	2	6	3	2	1			6	6	0	99638222
C1154	1	2	1	1	1	1			6	1	0	74722794
C1155	1	2	2	2	9	6			9	6	0	75556755
C1159	1	2	5	4	4	6	6	6	9	6	1	85245113
C1160	1	2	3	2	9	6			9	6	0	54830522
C1162	1	2	5	3	5	6	1	6	9	6	1	59173517
C1164	1	2	1	1	2	6			9	6	0	74722794
C1167	1	2	1	1	2	1			1	1	0	159936233
C1171	1	2	3	2	2	6		1	9	6	0	101595955
C1173	1	2	1	1	2	6			9	6	0	159936233
C1177	1	2	4	2	3	6			9	6	0	137952736
C1178	1	2	6	3	2	6			9	6	0	120530563
C1181	1	2	5	3	5	6	1	6	9	6	1	160577425
C1184	1	2	4	2	4	1			6	6	0	77524442
C1185	1	2	2	2	4	6			9	6	0	75556755
C1189	1	2	4	2	3	6			9	6	0	71369578
C1190	1	2	2	2	5	6			9	6	0	190196048
C1191	1	2	1	1	9	6			9	6	0	97165586
C1192	1	2	1	1	2	6			9	6	0	162573684
C1195	1	2	3	2	2	6		6	9	6	0	54830522
C1196	1	2	7	2	2	6			9	6	0	81128460
C1202	1	3	5	4	5	6	1	6	9	6	1	94297538
C1203	1	3	1	1	3	6			9	6	0	82496788
C1205	1	3	6	4	9	6			9	6	0	270675203
C1207	1	3	1	1	2	6			9	1	0	163734854
C1208	1	3	1	1	1	1			6	1	0	74722794
C1212	1	3	5	3	9	6	1	6	9	6	1	79779345
C1215	1	3	1	1	5	6			9	6	0	167105005
C1217	1	3	5	3	5	6	1	6	9	6	1	160577425
C1218	1	3	4	3	5	6			9	6	0	264092949
C1221	1	3	4	2	2	6			9	6	0	166479232
C1222	1	3	5	4	5	6	1	6	9	6	1	94231443
C1230	1	3	1	1	2	1			1	1	0	74722794
C1231	1	3	4	2	2	6			9	6	0	71369578
C1232	1	3	5	3	5	6	6	1	9	6	1	160577425
C1236	1	3	1	1	1	1			6	6	0	74722794
C1238	1	3	4	2	5	6			9	6	0	84032655
C1242	1	3	2	2	3	6			9	6	0	75556755
C1244	1	3	4	2	2	6			9	6	0	93885582
C1245	1	3	3	2	3	6		6	9	6	0	109332300
C1246	1	3	1	1	2	6			9	1	0	78192603
C1247	1	3	2	2	2	6			9	6	0	69419938
C1249	1	3	2	2	9	6			9	6	0	75556755
C1251	1	3	5	3	5	6			9	6	0	72023380
C1252	1	3	2	2	2	6			9	6	0	75556755
C1253	1	3	1	1	9	6			9	6	0	132573358
C1256	1	3	7	5	9	6			9	6	0	274216753
C1258	1	3	3	3	2	6	1	6	9	6	1	132262085
C1259	1	3	4	2	2	6			9	6	0	137952736
C1263	1	3	2	2	5	6			9	6	0	69419938
C1265	1	3	2	2	2	6			9	6	0	163121904
C1266	1	3	2	2	2	6			9	1	0	75556755
C1267	1	3	5	4	4	6			9	6	0	76888952
C1272	1	3	5	3	5	6	1	6	9	6	1	79779345
C1276	1	3	2	2	4	6			9	1	0	75556755
C1277	1	3	6	4	5	6			9	6	0	270675203
C1278	1	3	5	4	5	6		6	9	6	0	150020924
C1281	1	3	1	1	1	1			6	1	0	74722794
C1282	1	3	5	4	2	6	1	6	9	6	1	117973423
C1283	1	3	3	3	9	6	1	6	9	6	1	138249580
C1286	1	4	6	3	9	6			9	6	0	110783827
C1290	2	4	2	2	2	6			9	6	0	163121904
C1292	2	4	1	1	2	6			9	6	0	74722794
C1293	1	4	3	2	1	6	1	6	9	6	1	41263000
C1294	1	4	5	4	9	6	6	6	9	6	1	94297538
C1297	1	4	1	1	1	6			9	6	0	74722794
C1299	1	4	1	1	2	6			9	6	0	74722794
C1300	1	4	2	2	3	6			9	6	0	75556755
C1306	1	4	7	3	5	6			9	6	0	236507729
C1307	1	4	7	3	5	6			9	6	0	85220159
C1309	1	4	6	3	3	6			9	6	0	242064038
C1310	1	4	5	5	4	6	1	6	9	6	1	140557453
C1319	1	4	1	1	4	6			9	6	0	162573684
C1321	1	4	3	3	9	6		6	9	6	0	113140935
C1323	1	4	1	1	2	6			9	6	0	159936233
C1325	2	4	1	1	2	6			9	6	0	78192603
C1333	2	4	7	2	2	6			9	6	0	59458433
C1334	2	4	1	1	2	6			6	6	0	160735241
C1337	1	4	2	2	2	6			9	6	0	66390840
C1345	1	4	2	2	2	6			9	6	0	150050860
C1349	2	4	5	5	3	6	6	6	9	6	1	92679095
C1355	2	4	3	3	9	6		6	9	6	0	112108358
C1356	2	4	1	1	2	6			9	6	0	70498114
C1363	1	4	1	1	9	6			6	6	0	70498114
C1364	1	4	2	2	9	6			6	6	0	150050860
C1373	1	1	5	4	5	6	1	1	9	6	1	55664464
C1386	1	1	3	3	3	6		6	9	6	0	49914468
C1387	1	1	5	4	2	6			9	6	1	137028245
C1391	2	1	1	1	1	6			9	6	0	147120458
C1402	2	1	2	2	9	6			9	6	0	66390840
C1405	3	1	3	2	2	6			9	6	0	117235965
C1408	3	1	2	2	9	6			9	6	0	66390840
C1412	2	1	7	4	5	6			9	6	0	96932526
C1417	2	1	1	1	9	6			9	6	0	85378268
C1426	1	1	1	1	9	6			9	6	0	121950185
C1427	1	1	5	3	1	6			9	6	0	61641933
C1428	1	1	3	3	2	6		6	9	6	0	49880302
C1431	1	1	3	2	9	6		6	9	6	0	48178941
C1434	2	1	5	4	9	6			9	6	0	182764199
C1435	2	1	1	1	9	6			9	6	0	65658048
C1437	1	1	3	2	9	6			9	6	0	57568274
C1440	1	1	2	2	2	6			9	6	0	150050860
C1441	2	1	2	2	4	6			9	6	0	60998490
C1447	2	1	5	3	9	6		6	9	6	0	173956603
C1452	1	1	5	5	5	6		6	9	6	0	92181590
C1454	1	1	1	1	3	1			6	6	0	160735241
C1457	1	2	5	5	3	6	1	6	9	6	1	102141094
C1459	1	2	2	2	9	6			9	6	0	91078705
C1461	1	2	5	3	2	6		6	9	6	0	148202790
C1462	1	2	5	4	2	6	1	6	9	6	1	50886597
C1469	2	2	7	3	2	1			6	6	0	81534063
C1472	2	2	1	1	9	6			9	6	0	147120458
C1473	1	2	1	1	3	6			9	6	0	121950185
C1476	1	2	2	2	5	6			9	6	0	60998490
C1482	2	2	1	1	1	6			9	6	0	58805982
C1483	2	2	2	2	9	6			9	6	0	91078705
C1486	1	2	2	2	9	6			9	6	0	66390840
C1492	1	2	1	1	2	6			1	6	0	68706929
C1494	3	2	1	1	2	6			9	6	0	65658048
C1495	3	2	5	4	9	6	1	6	9	6	1	149906618
C1496	3	2	1	1	2	6			9	6	0	65658048
C1497	1	2	1	1	2	6			9	6	0	65658048
C1503	1	2	7	2	2	1			1	1	0	82496167
C1507	1	2	1	1	2	6			9	6	0	153714793
C1510	1	2	7	3	9	6			9	6	0	241241494
C1511	1	2	1	1	2	6			9	6	0	68706929
C1515	2	2	5	4	9	6			9	6	0	67608737
C1518	2	2	5	3	3	6			9	6	0	78051130
C1519	2	2	5	3	5	6			9	6	0	137903539
C1522	2	2	2	2	9	6			9	6	0	150050860
C1524	2	2	7	5	5	6			9	6	0	114090768
C1526	2	2	2	2	9	6			9	6	0	45530419
C1529	2	2	5	3	5	6	1	6	9	6	1	47154039
C1533	1	2	2	2	9	6			9	6	0	123483790
C1541	2	3	2	2	9	1			6	6	0	150050860
C1543	2	3	2	2	4	6			9	6	0	150050860
C1548	1	3	1	1	2	6			9	1	0	147120458
C1550	1	3	7	5	9	6	1	6	9	6	1	88830634
C1558	1	3	1	1	9	6			9	6	0	147120458
C1559	1	3	2	2	4	6			9	6	0	66390840
C1562	1	3	5	3	5	6			9	1	0	63286105
C1564	1	3	4	2	2	1			6	6	0	62711617
C1566	1	3	2	2	2	1			6	1	0	66390840
C1570	1	3	1	1	2	6			9	6	0	70498114
C1571	1	3	1	1	1	1			6	6	0	121950185
C1573	2	3	3	2	1	6	1	6	9	6	1	44208111
C1576	2	3	5	4	5	6	1	6	9	6	1	118130181
C1578	2	3	5	4	1	6	1	6	9	6	1	161122529
C1580	2	3	7	2	1	6			9	6	0	150050860
C1581	1	3	7	5	4	6	1	6	9	6	1	142340872
C1583	1	3	1	1	1	6			9	1	0	65658048
C1589	2	3	1	1	3	6			9	6	0	121950185
C1590	2	3	1	1	1	6			9	1	0	147120458
C1599	2	3	2	2	5	6			9	1	0	60998490
C1603	2	3	1	1	1	6			9	6	0	70498114
C1605	1	3	2	2	5	6			9	6	0	167315763
C1622	1	4	6	4	4	6			9	6	0	135103061
C1626	1	4	2	2	5	6			9	6	0	60998490
C1633	1	4	5	4	3	6	6	6	9	6	1	74903888
C1638	1	4	4	2	9	6			9	6	0	70041933
C1642	2	4	1	1	1	6			9	6	0	70498114
C1643	2	4	6	3	5	6			9	6	0	239062974
C1645	1	4	1	1	1	6			9	6	0	150614694
C1646	1	4	4	2	2	1			6	6	0	82496167
C1653	2	4	5	5	5	6	1	1	9	6	1	62211177
C1654	2	4	5	4	5	6		6	9	6	0	67608737
C1665	2	4	5	3	5	6			9	6	0	38160738
C1674	2	4	3	2	1	1			6	6	0	29051305
C1675	2	4	5	4	2	6	6	6	9	6	1	72526147
C1681	2	4	2	2	3	6			6	6	0	34273660
C1682	2	4	5	3	5	6	1	6	9	6	1	84385292
C1683	2	4	2	2	5	6			9	6	0	36781335
C1688	1	1	5	4	2	6		6	6	6	0	49404975
C1689	1	1	1	1	2	6			9	6	0	41429428
C1697	2	1	3	2	2	6		6	9	6	0	35684237
C1710	2	1	2	2	4	6			9	6	0	40032855
C1719	3	1	6	3	4	1			6	6	0	49858226
C1725	2	1	2	2	2	6			6	1	0	40032855
C1737	1	1	2	2	4	6			9	1	0	75813001
C1739	1	1	5	3	2	6	6	6	9	6	1	78077116
C1741	2	1	5	4	2	6		6	9	6	0	84725040
C1746	2	1	1	1	1	6			9	6	0	98683568
C1747	2	1	1	1	1	6			9	6	0	39590990
C1753	2	1	6	3	4	6			9	1	0	52792136
C1773	2	2	7	3	9	6			9	6	0	121807141
C1776	2	2	5	4	2	6	1	6	9	6	1	33861012
C1777	3	2	1	1	3	1			6	6	0	74871443
C1778	3	2	4	2	9	6			9	6	0	44523711
C1781	3	2	1	1	2	6			9	6	0	39590990
C1782	3	2	7	5	4	1			1	6	0	123719255
C1785	3	2	5	3	5	6			9	6	0	38160738
C1786	3	2	1	1	1	1			1	6	0	92470047
C1799	3	2	5	3	4	6		1	9	6	0	56942987
C1801	2	2	6	3	4	6			9	6	0	52792136
C1802	2	2	7	3	4	6			9	6	0	63861697
C1805	3	2	5	3	4	6			9	6	0	84666021
C1806	3	2	1	1	1	6			9	6	0	35459279
C1813	2	2	1	1	2	6			9	6	0	35459279
C1814	2	2	5	3	5	6		6	9	6	0	38134107
C1822	1	2	5	5	2	6	1	6	9	6	1	86499037
C1823	1	2	1	1	2	6			9	1	0	41429428
C1827	2	2	2	2	5	6			9	6	0	40032855
C1828	2	3	2	2	2	6			9	6	0	40032855
C1829	2	3	5	3	5	6		6	9	6	0	38134107
C1833	2	3	2	2	5	6			9	6	0	36781335
C1835	2	3	5	3	4	6	1	6	9	6	1	84385292
C1836	2	3	1	1	2	1			1	6	0	39590990
C1837	3	3	2	2	5	6			9	6	0	75813001
C1846	3	3	1	1	2	6			9	6	0	42509490
C1847	3	3	5	5	5	6	1	1	9	6	1	56248564
C1849	2	3	3	3	2	6	6	6	9	6	1	63689596
C1850	2	3	3	3	5	6			9	6	0	30118423
C1853	2	3	3	2	3	6			9	6	0	29031504
C1861	2	3	1	1	4	6			9	6	0	90324758
C1864	2	3	5	3	1	6			9	6	0	91331305
C1871	3	3	7	5	3	6	6	6	9	6	1	131657928
C1878	2	3	6	3	2	1			6	6	0	52792136
C1881	2	4	5	4	5	6		6	6	6	0	50289230
C1883	2	4	5	4	5	6			9	6	0	78559796
C1890	2	4	2	2	9	6			9	6	0	35852699
C1892	2	4	5	4	4	6	1	6	9	6	1	40958969
C1893	2	4	6	3	3	6			9	6	0	63861697
C1896	2	4	7	4	1	6	1	6	9	6	1	25727044
C1898	2	4	2	2	5	6			9	6	0	102723686
C1901	3	4	6	3	4	6			9	6	0	58697503
C1902	3	4	2	2	5	6			9	1	0	92123881
C1905	1	4	2	2	5	1			1	1	0	40032855
C1906	1	4	1	1	4	6			9	6	0	42509490
C1913	2	4	2	2	9	6			9	6	0	35684237
C1916	2	4	3	2	1	6			9	6	0	29031504
C1917	2	4	2	2	3	6			9	6	0	36781335
C1921	2	4	2	2	3	6			9	6	0	40032855
C1922	2	4	1	1	2	6			9	6	0	39590990
C1924	2	4	5	5	9	6	1	6	9	6	1	235910873
C1926	3	4	5	4	4	6		6	9	6	0	29791163
C1927	3	4	1	1	2	6			9	6	0	77568698
C1929	2	4	5	3	4	6		6	9	6	0	33787385
C1945	3	4	1	1	1	6			9	6	0	25930456
C1949	1	1	5	3	4	6			9	6	0	27199923
C1957	3	1	5	4	4	6		6	9	6	0	61750717
C1958	3	1	2	2	9	6			9	6	0	72412557
C1965	2	1	2	2	3	6			9	6	0	29274994
C1967	2	1	5	4	5	6	1	6	9	6	1	66128015
C1981	2	1	2	2	1	6			9	6	0	72412557
C1997	2	1	1	1	2	6			9	6	0	74180722
C1998	2	1	5	4	2	6	6	6	9	6	1	52370387
C2002	2	1	4	2	9	6			9	6	0	78553737
C2005	2	1	2	2	9	1			6	6	0	26897241
C2008	2	1	5	4	9	6	1	6	9	6	1	66375989
C2013	1	2	5	4	3	6	6	6	9	6	1	24488884
C2018	1	2	7	2	4	1			6	1	0	26897241
C2021	2	2	7	4	9	6			9	6	0	87095552
C2022	2	2	7	4	5	6	1	6	9	6	1	31479266
C2023	2	2	3	4	5	6	1	1	9	1	1	40342639
C2024	2	2	7	2	2	6			9	6	0	29274994
C2029	1	2	5	3	2	6	6	6	9	6	1	25546366
C2034	2	2	3	2	4	6			9	6	0	59351130
C2035	2	2	1	1	4	6			9	1	0	28951870
C2038	2	2	7	5	4	6	1	6	9	6	1	48297194
C2042	1	2	1	1	2	6			9	6	0	25930456
C2049	1	2	2	2	5	6			9	6	0	26897241
C2057	2	2	2	2	4	6			9	6	0	29274994
C2061	2	2	5	4	4	6	1	6	9	6	1	22438409
C2066	2	2	5	4	5	6			9	6	0	45871933
C2067	2	2	4	2	4	1			1	6	0	30037388
C2077	1	3	2	2	4	6			9	6	0	60013748
C2078	1	3	6	3	4	1			6	6	0	91578616
C2086	1	3	3	2	4	6			9	6	0	21229990
C2087	1	3	6	3	4	6			9	6	0	115368624
C2089	1	3	5	4	5	6		6	9	6	0	84007825
C2091	1	3	2	2	2	6			9	6	0	26897241
C2092	1	3	5	4	5	6			9	6	0	61750717
C2093	1	3	7	4	3	1			6	6	0	107530503
C2094	1	3	7	5	2	6		6	9	6	0	52982615
C2107	2	3	3	3	9	6		6	9	6	0	33763689
C2108	2	3	5	5	5	6	6	6	9	6	1	30150310
C2110	2	3	1	1	2	6			9	6	0	28951870
C2111	2	3	7	5	5	1		6	6	6	0	164478635
C2118	1	3	3	2	2	6		6	9	6	0	48534447
C2125	1	4	3	2	2	6			9	6	0	45100153
C2129	2	4	5	4	9	6	1	6	9	6	1	71332818
C2130	2	4	1	1	1	6			9	6	0	28951870
C2135	1	4	4	2	5	1			1	1	0	73607151
C2136	1	4	2	2	2	6			9	6	0	80744370
C2141	1	4	1	1	2	1			1	1	0	28951870
C2153	2	4	2	2	1	1			1	1	0	72412557
C2157	1	4	2	2	5	6			9	6	0	40161091
C2158	1	4	5	5	5	6	1	1	9	6	1	24837859
C2159	1	4	5	5	5	6		6	9	6	0	92316144
C2165	2	4	1	1	1	6			9	6	0	47827059
C2166	2	4	7	3	2	6			6	6	0	41325827
C2169	2	4	2	2	4	6			9	1	0	44647902
C2182	3	1	1	1	4	6			9	6	0	18306945
C2183	3	1	1	1	2	6			9	6	0	17494571
C2188	2	1	2	2	2	6			9	6	0	16253033
C2203	2	1	5	4	4	6		6	9	6	0	44294707
C2205	2	1	5	5	2	1	6	6	1	1	1	22505933
C2213	3	2	3	3	3	6	1	6	9	6	1	33587989
C2215	3	2	1	1	4	6			9	1	0	18306945
C2221	2	2	3	2	4	6	1	1	9	6	1	30129054
C2226	2	2	2	2	2	6			9	6	0	16253033
C2236	3	2	1	1	5	6			9	6	0	36286496
C2237	3	2	4	2	3	6			9	1	0	45384462
C2239	3	2	2	2	5	6			9	1	0	17689824
C2242	3	2	7	5	3	6	6	6	9	6	1	30480735
C2243	3	3	1	1	2	6			9	6	0	15668840
C2246	3	3	2	2	5	6			9	6	0	36742823
C2248	3	3	1	1	3	6			9	6	0	18784206
C2249	2	3	2	2	4	6			9	6	0	36742823
C2253	3	3	1	1	1	6			9	1	0	43775956
C2255	3	3	6	3	4	6			9	6	0	25937408
C2259	2	3	2	2	4	6			9	6	0	17689824
C2260	2	3	1	1	1	1			1	1	0	36286496
C2265	2	3	1	1	4	6			9	6	0	15668840
C2266	2	3	3	3	5	6			9	6	0	44098006
C2270	2	3	2	2	3	6			9	6	0	36742823
C2272	2	3	2	2	2	6			9	6	0	17689824
C2274	3	3	5	3	2	6		6	9	6	0	20796705
C2275	3	3	5	4	5	6			9	6	0	18026947
C2276	3	3	1	1	4	6			9	6	0	44815672
C2277	3	4	2	2	3	1			6	6	0	17689824
C2285	2	4	5	3	5	6			9	1	0	41033445
C2286	2	4	5	4	5	6		1	9	1	0	22237523
C2290	2	4	1	1	4	6			9	6	0	36286496
C2293	2	4	6	3	3	6			9	6	0	56065684
C2318	1	1	1	1	2	6			9	6	0	36440043
C2320	1	1	1	1	9	6			9	6	0	87412732
C2321	1	1	7	3	4	6	1	6	6	6	1	38951672
C2326	2	1	2	2	4	6			9	6	0	73368827
C2333	1	1	5	3	3	6		6	9	6	0	33565004
C2334	1	2	5	3	4	6			9	6	0	81936429
C2346	3	2	5	4	5	6	1	6	9	6	1	116305552
C2351	2	2	1	1	1	6			9	1	0	37390032
C2354	2	2	2	2	2	1			6	6	0	92490290
C2357	1	2	5	5	3	6		6	9	6	0	66380992
C2358	1	2	1	1	4	6			9	6	0	72457624
C2359	1	2	2	2	4	1			1	1	0	35211661
C2360	1	2	5	3	2	6		6	9	6	0	88055807
C2362	3	2	7	3	2	6			9	6	0	108073628
C2364	3	2	4	2	9	6			9	6	0	43753430
C2369	3	2	1	1	5	6			9	1	0	37390032
C2374	3	2	1	1	2	6			9	6	0	88854224
C2377	2	2	1	1	4	6			9	1	0	87412732
C2382	1	2	7	4	2	6		6	9	6	0	44263872
C2397	1	3	7	2	4	6			9	1	0	87085663
C2401	3	3	1	1	2	6			9	6	0	66956646
C2402	3	3	1	1	2	6			9	1	0	89488858
C2408	1	3	2	2	1	6			9	6	0	35211661
C2409	3	3	6	3	5	6			9	6	0	112750975
C2411	3	3	5	3	5	6	1	6	9	6	1	89005951
C2412	3	3	3	3	2	6	1	1	9	6	1	21349580
C2414	3	3	5	3	5	6			9	6	0	88386828
C2417	1	3	5	4	5	6			9	6	0	55174287
C2421	3	4	3	3	5	6			9	6	0	31695344
C2422	3	4	1	1	1	6			9	6	0	45282008
C2425	3	4	5	4	3	6	1	1	9	6	1	24482017
C2427	3	4	5	3	4	6		1	9	1	0	103357630
C2429	1	4	1	1	2	6			9	6	0	31188885
C2431	1	4	1	1	2	6			9	6	0	72457624
C2446	2	4	2	2	9	6			9	6	0	69100277
C2448	2	4	5	4	5	6	6	6	9	6	1	29151103
C2449	2	4	1	1	3	6			6	6	0	56159569
C2453	3	1	2	2	2	6			9	6	0	28491974
C2456	3	1	2	2	9	6			9	6	0	26177819
C2460	2	1	1	1	3	6			9	6	0	30254632
C2469	3	1	6	3	3	6			9	6	0	90719823
C2470	3	1	5	4	4	1		6	6	6	0	29034959
C2475	1	1	6	3	3	6			9	6	0	86771250
C2476	1	1	2	2	3	6			9	6	0	39086900
C2477	2	1	2	2	9	6			9	6	0	69100277
C2478	2	1	4	2	2	6			9	6	0	24393070
C2480	2	1	5	4	2	6		6	9	6	0	29014641
C2481	1	1	7	4	5	6		6	9	6	0	37914106
C2489	2	1	1	1	2	6			9	1	0	30254632
C2491	2	1	5	3	5	6	1	1	9	6	1	33254903
C2492	2	1	7	3	5	6			9	6	0	112313180
C2494	2	1	5	5	3	6	1	6	9	6	1	70717754
C2498	2	1	2	2	5	6			9	6	0	26177819
C2501	2	2	2	2	2	6			9	6	0	28491974
C2502	2	2	6	3	9	1			6	6	0	31318585
C2507	2	2	5	4	5	6		6	9	6	0	63550554
C2508	2	2	5	3	5	6			9	1	0	26472404
C2512	3	2	5	4	5	6	1	6	9	1	1	21838248
C2518	2	2	5	3	5	6			9	6	0	27140608
C2520	2	2	2	2	2	6			9	6	0	25516896
C2521	2	2	1	1	3	6			9	6	0	25236893
C2525	3	2	5	3	2	6		6	9	6	0	68249218
C2526	3	2	5	4	3	6			9	6	0	90782969
C2530	3	2	5	5	9	6		6	9	6	0	39615542
C2531	3	2	5	3	5	6		6	9	6	0	68505781
C2534	1	2	2	2	5	6			9	6	0	26177819
C2538	2	2	5	4	4	6			9	6	0	29014641
C2540	2	2	3	3	3	6	1	6	9	6	1	21672046
C2544	3	2	5	4	4	6		6	9	6	0	29014641
C2546	2	2	2	2	5	6			9	1	0	57268612
C2549	2	3	1	1	3	6			9	6	0	68868045
C2550	2	3	3	2	2	6		1	9	6	0	24705724
C2553	2	3	5	4	4	6	1	1	9	6	1	21838248
C2554	2	3	2	2	3	6			9	6	0	56865813
C2558	2	3	1	1	1	6			9	6	0	28177493
C2574	2	3	7	3	1	6	1	6	9	6	1	20791446
C2576	2	3	3	2	4	6			9	6	0	43037191
C2578	2	3	2	2	5	6			9	6	0	71686242
C2586	2	3	5	5	9	6	1	6	9	6	1	223549351
C2588	2	3	6	3	3	6			9	6	0	35484836
C2589	3	3	7	2	3	1			1	1	0	73743275
C2590	3	3	6	3	5	6			9	6	0	41775880
C2591	3	3	2	2	5	6			9	6	0	28491974
C2606	3	4	1	1	1	6			9	1	0	67750791
C2608	3	4	5	4	5	6		6	9	6	0	68553647
C2611	3	4	2	2	5	6			9	6	0	56865813
C2617	3	4	1	1	9	6			6	6	0	10095062
C2629	3	1	2	2	2	6			9	6	0	17908644
C2630	3	1	5	3	5	6	1	6	9	6	1	21422169
C2631	3	1	5	3	9	6		6	9	6	0	9723580
C2637	3	1	1	1	1	6			9	6	0	10839232
C2645	2	1	1	1	1	6			9	6	0	10095062
C2646	2	1	6	3	4	6			9	6	0	12713041
C2649	3	1	2	2	3	6			9	6	0	17908644
C2650	3	1	1	1	1	6			9	6	0	10095062
C2661	2	2	5	4	5	6	6	1	6	6	1	9451628
C2664	2	2	2	2	5	6			9	6	0	21761621
C2665	2	2	2	2	4	6			9	6	0	21761621
C2666	2	2	2	2	1	6			9	6	0	10207730
C2668	2	2	7	2	5	1			1	6	0	12683958
C2669	3	2	5	3	9	6	1	1	9	6	1	7250032
C2675	3	2	6	4	5	6			9	6	0	36109995
C2678	3	2	2	2	4	6			9	6	0	24265520
C2679	3	2	4	2	9	6			6	6	0	9642042
C2681	3	2	2	2	5	6			9	6	0	9378645
C2686	3	2	1	1	5	6			9	6	0	23311159
C2687	3	2	3	4	2	6	1	6	9	6	1	11183280
C2689	3	2	1	1	2	6			9	6	0	10095062
C2690	3	2	2	2	3	6			9	6	0	9141858
C2692	3	2	1	1	1	6			9	1	0	21843393
C2694	2	2	2	2	2	1			6	6	0	21761621
C2696	2	2	5	5	2	6	1	6	9	6	1	8634695
C2701	3	3	6	3	5	6			9	6	0	11220411
C2702	3	3	4	3	4	6			9	1	0	11513258
C2703	3	3	2	2	3	6			9	6	0	21761621
C2706	2	3	1	1	2	6			9	6	0	9041542
C2707	2	3	7	4	4	6			9	6	0	21508615
C2708	2	3	1	1	4	6			9	6	0	10095062
C2716	3	3	1	1	2	6			9	6	0	22292995
C2719	3	3	1	1	2	6			9	6	0	10095062
C2720	3	3	2	2	5	6			9	6	0	17908644
C2721	2	3	3	2	2	6		6	9	6	0	9098903
C2722	2	3	5	4	3	6	1	6	9	6	1	17132219
C2725	3	3	2	2	5	6			9	6	0	9141858
C2727	3	3	1	1	2	6			9	1	0	10095062
C2730	2	3	5	3	5	6	1	6	9	6	1	19933602
C2733	3	3	5	4	5	6		6	9	6	0	20013857
C2736	3	3	2	2	4	6			9	6	0	10207730
C2737	3	4	2	2	5	6			9	1	0	21761621
C2743	2	4	1	1	1	6			9	6	0	21336630
C2746	2	4	2	2	5	6			9	6	0	17908644
C2748	2	4	7	4	5	6	1	6	9	6	1	12209105
C2749	2	4	1	1	4	6			6	1	0	66595207
C2750	2	4	1	1	2	6			6	6	0	56998567
C2769	1	1	5	4	5	6		6	6	6	0	153371173
C2770	1	1	7	3	4	6		6	6	6	0	59789022
C2781	3	1	5	3	5	6	6	6	9	6	1	67946606
C2788	2	1	1	1	4	6			9	6	0	70261003
C2791	1	1	2	2	5	6			9	6	0	88279381
C2795	3	2	5	5	4	6	1	1	9	6	1	134099216
C2801	1	2	1	1	9	6			9	6	0	132698721
C2807	2	2	1	1	2	6			6	6	0	131757652
C2808	2	2	4	2	3	1			6	6	0	66026146
C2810	1	2	5	4	5	6			9	6	0	131156150
C2811	1	2	5	4	5	6			9	6	0	85690542
C2814	3	2	2	2	9	6			9	6	0	59123689
C2822	3	2	7	5	5	6		6	9	6	0	503010655
C2829	2	3	2	2	5	6			9	6	0	147413159
C2832	2	3	5	3	5	6		6	9	6	0	61298186
C2833	2	3	1	1	2	6			9	6	0	129620133
C2835	2	3	5	3	5	6	1	6	9	6	1	75107575
C2837	1	3	2	2	2	6			9	6	0	59123689
C2841	2	3	1	1	2	6			9	6	0	129620133
C2844	2	3	1	1	2	6			9	6	0	129620133
C2849	2	3	2	2	2	6			9	6	0	108795103
C2853	2	3	1	1	4	6			9	6	0	132698721
C2855	2	3	2	2	5	6			9	6	0	71047265
C2856	2	3	5	4	5	6		6	6	6	0	65484911
C2857	1	3	3	2	1	6			9	6	0	46698151
C2859	1	3	2	2	2	1			1	1	0	64350304
C2869	2	4	3	2	4	6		6	9	6	0	108356007
C2870	2	4	4	2	5	6			9	6	0	116878377
C2873	3	4	2	2	2	6			9	6	0	132201956
S0006	1	4	5	5	3	6	6	6	6	6	1	34188497
S0007	1	4	2	2	9	6			9	6	0	33389402
S0008	1	4	2	2	2	6			9	6	0	45805467
S0009	1	4	7	4	2	6			9	6	0	57327045
S0010	1	4	1	1	9	6			9	6	0	66992078
S0013	1	4	1	1	5	6			9	6	0	42938593
S0015	1	4	2	2	9	6			9	6	0	33389402
S0017	1	4	1	1	9	6			9	6	0	73191641
S0018	1	4	1	1	3	1			6	1	0	66992078
S0019	1	4	5	4	2	6	6	6	9	6	1	54544455
S0024	1	4	1	1	3	6			9	6	0	33020865
S0028	1	4	5	3	2	6			6	6	0	31805751
S0035	1	4	1	1	1	1			1	1	0	66992078
S0039	1	4	3	4	2	6	6	1	9	6	1	18478442
S0040	1	4	7	4	3	6			6	6	0	77166936
S0049	1	1	5	3	4	6		6	9	6	0	85131424
S0050	1	1	2	2	9	6			9	6	0	56228996
S0053	1	1	4	2	2	6			9	6	0	43418650
S0054	1	1	5	3	4	6	6	6	9	6	1	38971020
S0064	1	1	1	1	2	6			6	6	0	34554213
S0066	1	1	7	4	2	6		6	6	6	0	121143818
S0067	1	1	3	2	2	6		6	6	6	0	57550275
S0076	1	1	1	1	2	1			1	6	0	33020865
S0077	1	1	3	3	1	1			6	6	0	38508952
S0078	1	1	7	2	2	6			9	6	0	36787000
S0080	1	1	3	2	2	1			6	6	0	24230240
S0086	1	1	5	4	2	6	6	6	9	6	1	23746713
S0090	1	1	4	2	4	6			9	6	0	69732727
S0099	1	1	5	5	3	6	1	6	9	6	1	88019721
S0113	1	1	1	1	9	6			6	6	0	68096820
S0117	1	1	5	3	5	6			6	6	0	31827962
S0118	1	1	2	2	5	6			6	6	0	30677471
S0119	1	1	1	1	3	6			6	6	0	29574811
S0120	1	1	1	1	9	6			9	6	0	34554213
S0127	1	1	7	2	5	6			9	1	0	33389402
S0140	1	1	1	1	2	6			9	6	0	36456283
S0141	1	1	1	1	2	6			9	6	0	29574811
S0150	1	2	1	1	5	6			9	6	0	35455039
S0153	1	2	1	1	2	1			1	1	0	68583197
S0155	1	2	7	5	5	1		1	1	6	0	114036232
S0159	1	2	2	2	5	6			9	6	0	33389402
S0161	1	2	1	1	9	6			9	6	0	68583197
S0168	1	2	2	2	2	6			9	6	0	29902943
S0170	1	2	2	2	4	6			9	6	0	56228996
S0171	1	2	1	1	9	6			9	6	0	69994843
S0174	1	2	1	1	1	6			6	6	0	34554213
S0175	1	2	1	1	1	6			9	6	0	34554213
S0180	1	2	7	5	5	6		6	6	6	0	106701617
S0181	1	2	3	2	2	6			6	6	0	24213725
S0183	1	2	5	3	5	6	1	6	6	6	1	35255413
S0188	1	2	2	2	9	6			9	6	0	38895437
S0192	1	2	5	3	4	6		6	9	6	0	47526463
S0193	1	2	2	2	5	6			9	6	0	68326452
S0197	1	2	6	3	4	6			9	6	0	48956651
S0198	1	2	2	2	1	1			6	6	0	33389402
S0201	1	2	7	3	2	6	6	6	9	6	1	49725636
S0204	1	2	1	1	2	6			9	6	0	35455039
S0205	1	2	2	2	5	6			9	1	0	53884538
S0209	1	2	7	5	5	6	1	6	9	6	1	100570804
S0217	1	2	7	3	5	6			9	6	0	121061768
S0219	1	2	5	3	5	6	1	6	9	6	1	67260652
S0220	1	2	4	2	4	6			9	6	0	35225616
S0225	1	2	3	3	4	6		6	9	6	0	64279182
S0226	1	2	2	2	5	6			6	6	0	79666929
S0234	1	2	2	2	2	6			9	6	0	68326452
S0236	1	2	7	5	9	6	1	6	9	6	1	90285734
S0244	1	3	1	1	2	6			9	6	0	29574811
S0248	1	3	6	3	5	6			9	1	0	46450528
S0249	1	3	5	4	2	6	1	6	9	6	1	54169142
S0252	1	3	6	3	4	1			6	6	0	45272680
S0257	1	3	3	2	9	6			9	6	0	45795739
S0259	1	3	2	2	9	6			9	6	0	56228996
S0266	1	3	2	2	2	6			9	6	0	68326452
S0267	1	3	3	2	4	6			9	6	0	45795739
S0268	1	3	1	1	3	6			9	6	0	35455039
S0269	1	3	2	2	4	6			9	6	0	33389402
S0272	1	3	2	2	9	6			9	6	0	45805467
S0275	1	3	1	1	9	6			9	6	0	68096820
S0276	1	3	1	1	5	6			9	6	0	36456283
S0279	1	3	2	2	3	6			9	6	0	45805467
S0280	1	3	5	4	4	6	1	6	9	6	1	30916199
S0282	1	3	1	1	1	6			9	6	0	66992078
S0286	1	3	1	1	5	6			9	6	0	29574811
S0291	1	3	1	1	2	6			6	6	0	68096820
S0294	1	3	1	1	2	6			9	6	0	29574811
S0295	1	3	1	1	9	6			9	6	0	42938593
S0298	1	3	2	2	9	6			9	6	0	56228996
S0299	1	3	1	1	9	6			9	6	0	66992078
S0300	1	3	6	3	3	6			9	6	0	41584252
S0302	1	3	1	1	2	6			9	6	0	42938593
S0306	1	3	1	1	2	6			9	6	0	66992078
S0316	1	3	2	2	1	6			9	1	0	45805467
S0321	1	3	1	1	1	6			9	6	0	68583197
S0324	1	3	2	2	9	6			9	6	0	33389402
S0329	1	3	5	4	2	6			9	6	0	79267420
S0333	1	3	1	1	2	6			9	6	0	42938593
S0340	1	3	5	3	4	6			9	6	0	31022692
S0341	1	3	5	3	1	6	1	6	9	6	1	38971020
S0343	1	3	1	1	2	6			9	1	0	29574811
S0348	1	4	5	3	2	6	1	6	9	6	1	38971020
S0349	1	4	5	4	9	6		6	9	6	0	34025719
S0351	1	4	2	2	2	6			9	6	0	53884538
S0357	1	4	7	4	2	6	1	6	6	6	1	57879812
S0360	1	4	2	2	5	6			6	6	0	30677471
S0365	1	4	1	1	3	6			9	6	0	33020865
S0367	1	4	2	2	9	6			9	6	0	33389402
S0370	1	4	2	2	4	6			9	6	0	76188117
S0374	1	4	1	1	9	6			9	6	0	36456283
S0380	1	4	6	4	4	1			1	1	0	79353717
S0382	1	4	1	1	1	6			9	6	0	33020865
S0383	1	4	7	2	1	6		6	9	1	0	27005437
S0388	1	4	1	1	3	6			9	1	0	42938593
S0392	1	4	1	1	9	6			9	6	0	36456283
S0397	1	4	5	4	5	6			9	6	0	51001036
S0401	1	4	7	3	5	6			9	6	0	79625490
S0405	1	4	5	3	4	6	6	1	9	6	1	30481125
S0406	1	4	7	5	4	1		6	6	6	0	49574374
S0413	1	4	7	4	5	1	6	6	6	6	1	38572657
S0415	1	4	1	1	4	6			9	1	0	29874882
S0419	1	4	1	1	1	6			9	1	0	63901194
S0425	1	4	5	4	5	6		6	9	1	0	59939615
S0427	1	4	2	2	5	6			9	1	0	65174003
S0434	1	1	4	2	4	6			9	6	0	69553186
S0436	1	1	1	1	3	6			9	6	0	31519373
S0458	1	1	2	2	5	1			6	1	0	53634700
S0460	1	1	3	3	2	6		6	9	6	0	21703617
S0461	1	1	1	1	4	6			9	6	0	25569790
S0462	1	1	3	2	5	6	6	6	9	1	1	21178950
S0471	1	1	2	2	5	6			9	6	0	26523129
S0472	1	1	2	2	5	6			9	1	0	26523129
S0473	1	1	1	1	3	6			9	1	0	63901194
S0474	1	1	2	2	5	6			9	1	0	53634700
S0477	1	1	5	4	5	6	1	6	9	6	1	20071255
S0478	1	1	1	1	3	1			6	6	0	25569790
S0485	1	1	2	2	5	6			9	6	0	39602492
S0486	1	1	1	1	5	1			1	1	0	29874882
S0491	1	1	2	2	5	6			9	1	0	53634700
S0494	1	1	5	4	5	6	1	1	6	6	1	26729527
S0495	1	1	4	2	4	1			6	6	0	35870665
S0497	1	1	6	3	5	6			9	6	0	85565128
S0500	1	1	6	4	5	6			9	6	0	63715641
S0507	1	1	6	3	4	6			9	6	0	85565128
S0518	1	1	2	2	5	6			9	6	0	32703977
S0519	1	1	2	2	5	6			9	1	0	26523129
S0522	1	1	1	1	3	6			9	6	0	64954966
S0530	1	1	1	1	4	6			9	6	0	69814722
S0531	1	1	1	1	4	6			9	1	0	63901194
S0536	1	1	3	3	4	6	1	1	9	6	1	18124326
S0545	1	2	2	2	2	1			6	1	0	65174003
S0547	1	2	5	4	5	6	1	6	9	6	1	38162996
S0552	1	2	5	4	5	6		6	9	1	0	29376799
S0557	1	2	3	2	2	6	1	1	9	6	1	19222401
S0558	1	2	2	2	5	6			9	6	0	32106179
S0562	1	2	1	1	4	6			9	1	0	65418902
S0564	1	2	1	1	2	6			9	6	0	28549180
S0566	1	2	1	1	3	6			9	1	0	29874882
S0567	1	2	5	4	5	6			9	1	0	29417957
S0571	1	2	2	2	4	6			9	1	0	65779255
S0575	1	2	1	1	9	1			1	1	0	28549180
S0584	1	2	1	1	4	6			9	6	0	25569790
S0589	1	2	1	1	4	6			9	6	0	37123850
S0590	1	2	3	2	3	6			9	6	0	20934703
S0592	1	2	4	2	5	6			9	6	0	25853487
S0593	1	2	1	1	4	6			9	6	0	66765418
S0604	1	2	5	3	9	6		6	9	6	0	27498617
S0607	1	2	2	2	5	6			9	6	0	32703977
S0611	1	2	2	2	2	6			9	6	0	53634700
S0612	1	2	1	1	5	6			9	6	0	31519373
S0613	1	2	5	3	5	6		6	9	1	0	27498617
S0614	1	2	5	4	3	6		6	9	6	0	38414227
S0622	1	2	2	2	3	6			9	6	0	26523129
S0627	1	2	7	2	3	6			9	6	0	43856410
S0628	1	2	1	1	5	6			9	6	0	31519373
S0632	1	2	1	1	5	6			9	6	0	25569790
S0636	1	2	6	3	5	6			9	1	0	49398846
S0638	1	2	1	1	2	6			9	6	0	25569790
S0639	1	2	5	4	2	6			9	6	0	29397370
S0640	1	2	2	2	5	6			9	6	0	39602492
S0641	1	3	7	5	9	6	1	6	9	6	1	118977360
S0654	1	3	1	1	1	1			1	1	0	28549180
S0661	1	3	1	1	1	6			9	6	0	28549180
S0665	1	3	5	3	5	6	1	1	9	1	1	69934031
S0666	1	3	6	3	9	6			9	6	0	96714677
S0669	1	3	5	4	5	6			9	6	0	29397370
S0675	1	3	1	1	5	6			9	1	0	64954966
S0684	1	3	4	2	5	6			9	1	0	35870665
S0691	1	3	2	2	5	6			9	1	0	65174003
S0708	1	3	2	2	5	6			9	6	0	26523129
S0711	1	3	5	4	5	6			9	6	0	29397370
S0712	1	3	2	2	4	6			9	1	0	28867810
S0714	1	3	5	4	5	6	1	1	6	6	1	51309381
S0719	1	3	1	1	9	6			9	6	0	31519373
S0720	1	3	2	2	3	6			9	6	0	28867810
S0731	1	3	5	5	5	6			9	6	0	77024900
S0733	1	3	2	2	3	6			9	6	0	26523129
S0736	1	3	5	4	5	6	1	6	9	1	1	26729527
S0745	1	4	3	2	2	6	1	6	9	6	1	43980365
S0750	1	4	5	5	1	1	1	6	6	6	1	30252307
S0751	1	4	6	3	9	6			9	6	0	38068564
S0756	1	4	4	2	5	6			9	6	0	32106179
S0761	1	4	1	1	4	6			9	6	0	66765418
S0762	1	4	4	2	2	6			9	6	0	52772178
S0768	1	4	2	2	2	6			9	6	0	26523129
S0776	1	4	1	1	5	6			9	1	0	29874882
S0779	1	4	1	1	1	1			6	1	0	65418902
S0780	1	4	1	1	1	6			9	6	0	24152256
S0789	1	4	1	1	2	1			6	1	0	25569790
S0790	1	4	3	3	4	6			9	1	0	21703617
S0794	1	4	5	4	5	6	1	1	9	1	1	51309381
S0800	1	4	5	3	5	6	6	6	9	1	1	33693565
S0802	1	4	1	1	4	6			9	6	0	53647792
S0811	1	4	1	1	1	6			9	6	0	52403172
S0815	1	4	5	3	9	6	6	6	9	6	1	24747388
S0816	1	4	1	1	4	6			9	6	0	24255184
S0825	1	4	1	1	3	6			6	6	0	54752023
S0832	1	4	7	2	5	6			9	6	0	37824024
S0836	1	1	2	2	4	6			9	6	0	20990244
S0837	1	4	1	1	4	6			6	6	0	24255184
S0870	1	1	2	2	9	6			9	6	0	23437549
S0877	1	1	1	1	9	1			1	1	0	20759913
S0878	1	1	4	2	2	1			6	1	0	23437549
S0884	1	1	1	1	2	6			6	6	0	24887515
S0890	1	1	1	1	1	6			9	6	0	43437715
S0896	1	1	1	1	2	6			9	6	0	23178856
S0897	1	1	1	1	2	6			9	6	0	53647792
S0899	1	1	1	1	2	6			9	6	0	52403172
S0907	1	1	1	1	9	6			9	6	0	57252653
S0910	1	1	7	4	9	6		6	9	6	0	27528565
S0916	1	1	3	2	2	6	1	6	9	6	1	15606517
S0918	1	1	7	3	9	6			6	6	0	35328822
S0926	1	1	1	1	2	6			9	6	0	23178856
S0930	1	1	2	2	4	6			9	6	0	47251901
S0937	1	1	1	1	1	1			6	1	0	53647792
S0939	1	1	2	2	9	6			9	6	0	53446958
S0944	1	1	1	1	9	6			9	6	0	30140564
S0952	1	2	4	2	9	1			1	6	0	26066756
S0954	1	2	7	3	2	6			9	6	0	66027743
S0955	1	2	1	1	2	6			9	6	0	52403172
S0963	1	2	7	2	1	6			6	6	0	54716843
S0966	1	2	3	2	2	6		6	9	6	0	16996722
S0971	1	2	6	4	4	1			6	6	0	102646406
S0974	1	2	1	1	4	6			9	6	0	30140564
S0976	1	2	5	3	5	6	1	6	9	6	1	27355543
S0986	1	2	5	3	9	6			9	6	0	52987134
S0993	1	2	2	2	2	6			6	6	0	59596584
S0994	1	2	2	2	5	6			6	6	0	59596584
S0995	1	2	5	4	4	6	1	6	6	6	1	38654040
S1003	1	2	1	1	9	6			9	6	0	54752023
S1006	1	2	7	4	9	6			9	6	0	22231306
S1009	1	2	1	1	2	6			9	6	0	52403172
S1015	1	2	2	2	5	6			9	6	0	32152954
S1016	1	2	2	2	5	6			9	6	0	21533921
S1018	1	2	3	2	3	6			9	6	0	33287956
S1023	1	2	1	1	9	6			9	6	0	25590333
S1029	1	2	2	2	5	6			9	6	0	21533921
S1030	1	2	3	3	9	6	1	6	9	6	1	13387470
S1032	1	2	5	3	4	6			9	6	0	22325913
S1033	1	2	7	3	2	6			9	6	0	70169019
S1034	1	2	1	1	3	6			9	6	0	53267334
S1035	1	2	7	4	5	6			9	6	0	118699828
S1039	1	2	1	1	5	6			9	6	0	20759913
S1046	1	2	5	5	3	6	1	6	9	6	1	29818494
S1049	1	3	2	2	9	6			6	1	0	53446958
S1050	1	3	5	3	9	6	1	6	9	6	1	57350494
S1051	1	3	3	3	3	6		6	9	6	0	39932132
S1053	1	3	2	2	9	6			9	6	0	21533921
S1062	1	3	1	1	5	6			9	1	0	24255184
S1067	1	3	2	2	3	1			6	6	0	53446958
S1070	1	3	1	1	2	6			9	6	0	23178856
S1077	1	3	2	2	2	1			6	1	0	23437549
S1078	1	3	6	3	5	6			6	6	0	29189890
S1095	1	3	6	4	3	6			9	6	0	46526366
S1099	1	3	7	2	2	6			9	1	0	53446958
S1103	1	3	1	1	2	6			9	1	0	23178856
S1116	1	3	1	1	2	6			9	1	0	24255184
S1124	1	3	2	2	9	6			9	6	0	20990244
S1127	1	3	7	4	2	1		6	1	6	0	34219493
S1128	1	3	1	1	2	6			9	6	0	23178856
S1130	1	3	1	1	4	6			9	6	0	57252653
S1141	1	3	1	1	2	6			9	6	0	30140564
S1149	1	3	5	4	5	6		6	9	6	0	23867496
S1150	1	3	5	3	9	6		6	9	1	0	22341504
S1152	1	3	1	1	2	6			9	6	0	19595463
S1153	1	4	5	3	5	6			9	6	0	49120176
S1158	1	4	2	2	9	6			9	6	0	21533921
S1159	1	4	1	1	1	6			9	1	0	23178856
S1166	1	4	1	1	2	6			9	6	0	24887515
S1169	1	4	1	1	9	6			9	6	0	52403172
S1170	1	4	5	3	9	6	1	6	9	6	1	57350494
S1171	1	4	6	4	9	6			9	6	0	102646406
S1173	1	4	1	1	1	6			9	1	0	23178856
S1175	1	4	2	2	5	6			9	6	0	21533921
S1178	1	4	7	3	2	6			9	6	0	72115229
S1181	1	4	1	1	9	6			9	1	0	23178856
S1190	1	4	2	2	5	6			9	1	0	23437549
S1191	1	4	1	1	2	6			9	6	0	23178856
S1194	1	4	2	2	9	6			9	6	0	53446958
S1197	1	4	2	2	9	6			9	6	0	23437549
S1211	1	4	1	1	9	6			9	6	0	43076937
S1213	1	4	5	4	9	6			9	6	0	31301840
S1217	1	4	5	3	5	6	1	6	9	6	1	43249635
S1222	1	4	4	3	9	1			6	6	0	33597001
S1223	1	4	5	4	5	6		6	6	6	0	20328732
S1225	1	4	1	1	9	6			6	6	0	43787303
S1227	1	4	5	3	5	6			6	6	0	43556971
S1233	1	4	5	5	5	6	6	6	6	6	1	52213070
S1237	1	4	6	3	5	6			6	6	0	26343430
S1238	1	1	5	5	5	6	6	6	6	6	1	35064800
S1239	1	4	1	1	4	6			1	6	0	19756019
S1251	1	1	1	1	3	6			9	1	0	44100051
S1252	1	1	3	2	9	1			6	6	0	14486805
S1256	1	1	2	2	9	1			6	6	0	19976511
S1257	1	1	7	3	5	6			9	6	0	42850426
S1260	1	1	2	2	5	6			9	6	0	20496749
S1268	1	1	4	2	9	6			9	6	0	18869460
S1274	1	1	3	2	9	6			9	6	0	36010184
S1276	1	1	1	1	2	6			9	6	0	21212359
S1279	1	1	1	1	3	6			9	6	0	21811392
S1283	1	1	5	4	5	6	6	6	6	6	1	29967751
S1291	1	1	1	1	9	1			6	6	0	43076937
S1297	1	1	4	2	9	1			6	6	0	44659758
S1301	1	1	5	4	5	6			6	6	0	20342967
S1305	1	1	7	4	9	6			6	6	0	55434084
S1308	1	1	2	2	5	6			6	6	0	22631137
S1311	1	1	2	2	9	6			6	6	0	17890601
S1312	1	1	4	2	2	6			6	6	0	21075098
S1313	1	1	2	2	5	6			9	6	0	36156110
S1315	1	1	5	3	9	6	1	1	9	6	1	32849591
S1317	1	1	5	3	9	6	1	6	9	6	1	23315932
S1328	1	1	1	1	9	6			9	6	0	25689687
S1334	1	1	5	4	9	6	1	6	6	6	1	16699032
S1340	1	1	4	2	9	6			9	1	0	20496749
S1351	1	1	1	1	5	6			6	6	0	25689687
S1359	1	2	3	3	5	6		6	9	6	0	15029181
S1360	1	2	1	1	9	6			9	6	0	21811392
S1366	1	2	1	1	5	6			6	1	0	19756019
S1371	1	2	5	4	4	6			6	1	0	37466089
S1373	1	2	2	2	5	6			6	6	0	19976511
S1379	1	2	6	4	5	6			6	6	0	72903172
S1381	1	2	1	1	4	6			6	6	0	19756019
S1385	1	2	2	2	5	6			6	1	0	36156110
S1400	1	2	1	1	4	6			9	6	0	19756019
S1404	1	2	5	4	5	6		6	9	6	0	24618672
S1411	1	2	1	1	4	6			9	1	0	43076937
S1423	1	2	5	4	9	6		6	9	6	0	20342967
S1424	1	2	4	2	4	6			6	6	0	21449619
S1425	1	2	5	4	5	6		6	9	6	0	37466089
S1428	1	2	6	3	5	6			9	1	0	24246652
S1438	1	2	2	2	9	6			9	6	0	17890601
S1444	1	2	5	5	4	6			9	1	0	27756148
S1445	1	2	3	3	9	6		6	9	1	0	15029181
S1446	1	2	1	1	9	1			6	1	0	19756019
S1447	1	2	1	1	9	1			1	1	0	19756019
S1449	1	3	1	1	5	6			9	6	0	35707070
S1451	1	3	2	2	5	6			9	1	0	36412216
S1460	1	3	7	2	9	1			6	1	0	18353993
S1462	1	3	3	4	9	6	1	6	9	6	1	10104575
S1474	1	3	5	3	5	6		6	9	6	0	40378219
S1476	1	3	2	2	5	1			1	1	0	19976511
S1482	1	3	1	1	4	1			1	1	0	43076937
S1483	1	3	1	1	9	6			9	6	0	45007761
S1494	1	3	2	2	5	1			1	1	0	19976511
S1501	1	3	1	1	5	1			1	1	0	19756019
S1504	1	3	3	3	2	6		6	9	6	0	15018893
S1513	1	3	2	2	3	6			9	6	0	43934960
S1516	1	3	1	1	3	6			9	6	0	25689687
S1519	1	3	5	3	9	6	1	6	9	6	1	19798398
S1526	1	3	2	2	9	6			9	6	0	19976511
S1529	1	3	2	2	9	6			9	6	0	43934960
S1535	1	3	1	1	9	6			9	6	0	19756019
S1545	1	4	2	2	9	6			9	6	0	36156110
S1554	1	3	1	1	4	6			9	1	0	43076937
S1555	1	4	2	2	5	6			9	6	0	43934960
S1556	1	4	3	4	2	6			9	6	0	20931510
S1557	1	4	1	1	3	6			9	6	0	25689687
S1572	1	4	2	2	5	6			9	1	0	27404907
S1575	1	4	1	1	5	6			9	6	0	19756019
S1576	1	4	5	4	9	6		6	9	1	0	20342967
S1580	1	4	2	2	9	6			9	1	0	20496749
S1586	1	4	2	2	4	6			9	6	0	36156110
S1604	1	4	2	2	5	6			9	1	0	36277920
S1606	1	4	2	2	5	6			9	1	0	36277920
S1608	1	4	5	3	5	6			9	6	0	25207739
S1625	1	4	5	4	5	6		6	9	6	0	55604276
S1626	1	4	5	3	4	6	6	6	9	6	1	64875811
S1631	1	4	1	1	1	6			9	6	0	28873368
S1639	1	1	7	4	2	6		6	6	6	0	38223169
S1645	1	4	1	1	3	6			9	6	0	27366929
S1650	1	1	2	2	4	6			9	6	0	50107819
S1656	1	1	5	3	5	6		6	9	6	0	37640948
S1659	1	1	1	1	2	6			6	6	0	59279320
S1661	1	1	2	2	5	6			9	6	0	36277920
S1662	1	1	1	1	4	6			6	6	0	28080383
S1665	1	1	1	1	1	6			9	6	0	59279320
S1668	1	1	5	4	5	6	6	6	9	6	1	24485622
S1671	1	1	1	1	1	6			9	6	0	26152517
S1672	1	1	5	5	5	6	1	6	9	6	1	27582848
S1676	1	1	1	1	9	6			9	6	0	26152517
S1684	1	1	5	3	4	6	6	6	6	6	1	27922279
S1686	1	1	2	2	9	6			6	6	0	26444399
S1687	1	1	6	3	9	6			6	6	0	38773657
S1697	1	1	1	1	4	6			6	6	0	59279320
S1701	1	1	2	2	4	6			6	6	0	26444399
S1703	1	1	1	1	9	6			6	6	0	28080383
S1705	1	1	3	2	3	6			9	6	0	37655877
S1710	1	1	5	3	4	6			6	6	0	25207739
S1711	1	1	1	1	1	6			9	6	0	23423243
S1727	1	1	1	1	2	6			9	6	0	26152517
S1730	1	1	7	4	9	6			9	6	0	67887478
S1736	1	1	2	2	3	6			9	6	0	26444399
S1741	1	1	1	1	9	6			9	6	0	28873368
S1754	1	2	2	2	5	6			9	6	0	49755386
S1755	1	2	1	1	2	1			1	1	0	59279320
S1756	1	2	2	2	5	6			9	6	0	36277920
S1759	1	2	4	3	3	1			6	6	0	29826530
S1764	1	2	2	2	2	1			6	1	0	26444399
S1765	1	2	5	4	9	6		6	9	6	0	26929504
S1770	1	2	2	2	4	1			6	6	0	60460068
S1771	1	2	5	3	9	6	6	6	6	6	1	59516974
S1780	1	2	5	4	9	6	1	6	9	6	1	29835264
S1781	1	2	7	3	1	6	1	6	9	6	1	21284798
S1798	1	2	1	1	1	6			9	6	0	26152517
S1799	1	2	1	1	9	1			1	1	0	26152517
S1800	1	2	5	4	5	6	1	6	9	6	1	24485622
S1802	1	2	2	2	5	6			6	6	0	64471748
S1803	1	2	1	1	2	6			6	6	0	60687254
S1804	1	2	4	2	5	6			6	6	0	24978913
S1808	1	2	7	2	3	6			6	6	0	25272465
S1809	1	2	1	1	2	6			9	6	0	59279320
S1810	1	2	7	3	4	6			9	6	0	76151976
S1811	1	2	5	3	5	6	1	6	9	6	1	64875811
S1813	1	2	1	1	3	6			9	6	0	23423243
S1822	1	2	5	3	5	6			9	6	0	25190148
S1825	1	2	1	1	2	6			6	6	0	59279320
S1831	1	2	5	5	5	1			6	6	0	83224944
S1833	1	2	3	2	2	6		6	9	6	0	37655877
S1839	1	2	7	4	5	6			9	6	0	58366805
S1840	1	2	2	2	5	6			9	6	0	26444399
S1843	1	2	1	1	5	6			9	6	0	49137449
S1844	1	2	7	5	5	1	1	6	6	6	1	39510691
S1845	1	2	1	1	2	6			9	6	0	28080383
S1848	1	2	2	2	2	6			9	6	0	24296550
S1855	1	3	1	1	5	6			9	6	0	34007356
S1856	1	3	2	2	5	6			6	6	0	36277920
S1865	1	3	2	2	9	6			9	6	0	70494923
S1870	1	3	1	1	2	1			6	1	0	27366929
S1874	1	3	7	3	9	6			9	6	0	74393232
S1875	1	3	5	4	5	6	1	6	9	6	1	55992893
S1877	1	3	2	2	9	6			9	6	0	23683124
S1880	1	3	1	1	3	6			9	6	0	27366929
S1883	1	3	1	1	9	6			9	6	0	60256874
S1889	1	3	1	1	5	6			9	6	0	49137449
S1890	1	3	2	2	4	6			9	6	0	67416624
S1892	1	3	7	5	5	6	6	6	9	6	1	48019820
S1893	1	3	3	2	4	6		6	9	1	0	19177265
S1895	1	3	2	2	9	6			9	6	0	24296550
S1903	1	3	7	3	9	6			9	6	0	32029831
S1904	1	3	2	2	3	6			9	6	0	24296550
S1906	1	3	3	3	5	6	1	6	9	1	1	29102969
S1914	1	3	2	2	5	6			9	6	0	49755386
S1919	1	3	5	4	5	6	1	6	9	1	1	20268842
S1921	1	3	1	1	2	6			9	6	0	49137449
S1923	1	3	1	1	3	6			6	6	0	61936379
S1925	1	3	1	1	5	6			9	6	0	28080383
S1931	1	3	1	1	2	6			9	6	0	64765131
S1938	1	3	2	2	5	6			9	6	0	67416624
S1939	1	3	5	3	5	6	1	6	9	6	1	59516974
S1940	1	3	1	1	3	6			9	6	0	23423243
S1945	1	4	1	1	2	6			9	6	0	61936379
S1948	1	3	6	4	9	6			9	6	0	53813436
S1949	1	4	1	1	9	6			9	6	0	28873368
S1950	1	4	7	3	9	1			6	6	0	32476156
S1957	1	4	2	2	2	6			9	6	0	23683124
S1958	1	4	2	2	9	6			9	6	0	26444399
S1960	1	4	7	4	4	6	1	6	9	6	1	39042530
S1962	1	4	1	1	3	6			9	6	0	60256874
S1969	1	4	1	1	9	6			9	6	0	61936379
S1973	1	4	3	3	9	6		6	9	6	0	19895248
S1975	1	4	1	1	9	6			9	6	0	34007356
S1978	1	4	5	3	5	6	1	6	9	6	1	64875811
S1981	1	4	1	1	5	6			9	6	0	28080383
S1992	1	4	5	4	5	6	1	6	9	6	1	27056160
S1993	1	4	3	2	4	6	1	6	9	6	1	37535443
S1998	1	4	1	1	2	6			9	6	0	27366929
S2003	2	4	3	3	1	6			9	6	0	113140935
S2004	2	4	1	1	2	1			6	1	0	74722794
S2010	1	4	2	2	9	6			9	6	0	135191427
S2013	1	4	1	1	9	6			9	6	0	74722794
S2017	1	4	1	1	9	6			9	6	0	167105005
S2021	1	4	5	3	5	6		6	9	6	0	88826864
S2022	1	4	5	4	9	6		6	6	6	0	93114707
S2025	1	4	1	1	2	6			9	6	0	159936233
S2028	1	4	6	3	9	6			9	6	0	94100851
S2029	1	4	1	1	9	6			9	6	0	78192603
S2042	1	4	5	3	9	6		6	6	6	0	219206776
S2043	1	4	5	4	5	6	6	6	9	6	1	175158034
S2045	1	4	6	3	9	1			6	6	0	110783827
S2047	1	4	6	3	9	6			9	6	0	94100851
S2068	2	4	2	2	9	6			9	6	0	75556755
S2070	2	4	2	2	5	6			9	6	0	85597293
S2078	1	1	1	1	2	6			9	6	0	82496788
S2092	1	1	5	5	3	6	6	6	6	6	1	86013789
S2098	1	1	1	1	9	6			9	6	0	159936233
S2099	1	1	1	1	1	6			6	6	0	159936233
S2100	1	1	1	1	2	6			6	6	0	82496788
S2101	1	1	1	1	2	1			6	1	0	74722794
S2109	1	1	1	1	3	6			6	6	0	80231079
S2110	1	1	1	1	2	6			6	6	0	74722794
S2112	1	1	1	1	2	6			6	6	0	74722794
S2113	1	1	3	3	4	6		6	6	6	0	149307685
S2119	1	1	3	2	9	6		6	6	6	0	67349311
S2121	1	1	4	2	3	6			6	6	0	132081779
S2126	1	1	3	3	9	6		6	6	6	0	56805656
S2132	1	1	6	3	5	6			9	6	0	102447382
S2133	1	1	2	2	2	6			9	6	0	69419938
S2134	1	1	5	3	9	6	1	6	9	6	1	65933420
S2152	1	1	4	2	9	1			1	6	0	64687032
S2153	1	1	1	1	1	6			6	6	0	162573684
S2157	1	1	1	1	2	6			6	6	0	66924731
S2162	1	1	7	5	9	6			9	6	0	360522034
S2164	1	1	7	5	3	6	1	6	9	6	1	77870397
S2173	1	1	5	3	9	6	1	6	9	6	1	65933420
S2179	1	1	5	4	5	6	1	6	9	6	1	106543074
S2181	1	1	3	2	4	6			9	6	0	54830522
S2184	1	1	2	2	5	6			9	6	0	103653024
S2186	1	1	1	1	1	6			9	6	0	162573684
S2189	1	1	7	5	9	6			6	6	0	310741035
S2190	1	1	7	2	1	6			9	6	0	54793150
S2192	1	1	1	1	1	6			9	6	0	66924731
S2198	2	1	5	4	5	6		6	9	6	0	76942794
S2209	1	1	1	1	2	6			6	6	0	167105005
S2215	1	1	5	3	5	6		6	6	6	0	88764567
S2218	1	1	5	3	4	6	1	6	9	6	1	175035625
S2220	1	1	2	2	3	6			9	6	0	75556755
S2222	1	1	1	1	9	6			9	6	0	74722794
S2227	1	2	2	2	3	6			9	6	0	181890765
S2231	1	2	4	2	2	6			6	6	0	84032655
S2234	1	2	2	2	1	6			9	6	0	134240557
S2236	1	2	6	3	1	6			9	6	0	83052534
S2239	1	2	1	1	2	6			9	6	0	97165586
S2247	2	2	5	3	5	1			6	6	0	71973119
S2248	2	2	5	3	5	6			9	6	0	71973119
S2250	1	2	6	3	9	1			6	6	0	215681456
S2251	1	2	2	2	9	6			9	6	0	134240557
S2252	1	2	2	2	9	6			9	1	0	75556755
S2255	1	2	1	1	3	6			9	6	0	66924731
S2256	1	2	7	5	2	6	1	6	9	6	1	137295802
S2257	1	2	1	1	1	1			1	1	0	159936233
S2259	1	2	6	3	3	6			9	1	0	204836972
S2268	1	2	1	1	1	6			9	6	0	74722794
S2270	1	2	1	1	1	6			9	6	0	80231079
S2271	1	2	1	1	2	6			9	6	0	78192603
S2274	1	2	7	5	2	6			9	6	0	489736519
S2275	1	2	1	1	2	1			6	1	0	159936233
S2276	1	2	2	2	3	6			9	6	0	75556755
S2283	1	2	5	4	4	6	1	6	9	6	1	110305949
S2287	1	2	2	2	2	6			9	6	0	75556755
S2289	1	2	1	1	2	6			9	1	0	163734854
S2290	1	2	1	1	9	6			9	6	0	159936233
S2291	1	2	1	1	1	6			9	6	0	163734854
S2292	1	2	5	5	2	6	1	6	9	6	1	105400692
S2297	1	2	5	4	5	6		6	6	6	0	219359170
S2306	1	2	1	1	2	6			9	6	0	174737010
S2310	1	2	3	2	9	6			9	6	0	54793150
S2320	1	2	1	1	1	6			9	6	0	74722794
S2323	1	2	1	1	4	6			9	6	0	163734854
S2334	1	2	5	3	5	6	1	6	6	6	1	88187379
S2335	1	2	2	2	4	6			6	6	0	75556755
S2344	1	2	3	4	2	6	1	1	6	6	1	41842048
S2345	1	2	6	4	4	6			9	6	0	282716705
S2349	1	2	1	1	2	1			6	1	0	80231079
S2351	1	2	2	2	5	6			9	6	0	88016343
S2352	1	2	1	1	9	6			9	6	0	82496788
S2370	1	2	5	4	5	6		6	9	6	0	139104252
S2375	1	2	5	3	5	6		6	9	6	0	87141768
S2387	1	2	7	5	4	6	6	6	9	6	1	176738804
S2389	1	2	4	2	4	6			9	6	0	71369578
S2395	1	2	2	2	3	6			9	6	0	163121904
S2411	1	3	5	3	9	6	1	6	9	6	1	149419340
S2413	1	3	2	2	2	6			9	6	0	75556755
S2414	1	3	1	1	9	1			6	1	0	74722794
S2419	1	3	1	1	2	6			9	6	0	159936233
S2423	1	3	7	5	9	6			9	6	0	149574163
S2426	1	3	5	4	4	6		6	9	6	0	139104252
S2432	1	3	5	3	5	6			9	6	0	72023380
S2436	1	3	1	1	4	6			9	6	0	66924731
S2438	1	3	1	1	4	6			9	6	0	66924731
S2446	1	3	1	1	4	6			9	6	0	80231079
S2450	2	3	3	3	3	6		6	9	6	0	131350939
S2464	1	3	1	1	2	6			9	1	0	74722794
S2468	1	3	3	2	3	6			9	6	0	54793150
S2472	1	3	5	3	5	6		6	9	6	0	88764567
S2474	1	3	1	1	2	6			9	6	0	159936233
S2476	1	3	5	3	5	6		6	9	6	0	70201137
S2482	1	3	2	2	5	6			9	6	0	134240557
S2483	1	3	3	3	9	6			9	6	0	154085796
S2485	1	3	7	4	9	1			6	6	0	95366000
S2493	1	3	2	2	3	6			9	6	0	75556755
S2494	1	3	3	2	2	6			9	6	0	54830522
S2509	1	3	3	2	9	6		6	9	6	0	54830522
S2510	1	3	3	3	9	6		6	9	6	0	56805656
S2516	1	3	2	2	2	6			9	6	0	69419938
S2522	1	3	1	1	2	6			9	6	0	159936233
S2529	1	3	1	1	4	6			9	1	0	174737010
S2530	1	3	5	4	4	6			6	6	0	150020924
S2533	1	3	1	1	2	6			9	1	0	74722794
S2538	1	3	2	2	4	6			9	6	0	134240557
S2539	1	3	6	3	5	6			9	6	0	214158192
S2547	1	3	6	4	5	6			9	6	0	326928868
S2553	1	3	1	1	2	6			9	6	0	163734854
S2560	1	3	1	1	2	6			9	6	0	74722794
S2561	1	3	5	4	1	6	1	6	9	6	1	73073174
S2570	1	3	2	2	2	6			9	6	0	163121904
S2579	2	4	5	4	9	6		6	9	6	0	150020924
S2582	2	4	2	2	9	6			9	6	0	69419938
S2583	2	4	1	1	9	6			9	6	0	97165586
S2586	1	4	6	3	2	1			1	1	0	197460277
S2588	1	4	1	1	1	1			6	1	0	78192603
S2593	1	4	1	1	1	6			9	6	0	132573358
S2598	1	4	6	3	9	6			9	6	0	94100851
S2601	2	4	7	4	5	6			9	6	0	181861435
S2606	2	4	1	1	2	6			9	6	0	80231079
S2607	2	4	2	2	3	6			9	6	0	75556755
S2610	1	4	2	2	4	6			9	6	0	163121904
S2613	1	4	1	1	4	6			9	6	0	82496788
S2629	1	4	5	3	5	6			9	6	0	71973119
S2630	1	4	1	1	2	6			9	6	0	66924731
S2634	1	4	4	2	4	6			9	6	0	161965165
S2644	1	4	6	4	9	6			9	6	0	149989283
S2649	2	4	5	3	4	6	1	6	9	6	1	160577425
S2650	2	4	3	2	3	6	1	6	9	6	1	101271023
S2651	2	4	1	1	4	6			9	6	0	132573358
S2654	2	4	2	2	3	6			9	6	0	67667260
S2656	2	4	1	1	2	6			9	6	0	74722794
S2663	2	4	1	1	1	6			9	6	0	65658048
S2666	2	4	4	2	2	6			6	6	0	148986811
S2667	2	4	5	5	4	6	6	6	9	6	1	178993267
S2670	2	4	2	2	9	6			9	6	0	60998490
S2672	2	4	2	2	9	6			9	6	0	60998490
S2673	1	4	5	4	5	6	6	6	9	6	1	101138900
S2674	1	4	2	2	9	6			9	6	0	167315763
S2679	1	4	2	2	9	6			9	6	0	66390840
S2691	1	4	5	4	5	6	6	6	9	6	1	118130181
S2692	1	4	5	5	9	6			9	6	0	120238064
S2693	1	4	1	1	1	6			9	6	0	65658048
S2694	1	4	6	3	3	1			6	6	0	90019321
S2702	2	4	1	1	1	1			1	1	0	65658048
S2706	2	4	1	1	9	1			1	1	0	147120458
S2711	2	4	2	2	9	6			9	6	0	59458433
S2715	1	4	2	2	5	6			6	6	0	167315763
S2717	1	4	6	3	9	6			6	6	0	82685322
S2723	1	4	6	3	9	6			6	6	0	196997583
S2724	1	4	1	1	9	6			6	6	0	72488967
S2726	1	4	1	1	9	1			1	6	0	65658048
S2727	1	4	1	1	9	6			6	6	0	58805982
S2732	1	4	7	3	5	6		6	6	6	0	61641933
S2754	1	1	5	4	3	6	6	6	9	6	1	149345106
S2755	1	1	2	2	2	6			9	6	0	123483790
S2756	1	1	1	1	2	6			6	6	0	70498114
S2758	1	1	2	2	4	1			1	6	0	59458433
S2760	1	1	2	2	5	6			9	6	0	66390840
S2763	1	1	5	4	1	6	6	6	9	6	1	90739698
S2765	1	1	5	3	9	6		6	9	6	0	63241941
S2766	1	1	1	1	2	6			9	6	0	85378268
S2769	1	1	1	1	1	6			6	6	0	121950185
S2775	1	1	5	4	4	6	1	6	9	6	1	55498317
S2779	2	1	1	1	2	6			9	6	0	149546569
S2782	2	1	5	3	2	6			9	6	0	63286105
S2783	2	1	5	4	9	6			9	6	0	67561426
S2790	2	1	3	2	9	6	6	6	6	6	1	48707827
S2791	2	1	1	1	2	6			6	6	0	65658048
S2793	1	1	5	3	5	6			9	6	0	137903539
S2795	1	1	5	4	5	6	1	6	9	6	1	149345106
S2796	1	1	5	5	5	1	1	6	6	6	1	75579315
S2800	1	1	5	3	9	6	6	6	6	6	1	70101181
S2802	2	1	2	2	2	6			9	6	0	150050860
S2805	2	1	7	4	9	6	1	6	9	6	1	65575504
S2806	2	1	2	2	4	6			9	6	0	75213344
S2814	3	1	1	1	9	6			9	6	0	70498114
S2819	2	1	5	4	9	6		6	9	6	0	127957755
S2820	2	1	5	3	4	6			9	6	0	52851114
S2833	2	1	5	4	3	6		6	9	6	0	201781805
S2834	2	1	3	3	2	6		6	9	6	0	159237649
S2836	2	1	2	2	3	6			9	6	0	91078705
S2838	2	1	2	2	3	6			9	6	0	60998490
S2845	2	1	5	4	9	6			9	6	0	67656082
S2848	2	1	1	1	2	6			9	6	0	70498114
S2860	1	1	2	2	3	6			9	6	0	66390840
S2861	1	1	5	4	2	6	1	6	9	6	1	61473171
S2865	2	1	5	4	9	6	6	6	9	6	1	138964146
S2867	2	1	1	1	2	6			9	6	0	147120458
S2869	2	1	5	3	5	6	6	6	9	6	1	77489222
S2875	1	1	2	2	9	6			9	6	0	123483790
S2876	1	1	1	1	5	6			9	6	0	68706929
S2882	2	1	6	3	5	6			9	6	0	188423278
S2892	2	1	5	4	4	6	1	6	9	6	1	50296761
S2896	2	1	1	1	3	6			9	6	0	58805982
S2898	1	1	2	2	4	6			9	6	0	123483790
S2901	1	1	5	4	3	6			9	6	0	67561426
S2905	1	1	2	2	9	6			9	6	0	123483790
S2906	1	1	6	3	9	6			9	6	0	196997583
S2908	1	1	1	1	9	6			9	6	0	85378268
S2909	1	1	3	4	9	6		6	9	6	0	63786363
S2913	1	2	5	3	5	6	6	6	9	6	1	147710272
S2914	1	2	3	2	2	6	1	6	9	6	1	74822822
S2915	1	2	1	1	9	6			9	6	0	160735241
S2922	1	2	5	3	2	6	6	6	9	6	1	127171569
S2933	2	2	5	3	5	6	6	6	9	6	1	77489222
S2934	2	2	1	1	2	6			9	6	0	70498114
S2938	2	2	2	2	9	6			9	6	0	150050860
S2940	2	2	5	4	9	6	1	6	9	6	1	82858148
S2943	2	2	1	1	1	6			9	6	0	65658048
S2948	1	2	5	4	5	6			9	6	0	67608737
S2955	1	2	5	3	9	6			9	6	0	137903539
S2956	1	2	6	3	5	6			9	6	0	82685322
S2959	1	2	2	2	9	6			9	6	0	60998490
S2960	1	2	6	3	5	6			9	6	0	97344458
S2962	2	2	5	4	9	6	1	6	9	6	1	108520151
S2964	2	2	1	1	1	6			9	6	0	58805982
S2965	2	2	2	2	4	6			9	6	0	60998490
S2974	1	2	1	1	2	6			9	6	0	68706929
S2975	1	2	2	2	3	6			9	6	0	59458433
S2977	1	2	3	2	9	6			9	6	0	114099821
S2978	1	2	1	1	2	6			9	6	0	147120458
S2979	1	2	1	1	1	6			6	1	0	147120458
S2981	1	2	1	1	1	1			6	1	0	65658048
S2982	1	2	4	2	3	6			9	6	0	56839741
S2987	3	2	6	3	2	6			9	6	0	196997583
S2995	1	2	5	3	9	6			6	6	0	186956048
S2997	1	2	5	3	9	6			9	6	0	63286105
S3000	1	2	5	3	1	6	6	6	6	6	1	82565996
S3013	1	2	5	4	9	6	6	6	9	6	1	61473171
S3014	1	2	3	4	9	6		6	9	6	0	53263438
S3015	1	2	1	1	9	6			9	6	0	70498114
S3026	2	2	5	3	9	6			9	6	0	137903539
S3027	2	2	3	2	2	1	1	6	6	6	1	101256502
S3036	2	2	1	1	2	6			9	6	0	70498114
S3037	2	2	5	3	5	6	6	6	9	6	1	63997191
S3040	2	2	1	1	4	6			9	6	0	70498114
S3042	2	2	7	4	5	6			6	6	0	199344769
S3045	2	2	2	2	2	1			1	1	0	66390840
S3047	2	2	2	2	3	1			6	6	0	66390840
S3049	2	2	7	5	9	6		6	6	6	0	233168494
S3050	2	2	6	3	9	6			9	6	0	188423278
S3052	2	2	6	3	5	6			9	6	0	97344458
S3053	2	2	5	3	9	6		6	9	6	0	63241941
S3057	2	2	1	1	3	6			9	6	0	149546569
S3058	2	2	1	1	9	1			6	1	0	147120458
S3062	2	2	1	1	9	6			9	6	0	65658048
S3063	2	2	6	4	9	6			9	6	0	146534670
S3068	1	2	1	1	3	6			6	6	0	65658048
S3072	1	2	2	2	9	1			6	1	0	66390840
S3075	2	3	5	3	4	6			9	6	0	173956603
S3077	2	3	2	2	9	6			9	6	0	77338935
S3078	2	3	5	4	9	6		6	9	6	0	67656082
S3080	2	3	2	2	9	6			9	6	0	59458433
S3084	2	3	7	5	5	1	1	6	6	6	1	76850419
S3091	1	3	5	3	9	6			9	6	0	137903539
S3094	1	3	6	3	9	6			9	6	0	97344458
S3097	1	3	5	3	2	6			9	6	0	149822312
S3098	1	3	5	3	9	6			9	6	0	148759917
S3102	1	3	1	1	9	6			9	6	0	58805982
S3104	1	3	4	2	4	6			9	6	0	68119824
S3106	1	3	4	3	3	6			9	6	0	211639466
S3107	1	3	4	2	1	1			1	6	0	121497996
S3109	1	3	1	1	2	1			1	1	0	65658048
S3111	1	3	3	3	5	6		6	9	6	0	59719333
S3119	1	3	2	2	9	6			9	6	0	91078705
S3129	1	3	3	3	9	6	1	6	9	6	1	103737256
S3132	1	3	5	5	3	6	1	6	9	6	1	75579315
S3133	1	3	1	1	1	6			9	6	0	65658048
S3139	1	3	4	2	9	6			9	6	0	126898510
S3140	1	3	1	1	9	6			9	6	0	65658048
S3145	2	3	5	4	9	6	1	6	9	6	1	138522036
S3152	2	3	5	3	9	6		6	9	6	0	63241941
S3156	2	3	7	3	5	6			9	6	0	74881961
S3161	1	3	7	3	3	6			9	6	0	202461515
S3164	1	3	4	2	2	1			6	1	0	56839741
S3172	1	3	5	3	3	6	1	6	9	6	1	77489222
S3173	1	3	3	3	1	6	1	6	9	6	1	45782206
S3175	1	3	4	2	2	1			1	6	0	68119824
S3178	2	3	2	2	9	6			9	6	0	123483790
S3185	1	3	3	3	5	6			9	6	0	196198693
S3189	1	3	2	2	3	6			9	6	0	66390840
S3194	2	3	5	5	4	6		6	9	6	0	177335318
S3198	2	3	5	4	5	6	1	1	9	6	1	74956451
S3199	2	3	7	4	9	6	6	6	9	6	1	87772641
S3211	1	3	1	1	4	6			9	1	0	147120458
S3215	1	3	2	2	2	6			9	1	0	66390840
S3216	1	3	3	2	9	6			9	6	0	48178941
S3217	1	3	2	2	9	6			9	6	0	123483790
S3222	1	3	2	2	5	1			6	6	0	66390840
S3224	1	3	5	3	9	6		6	9	6	0	76570456
S3227	2	3	2	2	5	6			9	1	0	124358467
S3234	2	3	5	4	5	6			9	6	0	188554681
S3236	2	3	2	2	5	6			9	6	0	60998490
S3242	1	3	2	2	5	6			9	6	0	123483790
S3244	1	4	5	3	5	6		1	9	6	0	94500700
S3247	1	4	5	4	4	6	1	1	9	6	1	61473171
S3249	1	4	5	3	5	6		6	9	6	0	137903539
S3250	1	4	2	2	3	6			9	6	0	167315763
S3251	1	4	1	1	5	6			9	6	0	149546569
S3252	1	4	1	1	2	6			9	1	0	65658048
S3258	1	4	6	3	5	6			9	6	0	188423278
S3262	1	4	5	3	5	6			9	6	0	63286105
S3265	1	4	2	2	4	6			9	6	0	124358467
S3269	1	4	2	2	3	6			9	6	0	60998490
S3273	1	4	1	1	1	6			9	6	0	147120458
S3280	1	4	5	4	5	6			9	6	0	104029949
S3290	1	4	1	1	2	6			9	6	0	147120458
S3291	1	4	5	4	9	6	1	6	9	6	1	118519598
S3295	1	4	1	1	9	6			9	6	0	65658048
S3299	1	4	1	1	2	6			9	6	0	160735241
S3300	1	4	2	2	3	6			9	6	0	66390840
S3303	1	4	5	4	2	6		6	9	6	0	83400104
S3317	1	4	6	3	4	6			9	6	0	86023258
S3320	1	4	4	2	5	6			9	6	0	82496167
S3329	2	4	1	1	4	6			9	6	0	74871443
S3336	2	4	5	4	2	6	6	6	9	6	1	27578445
S3337	3	4	7	2	3	6			9	6	0	102723686
S3345	2	4	5	4	5	6	6	1	9	6	1	72526147
S3350	2	4	5	4	4	6	1	1	9	6	1	45166117
S3357	2	4	1	1	1	6			9	6	0	39590990
S3359	2	4	5	3	3	6	6	6	9	6	1	42270144
S3365	2	4	2	2	5	6			9	6	0	44523711
S3372	1	4	5	5	3	6		6	6	6	0	97500067
S3373	1	4	2	2	5	6			6	6	0	36781335
S3375	1	4	5	4	9	6			6	6	0	40767231
S3376	1	4	5	3	5	6			6	6	0	38160738
S3386	2	1	1	1	2	6			9	6	0	98683568
S3395	2	1	6	3	4	1			6	6	0	111516643
S3398	2	1	4	3	4	6			9	6	0	70907557
S3401	2	1	2	2	5	6			6	1	0	92123881
S3408	2	1	2	2	5	6			9	6	0	42000120
S3416	1	1	3	3	4	6		6	9	6	0	30077205
S3426	2	1	1	1	3	6			9	6	0	91814271
S3430	2	1	2	2	3	6			6	1	0	40032855
S3434	3	1	1	1	1	6			6	6	0	92470047
S3439	3	1	5	4	2	6		6	9	6	0	60819110
S3440	3	1	5	3	5	6	1	6	9	6	1	37887416
S3444	1	1	7	4	4	6		6	9	6	0	48248020
S3445	1	1	7	5	2	1	6	6	1	6	1	82409685
S3448	1	1	1	1	2	6			9	6	0	35459279
S3453	2	1	5	3	4	6		6	9	6	0	47063865
S3460	2	1	2	2	4	6			9	1	0	45352716
S3461	2	1	1	1	4	6			9	6	0	39590990
S3473	1	1	1	1	3	6			9	6	0	91814271
S3491	2	1	1	1	1	6			9	6	0	74871443
S3497	2	1	2	2	4	6			9	6	0	76350009
S3498	2	1	2	2	3	1			6	6	0	92123881
S3502	2	1	1	1	3	6			9	6	0	41429428
S3503	2	1	1	1	2	6			9	6	0	51482039
S3504	2	1	5	3	3	6			9	6	0	38160738
S3508	2	1	5	4	4	6	1	6	9	6	1	45166117
S3515	2	1	7	5	5	6			9	6	0	373671037
S3518	2	1	5	3	5	6			9	6	0	38160738
S3522	1	2	7	4	4	1			6	6	0	141129785
S3525	1	2	6	3	1	1			6	6	0	58697503
S3526	1	2	2	2	3	1			6	6	0	40032855
S3529	2	2	5	3	2	6			9	6	0	85269305
S3543	1	2	5	3	4	6			9	6	0	38134107
S3547	2	2	2	2	9	1			6	6	0	75813001
S3551	2	2	2	2	4	6			9	6	0	37814329
S3553	3	2	1	1	1	6			9	6	0	90324758
S3559	3	2	5	3	5	6			9	1	0	38160738
S3561	3	2	2	2	4	6			9	6	0	75813001
S3570	3	2	2	2	5	6			9	6	0	76350009
S3582	1	2	2	2	2	6			9	6	0	40032855
S3584	1	2	1	1	1	6			9	6	0	39590990
S3593	3	2	2	2	5	6			9	6	0	75813001
S3594	3	2	5	3	4	6		1	6	6	0	91331305
S3595	3	2	2	2	4	6			9	6	0	92123881
S3596	3	2	6	3	4	6			9	6	0	48590201
S3602	2	2	7	4	2	6	1	6	9	6	1	99325999
S3603	2	2	1	1	1	1			6	6	0	91814271
S3604	2	2	1	1	2	6			9	6	0	42509490
S3611	3	2	2	2	2	6			9	6	0	76350009
S3613	3	2	3	3	2	6	1	6	9	6	1	27624807
S3615	3	2	1	1	3	6			9	6	0	42509490
S3618	2	2	5	4	5	6		6	9	6	0	91395119
S3619	2	2	2	2	4	6			9	6	0	76350009
S3625	2	2	2	2	3	6			9	6	0	92123881
S3631	2	2	5	4	5	6	1	1	9	6	1	41255399
S3634	3	2	2	2	3	6			9	6	0	92123881
S3635	3	2	5	4	5	6		1	9	6	0	115293009
S3639	3	2	1	1	3	6			9	6	0	51482039
S3645	1	2	2	2	5	6			9	6	0	40032855
S3649	2	2	5	5	2	6	6	6	9	6	1	188776076
S3652	2	3	2	2	2	6			9	6	0	40032855
S3662	2	3	5	4	5	6	1	6	9	6	1	33487964
S3663	2	3	7	4	3	1			6	6	0	66693103
S3664	2	3	1	1	3	6			9	1	0	43709950
S3665	2	3	6	3	5	6			9	6	0	140466658
S3670	2	3	1	1	4	6			9	6	0	42509490
S3675	3	3	4	2	9	6			9	6	0	77909472
S3678	3	3	6	3	4	6			9	6	0	57212795
S3680	3	3	1	1	5	6			9	6	0	43709950
S3683	2	3	1	1	4	6			9	1	0	92470047
S3685	2	3	5	3	4	6		6	9	6	0	38134107
S3687	2	3	2	2	2	6			9	6	0	36781335
S3688	2	3	1	1	1	6			9	6	0	41429428
S3691	3	3	5	3	3	6		6	9	6	0	84666021
S3692	3	3	2	2	3	6			9	6	0	36781335
S3694	3	3	1	1	2	6			9	6	0	39590990
S3703	2	3	2	2	5	6			9	6	0	36781335
S3705	2	3	2	2	2	6			9	6	0	92123881
S3707	2	3	5	4	9	6		6	9	6	0	106875481
S3712	2	3	2	2	3	6			9	6	0	36781335
S3716	2	3	1	1	1	6			9	6	0	41429428
S3717	2	3	3	2	3	6			9	6	0	35684237
S3725	2	3	1	1	1	6			9	1	0	39590990
S3730	1	3	2	2	4	1			6	1	0	92123881
S3731	1	3	5	5	5	6	6	6	9	1	1	179138452
S3733	1	3	7	3	5	1			6	6	0	49164031
S3734	1	3	1	1	9	6			9	1	0	42509490
S3741	3	3	1	1	2	6			9	6	0	35459279
S3743	3	3	1	1	3	6			9	6	0	35459279
S3746	3	3	2	2	2	6			9	6	0	75813001
S3748	3	3	5	5	5	6	1	6	9	6	1	41287615
S3750	3	3	5	4	5	6	1	6	9	6	1	45197812
S3754	2	3	5	4	5	6			9	6	0	84725040
S3757	2	3	7	5	4	6	6	6	9	6	1	89368885
S3763	2	4	2	2	3	6			9	6	0	81445766
S3766	2	3	7	4	3	6			9	6	0	92459780
S3771	1	4	1	1	2	6			9	6	0	74871443
S3773	1	4	3	3	2	6		6	9	6	0	36994284
S3775	1	4	5	4	4	6			9	6	0	40738704
S3782	2	4	6	3	4	6			9	6	0	58697503
S3783	2	4	5	5	5	6			9	1	0	55662105
S3790	2	4	5	5	2	6	1	6	9	6	1	50896236
S3807	3	4	2	2	5	6			9	6	0	40032855
S3810	1	4	4	2	4	6			9	6	0	81445766
S3815	1	4	5	4	5	6		6	9	6	0	40738704
S3817	2	4	2	2	5	6			9	6	0	102723686
S3821	2	4	1	1	3	6			9	6	0	41429428
S3824	2	4	1	1	1	6			9	6	0	35459279
S3825	2	4	1	1	9	1			6	1	0	90324758
S3833	2	4	2	2	2	6			9	6	0	76350009
S3839	2	4	4	2	4	6			9	6	0	44523711
S3840	2	4	4	2	4	6			9	6	0	44523711
S3843	2	4	2	2	3	6			9	6	0	92123881
S3844	2	4	2	2	3	6			9	6	0	40032855
S3849	3	4	1	1	4	6			9	6	0	72684656
S3852	3	4	1	1	1	6			9	1	0	28951870
S3857	2	4	1	1	4	6			9	6	0	58851543
S3864	2	4	3	3	3	6		6	9	6	0	26333198
S3871	1	4	5	4	2	6	6	1	9	6	1	33028817
S3872	1	4	1	1	9	6			9	6	0	28951870
S3877	2	4	1	1	2	6			9	1	0	31963959
S3881	2	4	1	1	2	1			6	1	0	72169193
S3882	2	4	3	3	1	1		6	6	6	0	68123249
S3883	2	4	2	2	2	6			6	6	0	59591641
S3884	2	4	2	2	3	1			1	1	0	29274994
S3894	3	4	2	2	3	6			9	6	0	26897241
S3897	1	1	7	4	5	6	1	1	9	1	1	71624322
S3902	1	1	1	1	4	6			9	6	0	31963959
S3903	1	4	1	1	5	6			9	1	0	31086094
S3910	1	1	2	2	2	1			6	6	0	26897241
S3913	3	1	1	1	1	6			9	6	0	58851543
S3925	1	1	1	1	2	1			1	1	0	28951870
S3929	2	1	7	3	9	1			6	6	0	87655938
S3936	2	1	6	3	5	6			9	6	0	32179286
S3937	2	1	5	3	9	6			9	6	0	71789565
S3941	2	1	6	3	5	6			9	6	0	36460034
S3942	2	1	2	2	3	6			9	6	0	32559041
S3947	3	1	1	1	2	6			9	6	0	58851543
S3950	3	1	6	3	3	6			9	6	0	42923970
S3953	2	1	2	2	5	1			1	6	0	59591641
S3956	2	1	1	1	5	6			9	1	0	25930456
S3958	2	1	7	5	4	1		6	6	6	0	41761802
S3969	1	1	1	1	3	6			9	6	0	70998384
S3976	1	1	6	3	3	1			6	6	0	32179286
S3983	1	1	1	1	5	6			9	1	0	30296272
S3984	1	1	5	4	3	6			9	6	0	45871933
S3987	3	1	2	2	5	6			9	1	0	59591641
S3991	3	1	1	1	2	1			6	1	0	25930456
S3997	2	1	1	1	2	6			9	6	0	31086094
S4017	2	1	1	1	1	6			9	6	0	70998384
S4020	2	1	5	3	5	6	1	6	1	1	1	34168818
S4026	1	1	3	3	2	6		6	9	6	0	68123249
S4027	1	2	3	3	3	1		6	6	6	0	50225164
S4036	1	2	2	2	5	6			9	6	0	26218154
S4039	1	2	1	1	4	6			9	6	0	31086094
S4047	2	2	1	1	1	6			9	1	0	31086094
S4054	2	2	5	3	3	1	1	6	1	1	1	34168818
S4065	2	2	5	4	4	1		6	6	6	0	66596812
S4073	2	2	5	3	5	6	1	1	9	6	1	57368961
S4081	1	2	4	2	1	1			6	1	0	73902931
S4088	1	2	1	1	1	6			9	6	0	30296272
S4096	1	2	6	3	9	1			6	1	0	36460034
S4097	1	2	2	2	1	6			9	6	0	72412557
S4098	1	2	5	3	5	6	1	1	9	6	1	71283020
S4101	1	2	7	3	3	6			9	6	0	33470663
S4111	3	2	6	3	5	6			9	1	0	46700412
S4116	2	2	2	2	1	1			6	6	0	26897241
S4124	2	2	4	2	4	6			9	6	0	32559041
S4131	2	2	2	2	5	6			9	1	0	59591641
S4140	1	3	6	4	9	6			6	6	0	53742990
S4144	1	3	5	5	3	6	1	6	9	1	1	40866782
S4147	3	3	3	2	2	6		1	9	6	0	56576523
S4149	3	3	2	2	4	6			9	6	0	40161091
S4159	1	3	1	1	4	6			9	6	0	31086094
S4167	1	3	3	2	1	6			9	6	0	21229990
S4168	1	3	4	2	2	6			6	6	0	39060309
S4183	1	3	5	5	5	6		6	9	6	0	40675825
S4184	1	3	5	5	2	6		6	9	6	0	67511222
S4189	1	3	5	5	2	6	6	6	9	6	1	90478771
S4194	1	3	1	1	2	6			9	6	0	72169193
S4196	1	3	7	3	5	1			6	6	0	35952388
S4197	1	3	7	4	5	6			9	6	0	58114399
S4198	1	3	5	4	5	6		6	9	6	0	45871933
S4202	2	3	2	2	3	1			6	6	0	72412557
S4206	2	3	2	2	4	6			9	1	0	22473865
S4209	2	3	2	2	4	6			9	6	0	75122479
S4222	2	3	1	1	4	6			9	6	0	31086094
S4229	1	3	1	1	2	6			9	6	0	25930456
S4231	1	3	6	4	2	6			9	6	0	62926132
S4234	1	3	7	4	2	6	1	1	9	6	1	71332818
S4250	1	3	2	2	4	1			6	6	0	72412557
S4254	1	3	1	1	3	6			9	6	0	28951870
S4255	1	4	7	2	4	6			1	6	0	29274994
S4264	2	4	5	5	2	6	1	6	9	6	1	33507217
S4271	1	4	2	2	5	6			9	1	0	30735131
S4276	2	4	1	1	5	6			9	6	0	31086094
S4277	2	4	7	4	2	6	1	6	9	6	1	28915472
S4278	2	4	6	3	4	1			6	6	0	38605527
S4280	2	4	6	3	9	6			9	6	0	32179286
S4285	1	4	2	2	1	6			9	6	0	40161091
S4292	3	4	5	3	5	6	1	6	9	6	1	28219516
S4295	3	4	1	1	2	6			9	6	0	30296272
S4296	3	4	1	1	5	6			9	1	0	30296272
S4298	1	4	1	1	4	6			9	6	0	72169193
S4309	2	4	1	1	3	6			9	6	0	25930456
S4313	1	4	3	2	4	6	1	1	9	6	1	44955910
S4315	1	4	2	2	5	1			1	1	0	72412557
S4324	2	4	3	2	2	6	6	6	9	6	1	9660753
S4334	2	4	5	3	2	6		6	6	6	0	16850800
S4342	2	4	1	1	2	6			9	1	0	15668840
S4348	2	4	2	2	2	1			6	6	0	16253033
S4355	2	4	2	2	9	1			6	6	0	44647902
S4356	2	4	1	1	3	6			6	6	0	15668840
S4360	2	4	1	1	9	6			6	6	0	17494571
S4366	3	1	6	3	5	6			9	6	0	28219375
S4373	2	1	7	4	5	6			6	6	0	22312042
S4380	3	1	3	4	1	6	1	1	9	1	1	14369360
S4383	3	1	6	3	4	6			9	6	0	28219375
S4384	3	1	4	2	3	6			9	6	0	18994307
S4386	2	1	5	5	5	6			9	6	0	80595822
S4388	2	1	7	4	4	6	6	6	6	6	1	21455912
S4395	2	1	4	2	5	1			1	1	0	37003085
S4403	2	1	2	2	5	6			9	6	0	36742823
S4404	2	1	2	2	9	6			9	6	0	16253033
S4405	2	1	3	2	2	6	1	1	9	6	1	9660753
S4407	2	1	2	2	3	6			9	1	0	17689824
S4409	2	1	1	1	9	6			9	6	0	44497850
S4411	2	1	5	4	4	6		6	9	6	0	38074059
S4412	2	1	1	1	1	6			9	6	0	18784206
S4419	2	1	1	1	1	1			6	1	0	43775956
S4422	2	1	2	2	3	6			9	6	0	16253033
S4423	2	1	4	2	1	1			6	6	0	18150511
S4434	3	2	6	3	4	6			9	6	0	68077263
S4445	2	2	5	4	2	6	6	6	9	6	1	18217283
S4449	2	2	2	2	4	6			9	6	0	44647902
S4450	2	2	2	2	3	6			9	6	0	44647902
S4452	2	2	2	2	4	6			9	6	0	17689824
S4458	2	2	4	2	3	1			6	6	0	44331293
S4459	2	2	5	5	3	6	1	6	9	6	1	67395753
S4460	2	2	2	2	4	6			9	6	0	17689824
S4470	3	2	5	5	1	6	6	6	9	6	1	24872632
S4471	3	2	1	1	2	6			9	6	0	17494571
S4473	3	2	1	1	2	6			9	1	0	43775956
S4477	3	2	1	1	3	6			9	6	0	18784206
S4481	3	2	5	4	2	6			9	6	0	38074059
S4482	3	2	4	2	2	6			9	6	0	39472747
S4484	3	2	1	1	2	6			9	6	0	15668840
S4490	3	3	2	2	2	6			9	1	0	44647902
S4493	3	3	1	1	4	6			9	6	0	18306945
S4503	2	3	5	4	5	6	1	1	9	6	1	16379512
S4506	3	3	7	2	5	6			9	6	0	43612162
S4507	3	3	5	4	4	6		6	9	6	0	41062049
S4509	3	3	2	2	2	6			9	6	0	16253033
S4510	3	3	3	3	1	6	6	1	6	1	1	13446310
S4513	2	3	2	2	1	1			6	6	0	36742823
S4529	2	3	2	2	5	6			9	6	0	49785105
S4537	2	3	5	5	2	6		6	9	6	0	83037498
S4542	2	3	1	1	1	6			9	6	0	15668840
S4544	2	3	7	3	5	1			1	6	0	21724732
S4547	3	3	1	1	2	6			9	6	0	45738112
S4548	3	3	1	1	1	6			9	6	0	15668840
S4551	3	3	2	2	9	6			9	6	0	24267900
S4553	3	4	2	2	4	6			9	6	0	36742823
S4559	3	4	1	1	2	1			6	6	0	17494571
S4563	2	4	5	4	4	6		6	9	6	0	41062049
S4566	2	4	5	5	4	6		6	9	6	0	24596118
S4572	2	4	3	2	2	6	1	1	9	6	1	10609881
S4573	2	4	4	2	2	6			9	1	0	16905866
S4574	2	4	2	2	2	6			9	6	0	17689824
S4577	2	4	5	3	5	6	1	6	9	6	1	43951456
S4578	2	4	2	2	4	6			9	6	0	37003085
S4581	2	4	5	4	5	6		6	9	6	0	18001726
S4585	2	4	3	2	1	1		1	1	1	0	29925214
S4590	2	4	2	2	2	6			9	6	0	15842685
S4593	2	4	5	3	9	1			6	6	0	81936429
S4607	1	4	5	4	5	6		6	9	6	0	35857595
S4609	1	4	1	1	2	6			9	6	0	87412732
S4618	1	1	1	1	2	6			9	6	0	87412732
S4619	1	1	2	2	2	6			9	6	0	89153852
S4623	1	1	5	3	5	6			9	6	0	33541581
S4624	1	1	2	2	4	6			9	6	0	32351724
S4626	2	1	2	2	4	6			9	6	0	99411924
S4627	2	1	7	4	9	1			6	6	0	147936828
S4629	2	1	5	3	4	6	6	6	9	6	1	31587042
S4631	2	1	5	3	3	6		6	9	6	0	33541581
S4634	1	1	1	1	2	6			9	6	0	88854224
S4642	1	1	3	2	4	6			9	6	0	67793270
S4657	1	1	5	4	2	6	1	6	9	6	1	70187939
S4664	1	1	3	2	1	6	1	1	9	6	1	23446623
S4674	2	2	5	3	3	6		6	9	6	0	81936429
S4678	2	2	5	4	5	6	1	1	9	1	1	32815517
S4679	2	2	1	1	2	6			9	6	0	45282008
S4685	2	2	5	4	2	6	1	6	9	6	1	26988686
S4694	3	2	1	1	2	6			9	6	0	34823010
S4701	2	2	2	2	4	6			9	6	0	32351724
S4710	2	2	7	5	5	6	6	6	6	6	1	95652531
S4711	2	2	1	1	2	6			9	6	0	36440043
S4720	1	2	2	2	3	6			9	6	0	36128660
S4723	3	2	2	2	5	1			1	1	0	89153852
S4729	2	2	7	4	5	6	6	6	9	6	1	88183383
S4738	3	2	1	1	2	1			6	6	0	88854224
S4750	3	2	1	1	3	6			9	1	0	37390032
S4752	3	2	6	5	5	6			9	6	0	138453065
S4755	2	2	5	3	2	6		6	9	6	0	88386828
S4756	2	2	7	3	5	1			6	6	0	39715090
S4766	1	2	1	1	1	6			9	1	0	36440043
S4771	3	3	5	3	2	6		6	9	6	0	81936429
S4774	3	3	2	2	2	6			9	6	0	39890845
S4777	3	3	2	2	4	6			6	6	0	73368827
S4781	3	3	2	2	3	6			9	6	0	32351724
S4782	3	3	4	3	9	6			9	6	0	57617316
S4783	3	3	5	4	5	6	1	1	9	6	1	36026242
S4785	2	3	2	2	5	6			9	6	0	73368827
S4786	2	3	2	2	4	6			9	6	0	73368827
S4787	2	3	5	3	2	6	1	6	9	6	1	87763174
S4789	2	3	3	2	5	6		6	9	6	0	25552629
S4790	2	3	6	3	9	1			6	6	0	56170772
S4807	3	3	6	3	5	6			9	1	0	46434329
S4810	1	3	7	3	3	1			6	6	0	107156624
S4811	1	3	5	4	5	6			9	6	0	81993546
S4815	1	3	2	2	9	6			9	1	0	35211661
S4819	3	3	1	1	5	6			9	6	0	88854224
S4823	3	3	4	2	5	1			6	1	0	37808238
S4839	1	4	5	4	5	6	1	1	9	6	1	43914612
S4841	3	3	7	2	9	6			9	6	0	91272122
S4842	3	3	5	4	5	6	1	1	9	6	1	108230100
S4860	1	4	1	1	2	6			9	6	0	34823010
S4861	1	4	2	2	3	6			9	6	0	48305345
S4872	1	4	5	4	1	6		6	9	6	0	35766504
S4875	3	4	1	1	1	6			1	6	0	67750791
S4881	1	4	5	4	3	6	1	1	9	6	1	59252447
S4886	1	4	3	3	2	6		6	9	6	0	21421053
S4893	2	4	2	2	9	6			9	6	0	25516896
S4905	3	1	2	2	9	6			9	6	0	56865813
S4907	3	1	2	2	2	6			9	6	0	69100277
S4913	2	1	1	1	2	6			9	6	0	68868045
S4915	2	1	2	2	5	6			9	1	0	69100277
S4916	2	1	5	3	4	6	6	6	9	6	1	30084286
S4921	2	1	5	3	4	6		6	9	1	0	68505781
S4927	2	1	5	4	4	6		6	9	6	0	29014641
S4931	1	1	1	1	2	6			9	6	0	68868045
S4932	1	1	7	2	1	6			6	6	0	29233976
S4935	1	1	5	3	4	6	6	6	6	6	1	30084286
S4939	3	1	4	2	2	1			6	6	0	72198548
S4941	3	1	7	2	1	1			6	6	0	31457145
S4946	1	1	5	3	2	6			9	6	0	63506285
S4948	1	1	3	2	4	6			9	6	0	20662150
S4953	2	1	3	4	2	6		6	9	6	0	60313833
S4954	2	1	1	1	9	6			9	6	0	69359929
S4957	2	1	1	1	2	6			9	6	0	25236893
S4960	2	1	6	3	9	6			9	6	0	41775880
S4963	1	1	5	5	2	6	6	6	9	6	1	134069114
S4964	1	1	5	3	2	6			9	6	1	25445916
S4966	1	1	2	2	9	6			6	1	0	28491974
S4969	1	1	2	2	5	6			9	6	0	56865813
S4971	1	1	7	3	3	6		6	9	6	0	76671115
S4972	1	1	1	1	1	6			6	6	0	30254632
S4973	1	1	4	4	9	6			6	6	0	33899383
S4974	1	1	3	3	1	6		6	9	6	0	26347735
S4975	1	1	5	3	1	6		6	9	6	0	27159561
S4976	1	1	3	3	9	6			9	6	0	21421053
S4979	2	1	6	4	4	6			9	6	0	119761982
S4980	2	1	2	2	9	6			9	6	0	26177819
S4990	2	1	1	1	4	6			9	6	0	30254632
S4991	2	1	5	5	9	6	1	1	9	6	1	26698250
S5001	2	2	1	1	2	6			6	1	0	69359929
S5003	2	2	1	1	2	6			9	6	0	68868045
S5013	2	2	2	2	5	6			9	1	0	25516896
S5019	3	2	7	5	4	6	6	1	9	6	1	114076086
S5035	2	2	7	3	5	6			9	6	0	62478676
S5036	2	2	1	1	1	1			1	1	0	29485936
S5052	3	2	1	1	3	6			9	6	0	29485936
S5055	3	2	3	2	4	6			9	6	0	29892105
S5061	3	2	1	1	3	6			9	6	0	31109017
S5072	1	2	2	2	4	6			9	6	0	28491974
S5074	2	2	5	4	4	6			9	6	0	63550554
S5090	2	2	2	2	4	6			9	1	0	69100277
S5097	2	3	1	1	2	6			9	6	0	67750791
S5101	2	3	1	1	3	1			1	1	0	25236893
S5102	2	3	4	2	2	6			9	6	0	31688183
S5108	2	3	1	1	4	6			9	6	0	29485936
S5109	2	3	5	4	4	6	1	1	9	6	1	26381531
S5110	2	3	3	2	5	6			9	1	0	20662150
S5113	2	3	5	4	2	6	6	6	9	6	1	68775269
S5116	2	3	1	1	2	6			9	6	0	28177493
S5118	2	3	5	5	9	6	6	6	9	6	1	49861659
S5122	2	3	4	2	4	6			9	6	0	73743275
S5124	2	3	7	2	3	1			1	1	0	27229298
S5127	2	3	2	2	3	6			9	6	0	26177819
S5142	1	3	2	2	5	6			9	6	0	28491974
S5144	1	3	2	2	5	6			9	6	0	25516896
S5156	2	3	1	1	4	6			9	1	0	30254632
S5162	2	3	5	4	5	6		6	9	6	0	58926129
S5163	2	3	2	2	1	6			9	6	0	56865813
S5175	2	3	5	4	5	6			9	6	0	29014641
S5187	3	3	5	5	5	6	1	6	9	6	1	75336893
S5191	3	4	2	2	4	6			9	1	0	26177819
S5202	1	4	5	4	3	1	1	1	1	6	1	49974872
S5204	1	4	5	3	5	6	1	1	9	1	1	30084286
S5208	1	4	1	1	5	6			9	1	0	30254632
S5209	3	4	4	2	5	6			9	6	0	61090837
S5213	3	4	5	5	3	6	1	1	9	6	1	29716187
S5214	3	4	2	2	4	6			9	6	0	25516896
S5219	3	4	5	4	9	6			9	6	0	68553647
S5220	3	4	2	2	4	6			9	1	0	28491974
S5229	2	4	6	3	5	6			9	6	0	35484836
S5231	2	4	7	2	4	1			1	1	0	27229298
S5248	3	4	2	2	9	6			6	6	0	9378645
S5256	3	4	5	3	5	6		6	9	6	0	9723580
S5262	3	1	2	2	5	6			9	6	0	10207730
S5272	2	1	2	2	3	6			6	1	0	14003541
S5273	3	1	1	1	2	6			9	6	0	21688484
S5274	3	1	1	1	4	6			9	6	0	21843393
S5280	3	1	2	2	5	6			9	6	0	10207730
S5291	2	1	6	4	4	1			6	6	0	34807015
S5296	2	1	2	2	5	1			1	6	0	10207730
S5310	2	1	2	2	5	6			9	6	0	10207730
S5315	3	1	5	3	9	6		6	9	6	0	19999916
S5320	3	1	7	2	3	6			9	6	0	9378645
S5321	2	2	7	5	5	6			9	6	0	46433044
S5331	2	2	1	1	2	6			9	6	0	21688484
S5335	2	2	1	1	1	1			1	1	0	10095062
S5339	3	2	4	2	9	6			9	6	0	23223832
S5343	3	2	1	1	5	6			9	6	0	10839232
S5350	3	2	2	2	2	6			9	6	0	10681914
S5351	3	2	2	2	2	6			9	6	0	9378645
S5357	3	2	3	3	2	6	1	1	9	6	1	7764376
S5358	3	2	5	3	5	6		6	6	6	0	9723580
S5367	3	2	1	1	1	6			9	6	0	10839232
S5376	3	2	5	3	5	6		1	9	6	0	9730370
S5377	3	2	2	2	2	6			9	6	0	21761621
S5393	3	2	2	2	4	6			9	6	0	18035497
S5394	3	2	4	2	9	6			9	6	0	18035497
S5398	3	2	6	3	5	1			6	1	0	13461140
S5400	3	2	5	3	5	6		6	6	6	0	9730370
S5403	3	3	1	1	1	6			9	1	0	21336630
S5407	3	3	5	4	4	6	6	6	9	1	1	10512095
S5416	2	3	1	1	1	6			9	1	0	10563834
S5420	2	3	2	2	3	6			9	6	0	10207730
S5424	2	3	1	1	2	6			9	6	0	13127087
S5430	3	3	3	2	2	6		6	9	6	0	7402564
S5437	3	3	1	1	1	1			1	6	0	10563834
S5438	3	3	1	1	1	6			9	6	0	9041542
S5440	3	3	4	2	4	6			9	6	0	11352826
S5443	2	3	2	2	2	1			6	6	0	21761621
S5445	2	3	1	1	2	6			9	6	0	10839232
S5447	2	3	3	2	2	6	1	6	9	6	1	6797089
S5448	2	3	1	1	1	6			9	1	0	10095062
S5453	3	3	1	1	3	6			9	1	0	13127087
S5461	2	3	1	1	1	6			9	6	0	10095062
S5465	3	3	1	1	2	1			1	1	0	21336630
S5472	3	3	2	2	5	1			6	6	0	9378645
S5489	2	4	5	5	5	6	1	6	9	6	1	21765617
S5495	2	4	2	2	3	1			6	6	0	9378645
S5498	2	4	2	2	2	1			6	6	0	108795103
S5503	2	4	2	2	5	6			9	6	0	64350304
S5505	2	4	7	4	1	6			9	6	0	129555772
S5515	2	1	5	3	2	6	6	6	9	6	1	112044211
S5516	2	4	5	5	4	6	1	6	6	6	1	91503183
S5517	2	1	2	2	3	6			9	6	0	57630966
S5519	2	4	2	2	2	6			9	6	0	59123689
S5521	1	1	1	1	2	1			1	1	0	107443923
S5523	1	1	7	4	4	6			9	6	0	159008368
S5526	1	1	1	1	5	6			9	6	0	68331340
S5529	1	1	5	3	4	6		6	9	6	0	177655876
S5530	1	1	4	2	4	1			6	6	0	131264479
S5538	1	1	2	2	2	6			9	6	0	132201956
S5539	1	1	1	1	2	1			6	1	0	129620133
S5543	1	1	2	2	2	1			1	1	0	64350304
S5544	1	1	6	3	3	6			9	6	0	91965980
S5545	2	1	7	3	3	6	6	6	9	6	1	129841394
S5547	2	1	2	2	3	6			9	6	0	132201956
S5549	2	1	3	3	5	6			9	6	0	74269134
S5550	2	1	5	5	5	6	6	6	9	6	1	99001766
S5554	2	1	1	1	2	6			9	6	0	132698721
S5557	2	1	5	3	5	6	6	6	9	6	1	67946606
S5558	2	1	1	1	2	6			9	6	0	66595207
S5559	2	1	5	5	9	6	6	6	9	6	1	81812508
S5562	3	1	5	3	5	6			9	6	0	131064574
S5569	2	1	1	1	1	6			9	6	0	132698721
S5574	2	1	1	1	2	6			9	6	0	53838689
S5575	2	1	6	4	4	6			9	6	0	152935828
S5579	1	1	5	4	5	6			9	6	0	161023967
S5581	1	1	2	2	2	6			9	6	0	64350304
S5584	1	1	5	3	5	6	6	6	9	1	1	62030224
S5586	3	2	3	3	3	6		1	9	6	0	98772805
S5587	3	2	4	2	4	1			6	6	0	141084894
S5588	3	2	1	1	1	6			9	6	0	82754149
S5593	2	2	2	2	3	6			6	6	0	132201956
S5601	1	2	1	1	1	6			9	6	0	131757652
S5605	1	2	1	1	3	6			9	6	0	82754149
S5610	2	2	5	3	5	6	1	6	9	6	1	141857418
S5614	2	2	1	1	4	6			9	6	0	68331340
S5617	1	2	5	4	5	6		6	9	6	0	131156150
S5618	1	2	1	1	2	1			6	6	0	129620133
S5620	1	2	5	4	5	6		6	9	6	0	65576658
S5626	3	2	1	1	2	6			6	1	0	129620133
S5629	3	2	6	3	3	6			9	6	0	87252558
S5631	3	2	1	1	1	6			9	1	0	63640034
S5632	3	2	1	1	5	6			9	6	0	56998567
S5636	2	2	1	1	1	6			9	6	0	68331340
S5642	3	2	1	1	2	6			9	6	0	129620133
S5645	3	2	6	3	4	6			9	6	0	80143971
S5647	3	2	2	2	4	6			9	6	0	57630966
S5649	2	2	1	1	1	6			9	6	0	129620133
S5650	2	2	1	1	2	6			9	6	0	129620133
S5651	2	2	5	4	2	6	1	6	9	6	1	104078318
S5657	2	3	1	1	2	6			9	6	0	135430056
S5660	2	3	1	1	2	6			9	6	0	63640034
S5662	2	3	2	2	3	6			9	6	0	64350304
S5665	2	3	2	2	4	6			9	6	0	132201956
S5669	2	3	3	2	5	6	1	6	9	6	1	45949610
S5670	2	3	1	1	4	6			9	6	0	82754149
S5675	1	3	5	4	5	6	1	6	9	6	1	89397328
S5681	2	3	1	1	1	1			1	6	0	131757652
S5684	2	3	1	1	1	6			9	6	0	70261003
S5689	1	3	2	2	5	6			9	6	0	147413159
S5690	1	3	1	1	4	6			9	6	0	135430056
S5691	1	3	2	2	5	6			9	6	0	109565734
S5692	1	3	7	3	4	6			9	6	0	66772787
S5697	2	3	1	1	1	6			9	1	0	129620133
S5699	2	3	7	3	4	1			6	1	0	158897401
S5702	2	3	5	3	9	6	6	6	9	6	1	75107575
S5709	2	3	2	2	5	6			9	6	0	59123689
S5710	2	3	1	1	3	6			9	6	0	56998567
S5714	1	3	5	3	9	6	1	6	9	6	1	96212026
S5717	1	3	4	2	3	6			9	6	0	83679347
S5721	2	4	5	3	5	6	1	6	9	6	1	104737207
S5723	2	4	1	1	3	6			9	6	0	131757652
S5730	2	4	2	2	9	6			9	1	0	132201956
S5748	3	4	5	3	5	6	1	6	9	6	1	75107575
S5751	3	4	6	3	2	1			6	6	0	94352555
T0001	1	4	3	3	3	6			9	6	0	47391052
T0002	1	4	3	2	2	6			9	6	0	53384016
T0003	1	4	2	2	5	6			9	6	0	56228996
T0012	1	4	5	4	4	6	6	6	9	6	1	30552131
T0014	1	4	5	4	5	6	6	6	9	6	1	28241776
T0016	1	4	1	1	4	6			9	6	0	35455039
T0021	1	4	4	3	2	1			1	6	0	36701873
T0022	1	4	5	4	4	6	6	6	9	6	1	37697234
T0025	1	4	1	1	3	6			9	6	0	68096820
T0026	1	4	2	2	2	6			9	6	0	60406706
T0027	1	4	5	4	4	6	6	6	6	6	1	53791202
T0029	1	4	2	2	3	6			9	6	0	29902943
T0032	1	4	7	3	3	6	1	6	9	6	1	29984897
T0041	1	1	1	1	2	6			9	6	0	68096820
T0042	1	1	7	2	2	6			6	6	0	76188117
T0043	1	4	1	1	1	6			6	6	0	69994843
T0044	1	4	4	2	5	6			9	6	0	37135000
T0051	1	1	6	3	3	1			6	6	0	108858589
T0052	1	1	1	1	9	6			9	6	0	33020865
T0055	1	1	3	3	2	1			6	6	0	32700686
T0056	1	1	2	2	3	6			9	6	0	28952341
T0060	1	1	1	1	2	6			6	6	0	42938593
T0062	1	1	6	3	4	6			6	6	0	41584252
T0063	1	1	5	3	5	6		6	9	6	0	31827962
T0065	1	1	6	3	5	6			6	6	0	82709678
T0069	1	1	1	1	3	6			6	6	0	35455039
T0070	1	1	5	3	3	6	6	6	6	6	1	23714795
T0071	1	1	2	2	2	6			6	6	0	30677471
T0073	1	1	1	1	1	1			1	1	0	66992078
T0075	1	1	3	2	2	6			9	6	0	42555236
T0079	1	1	2	2	3	1			6	6	0	33389402
T0082	1	1	5	4	4	6	1	6	9	6	1	50101882
T0085	1	1	1	1	3	6			9	6	0	42938593
T0088	1	1	1	1	2	6			9	6	0	42938593
T0091	1	1	1	1	5	6			9	6	0	68096820
T0093	1	1	7	3	5	6			9	6	0	52691980
T0094	1	1	1	1	3	6			9	6	0	36456283
T0096	1	1	2	2	9	6			9	6	0	53884538
T0097	1	1	1	1	9	6			9	6	0	69994843
T0102	1	1	1	1	2	6			9	6	0	42938593
T0103	1	1	2	2	4	6			9	6	0	30677471
T0104	1	1	1	1	9	6			9	6	0	36456283
T0105	1	1	1	1	4	6			9	6	0	73191641
T0107	1	1	5	4	4	6	1	6	9	6	1	50101882
T0109	1	1	4	2	4	6			9	6	0	37135000
T0110	1	1	2	2	3	6			9	6	0	33389402
T0111	1	1	3	3	1	6	1	1	9	6	1	25379803
T0112	1	1	5	4	4	6		6	9	6	0	34001908
T0114	1	1	6	4	5	6			9	6	0	113377025
T0116	1	1	2	2	5	6			6	6	0	45805467
T0123	1	1	1	1	9	6			9	6	0	68583197
T0124	1	1	3	2	4	6		6	9	1	0	24230240
T0128	1	1	7	2	5	6			9	6	0	53884538
T0130	1	2	1	1	5	6			9	1	0	68096820
T0131	1	1	1	1	5	6			6	6	0	55530661
T0133	1	1	1	1	5	6			9	6	0	34554213
T0134	1	1	5	3	4	6		6	6	6	0	31805751
T0135	1	1	1	1	2	6			9	6	0	33020865
T0137	1	1	7	5	2	1			6	6	0	173051440
T0138	1	1	7	3	5	6			9	6	0	89006675
T0139	1	1	7	2	4	6			9	1	0	68960980
T0142	1	1	4	2	2	6			9	6	0	37135000
T0143	1	1	5	5	5	6	1	6	9	6	1	34799656
T0146	1	2	3	2	2	6	1	1	9	6	1	42419132
T0147	1	2	2	2	5	6			9	6	0	76188117
T0148	1	2	1	1	1	1			6	6	0	35455039
T0149	1	2	4	3	5	6			9	6	0	31400834
T0151	1	2	1	1	5	6			9	6	0	36456283
T0152	1	2	5	4	4	6	1	1	9	6	1	41671170
T0154	1	2	5	3	5	6	1	6	9	6	1	73316722
T0156	1	2	2	2	5	6			9	6	0	44549977
T0158	1	2	3	2	5	6			9	6	0	24213725
T0160	1	2	2	2	5	6			9	6	0	29902943
T0162	1	2	5	4	4	6			9	6	0	67785943
T0164	1	2	1	1	9	6			6	6	0	29574811
T0165	1	2	1	1	1	6			9	6	0	42938593
T0173	1	2	3	2	2	6			6	6	0	29783141
T0177	1	2	5	5	5	6	6	6	6	6	1	63588120
T0178	1	2	4	2	1	6			6	6	0	60406706
T0179	1	2	2	2	2	1			1	1	0	68326452
T0185	1	2	5	4	2	6	1	6	9	6	1	49415224
T0189	1	2	5	4	3	6	6	1	9	6	1	31138967
T0191	1	2	7	5	5	6			9	6	0	105018084
T0196	1	2	1	1	2	6			9	6	0	29574811
T0199	1	2	1	1	4	6			9	6	0	35455039
T0200	1	2	2	2	9	6			9	6	0	30677471
T0202	1	2	5	5	4	6	1	6	9	6	1	74493227
T0203	1	2	5	4	5	6	1	1	9	6	1	50101882
T0207	1	2	1	1	1	6			9	6	0	33020865
T0210	1	2	2	2	4	6			9	6	0	56228996
T0212	1	2	4	2	3	6			9	6	0	31539040
T0213	1	2	5	3	5	6	1	6	9	6	1	38971020
T0214	1	2	1	1	1	1			1	1	0	33020865
T0215	1	2	5	3	3	6	1	6	9	6	1	38971020
T0221	1	2	1	1	9	6			9	6	0	42938593
T0224	1	2	5	3	5	6		6	9	1	0	31827962
T0228	1	2	7	5	9	1			6	6	0	173481076
T0231	1	2	2	2	4	6			6	6	0	45805467
T0232	1	2	1	1	9	6			6	1	0	33020865
T0233	1	2	2	2	9	6			9	6	0	76188117
T0238	1	2	2	2	9	6			9	6	0	30677471
T0239	1	2	3	2	1	6		1	9	1	0	29783141
T0242	1	3	1	1	2	6			9	6	0	69994843
T0243	1	3	5	3	5	6		6	9	1	0	79212058
T0245	1	3	5	3	5	6			9	6	0	31805751
T0250	1	3	5	5	2	6	1	6	9	6	1	94595163
T0253	1	3	2	2	4	6			6	6	0	33389402
T0255	1	3	7	2	3	6			9	6	0	34258945
T0258	1	3	2	2	9	1			1	1	0	68326452
T0260	1	3	5	3	4	6	1	6	9	6	1	32185583
T0262	1	3	4	2	9	6			9	6	0	41489122
T0270	1	3	1	1	2	6			9	6	0	29574811
T0273	1	3	1	1	5	6			9	6	0	55530661
T0277	1	3	1	1	9	6			9	6	0	36456283
T0278	1	3	6	3	3	1			6	6	0	36701873
T0281	1	3	2	2	5	6			9	6	0	76188117
T0283	1	3	1	1	4	6			9	6	0	68096820
T0284	1	3	2	2	5	6			6	6	0	37135000
T0287	1	3	5	3	4	6			9	6	0	31805751
T0290	1	3	1	1	2	6			6	1	0	66992078
T0293	1	3	2	2	4	6			9	6	0	44549977
T0297	1	3	5	4	3	6	1	6	9	6	1	54169142
T0303	1	3	2	2	9	6			9	6	0	22898241
T0304	1	3	1	1	1	6			9	6	0	33020865
T0305	1	3	7	4	4	1			6	6	0	97607555
T0315	1	3	2	2	5	6			9	1	0	76188117
T0318	1	3	5	4	5	6		6	9	1	0	34001908
T0319	1	3	1	1	2	6			9	6	0	29574811
T0322	1	3	5	4	3	6	1	6	9	6	1	53791202
T0325	1	3	6	3	9	6			9	6	0	47718331
T0326	1	3	1	1	9	6			9	6	0	29574811
T0328	1	3	1	1	5	6			9	6	0	42938593
T0330	1	3	2	2	2	6			9	6	0	56228996
T0336	1	3	1	1	1	6			6	1	0	34554213
T0337	1	3	2	2	3	6			9	1	0	56228996
T0338	1	3	1	1	9	6			9	1	0	68583197
T0339	1	3	5	4	5	6	1	1	9	1	1	58588904
T0342	1	3	5	4	5	6			9	1	0	34025719
T0344	1	3	5	4	4	6		6	9	6	0	34001908
T0347	1	4	7	4	2	6		6	9	6	0	77980828
T0352	1	4	4	2	9	1			6	1	0	33389402
T0353	1	4	2	2	3	6			9	6	0	76188117
T0354	1	4	5	3	5	6	1	1	9	6	1	67260652
T0355	1	4	2	2	3	6			6	6	0	68326452
T0358	1	4	1	1	1	1			6	6	0	29574811
T0362	1	4	1	1	2	6			9	1	0	66992078
T0363	1	4	2	2	5	1			6	6	0	68326452
T0366	1	4	2	2	1	6			9	6	0	33389402
T0369	1	4	4	2	9	6			9	6	0	67841932
T0372	1	4	2	2	9	6			9	6	0	30677471
T0376	1	4	3	2	2	6	1	1	9	6	1	20026067
T0377	1	4	1	1	2	6			9	6	0	55530661
T0381	1	4	1	1	1	1			1	1	0	33020865
T0384	1	4	3	2	9	6	1	6	1	6	1	22233223
T0385	1	4	1	1	9	6			9	6	0	68096820
T0386	1	4	1	1	4	6			9	6	0	66992078
T0387	1	4	3	2	5	6			9	1	0	45795739
T0389	1	4	3	2	2	6		6	9	6	0	29762437
T0395	1	4	5	3	5	6	1	6	9	6	1	67260652
T0398	1	4	1	1	2	6			9	6	0	34554213
T0400	1	4	3	2	9	6		6	9	6	0	35030199
T0402	1	4	2	2	5	6			9	6	0	72672946
T0403	1	4	2	2	5	6			9	1	0	72672946
T0404	1	4	4	2	3	6			9	6	0	29619599
T0407	1	4	5	4	5	6			9	1	0	29376799
T0408	1	4	1	1	5	6			9	6	0	30653718
T0412	1	4	2	2	5	6			9	1	0	28867810
T0414	1	4	5	5	2	1		6	6	6	0	78572062
T0416	1	4	5	4	5	6	6	6	9	6	1	36028061
T0421	1	4	5	3	5	6			9	6	0	27517820
T0422	1	4	2	2	5	6			9	1	0	26523129
T0423	1	4	4	2	4	1			1	6	0	35870665
T0424	1	4	7	5	9	6	6	6	9	6	1	127612161
T0431	1	4	1	1	5	6			9	1	0	29874882
T0433	1	1	7	3	2	6			9	6	0	52268699
T0435	1	1	1	1	5	6			9	6	0	65418902
T0437	1	4	2	2	4	6			9	6	0	28867810
T0438	1	1	5	3	5	6	6	6	6	1	1	27827012
T0439	1	4	7	3	9	6			9	6	0	34965101
T0440	1	1	1	1	9	1			6	1	0	28549180
T0441	1	1	2	2	5	6			9	6	0	53634700
T0442	1	1	5	4	5	6	6	6	9	6	1	38162996
T0447	1	1	2	2	2	6			9	6	0	28867810
T0449	1	1	2	2	5	6			9	6	0	65174003
T0451	1	1	5	4	9	6		6	9	6	0	55577949
T0452	1	1	4	2	5	6			9	1	0	32106179
T0453	1	1	1	1	2	6			9	1	0	28549180
T0454	1	1	5	4	5	6	1	1	9	1	1	20071255
T0455	1	1	7	2	3	6			9	6	0	27588478
T0456	1	1	2	2	2	6			9	1	0	28867810
T0457	1	1	2	2	9	6			9	6	0	72672946
T0464	1	1	5	3	2	6			9	6	0	27517820
T0467	1	1	5	3	5	6			6	6	1	65065883
T0468	1	1	5	5	5	6		6	9	6	0	54458646
T0469	1	1	2	2	3	6			9	6	0	39602492
T0475	1	1	4	2	2	6			9	6	0	64711837
T0476	1	1	3	2	5	6		6	6	1	0	25732008
T0480	1	1	2	2	9	6			9	6	0	28867810
T0481	1	1	5	4	5	6	1	6	9	1	1	43929284
T0483	1	1	5	4	5	6	1	6	9	6	1	47135302
T0488	1	1	2	2	1	6			9	6	0	28867810
T0489	1	1	5	4	5	6			9	1	0	79382913
T0490	1	1	2	2	4	1			1	1	0	65174003
T0493	1	1	5	4	5	1			1	6	0	45202525
T0496	1	1	1	1	1	6			9	6	0	25569790
T0498	1	1	2	2	4	6			9	1	0	65174003
T0502	1	1	2	2	5	6			9	6	0	39602492
T0504	1	1	2	2	5	6			6	6	0	28867810
T0505	1	1	7	5	4	6			9	6	0	154745701
T0506	1	1	2	2	4	6			9	6	0	72672946
T0508	1	1	5	4	5	6	1	1	9	1	1	26729527
T0510	1	1	7	5	1	1	6	6	6	6	1	115117049
T0511	1	1	6	3	9	6			9	6	0	46050857
T0512	1	1	2	2	5	6			9	6	0	39602492
T0513	1	1	2	2	5	6			9	6	0	65174003
T0514	1	1	3	3	5	6			9	1	0	74330981
T0515	1	1	1	1	9	6			9	1	0	63901194
T0517	1	1	1	1	1	6			9	6	0	28549180
T0525	1	1	4	2	4	1			6	6	0	38517020
T0526	1	1	4	2	2	1			1	6	0	35870665
T0529	1	1	3	2	2	6			9	6	0	43682813
T0532	1	1	5	3	3	6	6	6	9	6	1	33693565
T0533	1	1	2	2	3	6			6	6	0	26523129
T0535	1	1	2	2	5	6			9	6	0	26523129
T0538	1	2	5	4	4	6	1	6	9	6	1	64202197
T0539	1	2	2	2	5	6			9	1	0	65174003
T0542	1	2	5	3	5	6			9	6	0	27517820
T0543	1	2	4	2	4	6			9	6	0	35870665
T0544	1	2	7	3	5	6			9	6	0	53494962
T0546	1	2	2	2	5	6			9	6	0	75991252
T0549	1	2	7	2	5	6			9	6	0	33628218
T0551	1	2	2	2	5	6			9	6	0	39602492
T0553	1	2	5	5	1	6	1	6	9	6	1	89311208
T0554	1	2	3	3	3	6		6	9	6	0	66143599
T0555	1	2	1	1	4	6			9	1	0	63901194
T0559	1	2	7	2	5	6			9	6	0	46587495
T0568	1	2	4	2	4	1			6	6	0	24714837
T0569	1	2	4	2	5	1			6	6	0	66515395
T0570	1	2	5	4	4	6		6	9	6	0	59939615
T0572	1	2	5	3	5	6			9	6	0	27498617
T0576	1	2	5	4	5	6	1	6	9	1	1	18065604
T0580	1	2	1	1	3	6			9	1	0	25569790
T0582	1	2	1	1	2	1			1	1	0	28549180
T0583	1	2	5	3	5	6	1	1	9	1	1	33693565
T0586	1	2	5	4	9	6	1	6	9	6	1	59517681
T0587	1	2	1	1	3	6			9	6	0	52968585
T0588	1	2	2	2	3	6			9	6	0	39602492
T0594	1	2	2	2	4	6			9	6	0	72672946
T0595	1	2	1	1	4	6			9	6	0	52968585
T0596	1	2	1	1	2	6			6	6	0	31519373
T0597	1	2	5	3	5	6	6	6	9	6	1	33693565
T0598	1	2	2	2	5	6			9	6	0	33628218
T0600	1	2	1	1	5	6			9	6	0	30653718
T0601	1	2	5	4	4	6	1	6	9	6	1	52027880
T0602	1	2	1	1	5	6			9	6	0	69814722
T0603	1	2	1	1	2	6			9	6	0	65418902
T0606	1	2	2	2	4	6			9	6	0	39602492
T0608	1	2	4	3	9	6			9	1	0	43514178
T0610	1	2	1	1	2	6			9	1	0	63901194
T0618	1	2	1	1	9	6			9	6	0	63901194
T0621	1	2	2	2	5	6			9	6	0	39602492
T0623	1	2	1	1	4	6			9	6	0	37123850
T0624	1	2	5	4	2	6	1	6	9	6	1	26729527
T0625	1	2	7	4	4	1			1	6	0	98382576
T0626	1	2	1	1	2	6			9	6	0	66765418
T0633	1	2	6	3	5	6			9	1	0	85565128
T0634	1	2	1	1	2	6			9	1	0	64954966
T0637	1	2	1	1	4	6			9	6	0	31519373
T0642	1	3	5	4	5	6			9	1	0	59939615
T0643	1	3	3	2	5	6	1	6	9	6	1	43980365
T0646	1	3	1	1	1	6			9	6	0	37123850
T0647	1	3	1	1	5	6			9	6	0	29874882
T0648	1	3	7	3	1	6			9	6	0	37101504
T0649	1	3	5	4	5	6	1	6	9	6	1	44071826
T0650	1	3	5	3	3	6	1	1	9	1	1	69934031
T0655	1	3	5	3	5	6			9	6	0	27498617
T0656	1	3	1	1	9	6			9	6	0	28549180
T0657	1	3	1	1	2	6			9	6	0	66765418
T0658	1	3	5	4	5	6		6	9	6	0	59939615
T0659	1	3	2	2	5	6			9	6	0	72672946
T0662	1	3	1	1	5	6			9	6	0	37123850
T0663	1	3	5	3	5	6			9	6	0	27498617
T0667	1	3	6	3	5	6			9	6	0	82424171
T0670	1	3	1	1	3	6			9	1	0	28549180
T0671	1	3	3	3	5	6			9	1	0	33294071
T0681	1	3	4	2	3	6			1	6	0	64711837
T0687	1	3	7	4	5	1			1	1	0	45452195
T0689	1	3	1	1	9	6			9	6	0	63901194
T0692	1	3	2	2	2	1			1	1	0	28867810
T0694	1	3	2	2	5	6			9	6	0	28867810
T0695	1	3	1	1	4	6			9	6	0	30653718
T0696	1	3	5	3	5	6	1	6	9	6	1	22608300
T0697	1	3	5	3	5	6	6	1	9	1	1	69934031
T0698	1	3	1	1	2	6			9	6	0	63901194
T0699	1	3	1	1	2	6			9	6	0	64954966
T0700	1	3	1	1	4	6			9	6	0	30653718
T0702	1	3	1	1	5	6			9	6	0	25569790
T0704	1	3	3	3	5	6			9	6	0	21688761
T0705	1	3	1	1	9	6			9	6	0	63901194
T0706	1	3	2	2	5	6			9	6	0	72672946
T0707	1	3	5	5	5	6	1	6	9	1	1	95930663
T0713	1	3	7	5	3	1	1	6	6	6	1	449344189
T0716	1	3	2	2	3	6			9	6	0	26523129
T0717	1	3	2	2	4	6			9	6	0	31805305
T0718	1	3	3	2	3	6		6	9	6	0	24419072
T0721	1	3	1	1	4	6			9	6	0	52968585
T0722	1	3	7	3	2	6			9	1	0	105931551
T0726	1	3	4	2	3	1			1	1	0	30455363
T0728	1	3	5	3	5	6	1	1	9	1	1	33693565
T0730	1	3	1	1	4	6			9	6	0	69814722
T0735	1	3	4	2	5	6			9	6	0	32106179
T0737	1	3	1	1	4	6			9	6	0	52968585
T0738	1	3	6	3	5	6			9	6	0	86173736
T0740	1	3	1	1	2	6			9	6	0	28549180
T0741	1	3	1	1	2	6			9	6	0	29874882
T0744	1	3	5	4	5	6	1	6	9	1	1	24131564
T0747	1	4	5	3	5	6	1	1	9	6	1	64157377
T0752	1	4	5	3	9	6			9	6	0	27498617
T0754	1	4	1	1	3	6			9	6	0	69814722
T0755	1	4	1	1	9	6			9	6	0	65418902
T0757	1	4	5	3	4	1			6	6	0	27517820
T0765	1	4	2	2	5	6			6	6	0	28867810
T0766	1	4	1	1	2	6			1	6	0	25569790
T0767	1	4	7	5	3	6			6	6	0	91236093
T0769	1	4	7	3	5	1			1	1	0	105931551
T0770	1	4	1	1	1	6			9	1	0	63901194
T0773	1	4	2	2	5	6			9	1	0	26523129
T0775	1	4	5	3	9	6			9	1	0	27517820
T0778	1	4	1	1	2	6			9	1	0	63901194
T0781	1	4	1	1	9	6			9	6	0	37123850
T0782	1	4	2	2	4	6			9	1	0	28867810
T0783	1	4	2	2	4	6			9	6	0	28867810
T0784	1	4	1	1	5	6			9	6	0	31519373
T0786	1	4	4	3	5	6			9	1	0	91924772
T0787	1	4	2	2	5	6			9	6	0	65174003
T0788	1	4	5	4	4	1			6	1	0	29376799
T0791	1	4	2	2	5	6			9	1	0	28867810
T0792	1	4	2	2	4	6			9	1	0	28867810
T0796	1	4	2	2	4	6			9	6	0	32106179
T0799	1	4	2	2	3	6			9	6	0	28867810
T0801	1	4	1	1	1	6			6	6	0	52403172
T0803	1	4	2	2	9	6			6	6	0	43983973
T0806	1	4	6	3	5	6			6	6	0	31778966
T0809	1	4	7	3	5	6			9	6	0	98875049
T0810	1	4	7	2	2	6			9	6	0	35965134
T0813	1	4	7	3	5	6			9	6	0	36986913
T0814	1	4	5	5	5	6		6	9	6	0	44184448
T0817	1	4	2	2	4	6			9	6	0	56993301
T0818	1	4	2	2	4	6			9	6	0	59596584
T0821	1	4	2	2	5	6			6	6	0	23437549
T0822	1	4	5	5	9	6	1	6	9	6	1	24427471
T0823	1	4	1	1	2	6			6	6	0	24255184
T0824	1	4	5	3	5	6	6	6	6	6	1	18355503
T0826	1	4	5	3	4	6			9	6	0	49120176
T0829	1	4	1	1	2	6			9	6	0	19609028
T0830	1	4	5	4	3	6	6	6	9	6	1	13344858
T0831	1	4	1	1	3	6			9	6	0	24887515
T0833	1	4	1	1	3	6			6	6	0	53267334
T0840	1	4	2	2	5	6			6	6	0	32152954
T0841	1	1	2	2	5	6			9	6	0	35965134
T0842	1	1	1	1	2	6			9	6	0	52403172
T0843	1	1	1	1	1	1			1	1	0	53647792
T0845	1	1	3	2	9	6	6	6	9	6	1	15606517
T0846	1	1	5	4	9	6	6	6	9	6	1	21842630
T0847	1	1	2	2	9	6			9	6	0	23437549
T0849	1	1	6	3	9	1			6	6	0	67114918
T0850	1	1	6	3	5	6			9	6	0	85152387
T0851	1	1	6	3	4	6			9	6	0	70668117
T0854	1	1	1	1	5	6			9	6	0	24255184
T0857	1	1	7	4	4	6	1	6	9	6	1	72668057
T0858	1	1	5	5	5	6	6	6	6	6	1	79475311
T0859	1	1	1	1	2	6			6	6	0	52403172
T0861	1	1	5	3	3	6		6	6	6	0	22325913
T0862	1	1	1	1	2	6			6	6	0	23178856
T0863	1	1	6	3	5	1			6	6	0	25762724
T0864	1	1	6	4	5	6			6	6	0	39670052
T0865	1	1	7	3	4	6		6	9	6	0	54463878
T0866	1	1	5	4	2	1			6	6	0	49154417
T0871	1	1	1	1	3	6			9	6	0	20759913
T0872	1	1	1	1	9	6			9	6	0	24887515
T0873	1	1	4	2	2	6			9	6	0	53067953
T0874	1	1	2	2	5	6			6	6	0	59596584
T0876	1	1	2	2	5	6			9	6	0	23437549
T0879	1	1	2	2	2	6			9	6	0	26552104
T0880	1	1	1	1	2	6			9	6	0	23178856
T0881	1	1	1	1	4	6			9	1	0	53647792
T0882	1	1	2	2	5	6			9	6	0	53446958
T0886	1	1	3	4	9	6		6	9	1	0	18816232
T0887	1	1	1	1	4	6			9	6	0	23178856
T0894	1	1	1	1	9	6			9	6	0	30140564
T0895	1	1	1	1	1	1			6	6	0	23178856
T0898	1	1	1	1	1	1			6	1	0	52403172
T0900	1	1	1	1	9	6			9	6	0	24887515
T0902	1	1	1	1	9	6			9	6	0	20759913
T0903	1	1	3	2	3	6			9	6	0	16996722
T0904	1	1	1	1	9	6			9	6	0	23178856
T0905	1	1	5	4	5	6	1	1	9	6	1	30880023
T0908	1	1	5	5	5	6		6	9	6	0	32565050
T0909	1	1	5	3	5	6	6	1	9	6	1	27355543
T0914	1	1	7	3	9	6		6	9	6	0	50486274
T0915	1	1	3	3	5	6		6	9	1	0	39932132
T0917	1	1	3	2	9	6		6	9	6	0	17008315
T0920	1	1	2	2	3	6			9	6	0	26552104
T0921	1	1	2	2	2	6			1	1	0	53446958
T0922	1	1	7	2	2	6			9	6	0	43276649
T0924	1	1	1	1	9	6			9	6	0	24887515
T0925	1	1	3	3	2	6		6	9	6	0	21082348
T0928	1	1	6	3	9	6			9	6	0	30907571
T0931	1	1	2	2	5	6			6	1	0	59596584
T0932	1	1	6	4	2	6			9	6	0	46526366
T0934	1	1	5	4	3	6	1	6	9	6	1	23979750
T0935	1	1	5	4	9	6	1	6	9	6	1	23979750
T0936	1	1	7	5	4	1		6	6	6	0	91759428
T0938	1	1	5	4	5	6	1	1	9	1	1	39191165
T0941	1	1	2	2	5	6			9	6	0	32152954
T0942	1	1	5	3	9	1			6	6	0	22325913
T0946	1	2	1	1	3	6			9	6	0	43437715
T0947	1	2	3	4	1	6		6	9	6	0	37095960
T0948	1	2	2	2	9	6			9	6	0	23437549
T0951	1	2	4	2	5	6			9	6	0	24726472
T0956	1	2	6	3	9	6			9	6	0	34364914
T0957	1	2	1	1	9	6			9	6	0	25590333
T0959	1	2	5	3	4	6		6	9	6	0	27050167
T0960	1	2	1	1	2	6			9	6	0	24255184
T0961	1	2	4	2	3	6			9	6	0	52207097
T0964	1	2	1	1	9	6			9	6	0	24255184
T0967	1	2	5	3	5	6	1	1	6	1	1	24747388
T0969	1	2	1	1	3	6			9	6	0	57252653
T0970	1	2	5	4	5	6	1	6	9	6	1	45829963
T0973	1	2	4	2	2	6			6	6	0	20065784
T0977	1	2	1	1	1	6			6	6	0	52403172
T0978	1	2	1	1	5	6			9	6	0	53267334
T0980	1	2	3	2	1	6			9	6	0	17008315
T0985	1	2	1	1	2	6			9	6	0	52403172
T0988	1	2	2	2	3	6			9	6	0	23437549
T0989	1	2	2	2	2	6			6	6	0	23437549
T0991	1	2	7	4	5	6	1	1	9	1	1	25859852
T0992	1	2	1	1	2	6			9	6	0	23178856
T0996	1	2	3	2	2	6		6	9	6	0	16996722
T0997	1	2	2	2	9	6			6	1	0	23437549
T1002	1	2	6	3	4	6			9	6	0	70668117
T1004	1	2	1	1	2	6			9	6	0	23178856
T1005	1	2	5	4	9	6		6	9	6	0	28904253
T1007	1	2	2	2	4	6			9	6	0	21533921
T1010	1	2	2	2	2	6			9	6	0	53446958
T1012	1	2	1	1	3	6			9	6	0	20759913
T1013	1	2	2	2	5	6			6	6	0	32152954
T1014	1	2	5	3	5	6	1	6	9	6	1	27355543
T1019	1	2	1	1	5	6			9	6	0	54752023
T1021	1	2	1	1	1	6			9	6	0	20759913
T1024	1	2	7	5	4	6	1	1	6	6	1	35018144
T1026	1	2	5	4	5	6	1	6	9	6	1	42077059
T1027	1	2	5	4	4	6	1	6	9	6	1	42077059
T1028	1	2	1	1	9	6			9	6	0	30140564
T1037	1	2	2	2	4	6			9	6	0	32152954
T1038	1	2	5	4	5	6	1	1	9	1	1	23979750
T1042	1	2	5	5	4	6	6	1	9	6	1	49740496
T1044	1	2	6	3	2	1			6	6	0	30907571
T1047	1	2	1	1	3	6			9	6	0	30140564
T1048	1	2	1	1	4	6			9	6	0	24887515
T1054	1	3	7	3	9	6		6	9	6	0	20814853
T1056	1	3	2	2	9	6			6	1	0	23437549
T1059	1	3	2	2	2	6			9	6	0	53446958
T1060	1	3	2	2	9	6			9	1	0	23437549
T1063	1	3	5	5	5	6	1	1	9	6	1	24268887
T1064	1	3	1	1	5	6			9	1	0	20759913
T1065	1	3	2	2	5	6			9	6	0	59596584
T1066	1	3	5	3	5	6		6	9	6	0	49120176
T1068	1	3	1	1	9	6			9	6	0	23178856
T1069	1	3	2	2	9	6			9	6	0	21533921
T1073	1	3	1	1	4	6			9	1	0	52403172
T1074	1	3	1	1	4	6			9	1	0	54752023
T1075	1	3	1	1	2	1			6	1	0	53647792
T1076	1	3	5	3	5	6			9	6	0	22341504
T1079	1	3	1	1	5	6			9	6	0	24887515
T1081	1	3	5	4	9	6	6	6	9	6	1	36141789
T1082	1	3	1	1	2	6			9	6	0	53647792
T1083	1	3	5	3	5	6	1	1	9	1	1	57350494
T1084	1	3	1	1	4	6			9	6	0	25590333
T1085	1	3	2	2	9	6			9	6	0	23437549
T1086	1	3	2	2	5	1			6	1	0	21533921
T1088	1	3	2	2	5	6			9	6	0	24047922
T1089	1	3	2	2	5	6			9	6	0	53067953
T1090	1	3	7	3	3	1			1	1	0	69034422
T1092	1	3	5	3	3	6	6	6	9	6	1	21024935
T1093	1	3	1	1	3	6			9	1	0	24887515
T1096	1	3	4	2	4	1			6	1	0	24047922
T1097	1	3	1	1	1	1			6	1	0	52403172
T1098	1	3	3	3	9	6			9	6	0	52788690
T1101	1	3	1	1	1	6			9	6	0	20759913
T1102	1	3	5	3	4	6	1	6	9	6	1	20452411
T1104	1	3	2	2	5	6			9	6	0	32152954
T1105	1	3	1	1	3	6			9	6	0	53267334
T1106	1	3	1	1	2	6			9	6	0	54752023
T1110	1	3	5	3	5	6			9	6	0	22341504
T1112	1	3	1	1	9	6			9	6	0	23178856
T1114	1	3	1	1	9	6			9	6	0	43437715
T1115	1	3	1	1	2	6			9	6	0	54752023
T1118	1	3	1	1	4	6			9	6	0	24887515
T1119	1	3	3	5	9	6		6	9	6	0	31589224
T1122	1	3	1	1	4	6			9	6	0	43437715
T1123	1	3	1	1	9	6			9	6	0	54752023
T1132	1	3	1	1	4	6			9	6	0	30140564
T1134	1	3	1	1	2	6			9	6	0	30140564
T1135	1	3	1	1	3	1			6	6	0	23178856
T1136	1	3	3	3	5	6			9	6	0	32425325
T1137	1	3	6	4	5	1			6	6	0	65007514
T1138	1	3	2	2	3	6			9	6	0	53446958
T1139	1	3	1	1	9	6			9	1	0	52403172
T1140	1	3	5	4	4	6	1	1	9	6	1	19650883
T1142	1	3	1	1	2	6			9	6	0	25590333
T1143	1	3	2	2	9	6			9	6	0	20990244
T1148	1	3	5	3	4	6	1	6	9	6	1	27355543
T1154	1	4	2	2	9	1			1	1	0	53446958
T1156	1	4	2	2	5	6			9	6	0	20990244
T1157	1	4	2	2	5	6			9	6	0	31271668
T1161	1	4	5	4	5	6		6	9	6	0	57472494
T1162	1	4	5	4	4	6	1	1	9	1	1	40950750
T1165	1	4	2	2	4	6			9	6	0	21533921
T1168	1	4	2	2	5	6			9	6	0	32152954
T1180	1	4	1	1	5	6			9	6	0	24887515
T1185	1	4	1	1	1	6			9	6	0	52403172
T1192	1	4	2	2	5	6			9	1	0	23437549
T1195	1	4	1	1	4	6			9	6	0	53647792
T1196	1	4	2	2	2	6			6	6	0	21533921
T1199	1	4	1	1	3	6			9	6	0	25590333
T1201	1	4	2	2	3	6			1	6	0	43934960
T1202	1	4	1	1	1	6			1	6	0	43076937
T1205	1	4	5	4	9	6		6	6	6	0	25112072
T1207	1	4	4	2	2	6			6	6	0	20496749
T1208	1	4	3	3	5	6		6	6	6	0	15018893
T1212	1	4	7	3	4	1		6	1	1	0	17741110
T1214	1	4	3	2	3	6		6	9	6	0	17818925
T1215	1	4	4	2	2	6			9	6	0	24822484
T1216	1	4	1	1	1	6			9	1	0	21212359
T1218	1	4	2	2	9	6			6	1	0	43934960
T1224	1	4	5	4	5	6	6	6	9	6	1	15311399
T1226	1	4	2	2	5	1			1	1	0	36412216
T1228	1	4	3	3	3	6			6	6	0	19564460
T1229	1	4	3	3	1	6			6	6	0	23039482
T1230	1	4	3	2	5	6			6	1	0	14496686
T1234	1	4	2	2	4	6			6	6	0	43934960
T1235	1	1	1	1	9	6			1	6	0	35707070
T1241	1	1	2	2	5	6			6	6	0	36412216
T1243	1	1	2	2	5	6			9	6	0	42915758
T1247	1	1	3	2	5	6		6	9	6	0	14496686
T1249	1	1	3	2	4	6	1	1	9	1	1	29647950
T1250	1	1	2	2	2	1			1	6	0	43934960
T1253	1	1	4	2	3	6			6	6	0	22217461
T1254	1	1	5	3	4	6	6	6	9	6	1	21092925
T1258	1	1	2	2	4	6			6	6	0	48990131
T1262	1	1	4	2	3	6			9	6	0	24822484
T1263	1	1	5	4	5	6			9	6	0	20342967
T1264	1	1	7	5	5	6		6	9	6	0	44330338
T1265	1	1	5	3	5	6	6	6	9	1	1	43249635
T1266	1	1	6	3	5	6			9	6	0	55170422
T1267	1	1	1	1	2	6			9	6	0	43787303
T1269	1	1	1	1	9	6			6	6	0	17694283
T1273	1	1	6	3	9	6			9	6	0	55170422
T1275	1	1	5	4	5	6			9	6	0	40406366
T1282	1	1	5	3	5	6		6	6	6	0	54740816
T1286	1	1	1	1	3	6			6	6	0	21811392
T1287	1	1	2	2	4	6			6	6	0	19976511
T1288	1	1	1	1	2	6			6	6	0	19756019
T1290	1	1	5	3	5	6			9	6	0	43556971
T1292	1	1	7	2	5	6			9	6	0	27404907
T1294	1	1	2	2	5	6			9	6	0	18353993
T1296	1	1	2	2	5	6			9	6	0	19976511
T1298	1	1	6	3	5	6			6	6	0	55170422
T1299	1	1	3	2	5	6		1	6	1	0	27363671
T1303	1	1	5	3	5	6	6	6	9	6	1	23315932
T1307	1	1	5	3	5	6			6	6	0	43556971
T1316	1	1	1	1	2	6			9	6	0	25689687
T1319	1	1	4	2	2	6			6	6	0	18869460
T1321	1	1	1	1	2	6			6	6	0	43076937
T1322	1	1	5	3	5	6	1	6	6	6	1	47143780
T1324	1	1	1	1	2	6			9	6	0	19756019
T1325	1	1	1	1	4	6			9	6	0	21811392
T1326	1	1	5	3	5	6	6	6	9	6	1	23315932
T1331	1	1	2	2	9	6			6	6	0	43934960
T1333	1	1	2	2	5	6			6	1	0	18353993
T1336	1	1	1	1	9	6			6	6	0	25689687
T1337	1	1	4	2	9	6			9	6	0	43623406
T1339	1	1	3	3	2	6	1	6	6	6	1	24224179
T1343	1	1	2	2	5	6			6	1	0	19976511
T1345	1	1	2	2	9	6			6	1	0	36156110
T1349	1	1	1	1	3	6			6	6	0	20673405
T1350	1	1	2	2	5	6			6	6	0	27404907
T1352	1	1	4	2	2	6			6	1	0	17102656
T1355	1	2	1	1	4	1			1	1	0	43076937
T1356	1	2	1	1	9	6			9	6	0	21811392
T1357	1	2	1	1	3	6			9	1	0	19756019
T1361	1	2	5	3	9	6	1	6	6	6	1	47143780
T1362	1	2	2	2	5	6			6	1	0	43934960
T1364	1	2	5	5	4	6	1	6	6	6	1	30733498
T1374	1	2	1	1	2	6			6	1	0	21811392
T1376	1	2	5	3	9	6		6	9	6	0	22871455
T1378	1	2	3	2	4	6			6	6	0	27363671
T1382	1	2	1	1	4	6			6	6	0	19756019
T1383	1	2	5	4	5	6	1	6	9	1	1	13761724
T1386	1	2	5	5	5	6	1	6	6	1	1	47900291
T1387	1	2	1	1	5	6			6	1	0	35707070
T1388	1	2	5	5	9	6	1	6	9	6	1	22826278
T1389	1	2	5	4	4	6	1	6	6	6	1	15144298
T1390	1	2	2	2	5	6			6	6	0	19976511
T1392	1	2	2	2	5	6			6	1	0	19976511
T1393	1	2	1	1	2	6			6	6	0	35707070
T1397	1	2	2	2	9	6			6	6	0	27404907
T1399	1	2	1	1	9	6			6	6	0	20673405
T1403	1	2	2	2	9	6			6	6	0	36156110
T1407	1	2	5	3	5	6			6	6	0	19042319
T1408	1	2	7	5	3	6	1	6	6	1	1	31425482
T1409	1	2	5	5	5	6			9	1	0	86208026
T1410	1	2	5	4	5	6		6	9	1	0	43587405
T1415	1	2	1	1	9	6			9	1	0	20673405
T1418	1	2	2	2	5	6			6	1	0	43934960
T1419	1	2	1	1	2	6			9	1	0	43076937
T1420	1	2	2	2	5	6			9	1	0	19976511
T1426	1	2	6	3	5	6			9	1	0	57680982
T1427	1	2	1	1	9	6			6	1	0	43076937
T1435	1	2	6	3	9	6			9	6	0	66521629
T1437	1	2	1	1	3	6			1	1	0	19756019
T1439	1	2	2	2	9	6			9	6	0	19976511
T1441	1	2	5	4	5	6	1	1	9	1	1	32216281
T1443	1	2	2	2	5	6			9	1	0	43934960
T1453	1	3	1	1	5	6			9	1	0	21212359
T1454	1	3	5	4	5	6			9	1	0	26582628
T1457	1	3	7	2	5	6			9	1	0	42915758
T1459	1	3	5	3	5	6		1	9	1	0	54740816
T1464	1	3	2	2	4	6			9	6	0	19976511
T1466	1	3	2	2	9	6			6	6	0	48990131
T1468	1	3	1	1	9	6			6	6	0	21811392
T1469	1	3	1	1	4	6			9	6	0	20673405
T1471	1	3	2	2	5	6			6	6	0	17890601
T1472	1	3	2	2	4	6			9	6	0	19976511
T1477	1	3	5	4	5	6		6	9	1	0	20342967
T1484	1	3	7	5	4	6	1	1	9	6	1	24397859
T1486	1	3	6	3	9	6			9	1	0	24879400
T1487	1	3	1	1	4	6			9	6	0	25689687
T1492	1	3	5	4	5	6	1	1	9	1	1	18496821
T1499	1	3	1	1	3	6			9	6	0	35707070
T1503	1	3	4	2	5	1			1	1	0	20496749
T1505	1	3	3	3	5	6	1	6	9	1	1	28371330
T1507	1	3	6	3	9	6			9	1	0	66990198
T1515	1	3	1	1	2	6			9	6	0	35707070
T1518	1	3	5	4	9	6		6	9	1	0	20357213
T1521	1	3	2	2	5	6			9	1	0	36156110
T1522	1	3	5	3	5	6	1	6	9	6	1	47143780
T1524	1	3	1	1	3	6			9	6	0	19756019
T1528	1	3	5	4	5	6	1	6	9	6	1	16710591
T1531	1	3	1	1	9	1			1	1	0	43076937
T1532	1	3	2	2	9	6			9	6	0	18353993
T1536	1	3	1	1	9	6			9	6	0	25689687
T1538	1	3	2	2	5	6			9	1	0	36412216
T1541	1	3	2	2	4	6			9	6	0	18353993
T1542	1	3	1	1	4	6			9	1	0	25689687
T1543	1	3	1	1	2	6			9	6	0	25689687
T1544	1	3	1	1	2	6			9	1	0	19756019
T1546	1	3	5	4	5	6	1	6	9	1	1	31774749
T1547	1	3	2	2	9	6			9	6	0	36412216
T1549	1	4	2	2	9	6			9	1	0	19976511
T1553	1	3	2	2	4	6			9	6	0	43934960
T1558	1	4	5	3	9	6	1	6	9	6	1	21092925
T1560	1	4	5	3	5	6			9	6	0	19042319
T1562	1	4	1	1	1	1			1	1	0	43787303
T1563	1	4	5	4	5	6			9	1	0	40406366
T1564	1	4	1	1	5	6			9	1	0	19756019
T1565	1	4	1	1	9	6			9	1	0	19756019
T1566	1	4	6	3	9	6			9	6	0	27086146
T1567	1	4	6	3	4	6			9	1	0	27086146
T1569	1	4	3	2	4	6		6	9	6	0	27363671
T1570	1	4	5	4	5	6		6	9	1	0	40406366
T1571	1	4	2	2	5	6			9	6	0	43934960
T1573	1	4	2	2	4	6			9	6	0	18353993
T1574	1	4	4	2	3	6			9	1	0	20496749
T1581	1	4	2	2	5	6			6	6	0	19976511
T1585	1	4	5	5	4	6		6	9	6	0	60834363
T1588	1	4	5	4	2	6	6	6	9	6	1	18496821
T1589	1	4	5	4	5	6	1	6	9	6	1	18496821
T1596	1	4	3	2	5	6			9	6	0	14486805
T1597	1	4	2	2	5	6			9	6	0	19976511
T1598	1	4	2	2	4	6			9	6	0	27404907
T1599	1	4	1	1	1	6			9	6	0	17694283
T1601	1	4	7	2	1	6			9	6	0	70494923
T1602	1	4	2	2	5	1			1	6	0	50107819
T1605	1	4	7	3	2	6	1	1	9	6	1	23722265
T1610	1	4	1	1	9	6			6	6	0	59279320
T1611	1	4	5	4	4	6			9	6	0	51558082
T1612	1	4	5	4	9	6			6	6	0	35189409
T1613	1	4	2	2	2	6			6	6	0	26444399
T1614	1	4	2	2	4	1			1	1	0	26444399
T1617	1	4	1	1	9	6			9	6	0	60687254
T1618	1	4	1	1	5	6			9	6	0	59279320
T1620	1	4	4	2	9	1			6	6	0	22640062
T1621	1	4	5	3	2	6			9	6	0	37640948
T1622	1	4	2	2	9	6			9	6	0	29410912
T1623	1	4	5	5	3	6		6	9	6	0	47892500
T1624	1	4	1	1	1	1			1	1	0	26152517
T1628	1	4	2	2	2	6			9	6	0	24296550
T1630	1	4	4	2	9	6			9	6	0	24978913
T1632	1	4	5	4	3	6	6	6	9	6	1	27056160
T1634	1	4	2	2	4	1			1	1	0	60460068
T1637	1	4	2	2	5	6			6	6	0	24296550
T1640	1	4	1	1	2	6			9	6	0	28080383
T1641	1	4	5	4	5	6	1	1	9	1	1	47598253
T1642	1	4	1	1	4	1			6	6	0	60256874
T1644	1	1	5	4	9	6			9	6	0	26948362
T1646	1	4	2	2	3	6			9	6	0	24296550
T1651	1	1	3	2	9	6		6	9	6	0	37655877
T1653	1	1	1	1	9	6			9	6	0	23423243
T1654	1	1	1	1	1	6			9	6	0	26152517
T1658	1	1	2	2	5	6			6	6	0	62722688
T1664	1	1	7	4	9	6			9	6	0	52495325
T1666	1	1	4	2	5	6			6	6	0	60031330
T1670	1	1	4	2	5	6			9	1	0	23683124
T1673	1	1	1	1	4	6			9	6	0	49137449
T1674	1	1	5	3	5	6	1	6	9	6	1	64875811
T1678	1	1	5	3	5	6		6	9	6	0	25207739
T1680	1	1	1	1	2	6			9	6	0	34007356
T1681	1	1	1	1	9	6			6	6	0	60256874
T1683	1	1	2	2	2	6			9	6	0	60460068
T1685	1	1	2	2	3	1			6	6	0	26444399
T1689	1	1	3	2	4	6	1	6	9	6	1	39724621
T1690	1	1	4	2	3	1			1	1	0	48955248
T1691	1	1	5	4	4	1	1	6	6	6	1	35402725
T1692	1	1	4	2	3	1			1	6	0	23683124
T1693	1	1	1	1	1	6			9	6	0	28080383
T1695	1	1	1	1	3	6			9	6	0	23423243
T1699	1	1	2	2	4	6			6	6	0	49755386
T1700	1	1	5	3	4	6		6	6	6	0	25190148
T1707	1	1	5	4	5	6			9	6	0	73641270
T1708	1	1	5	4	5	6	1	6	9	1	1	27056160
T1709	1	1	3	2	1	6			9	6	0	22930247
T1714	1	1	2	2	3	6			6	6	0	60460068
T1716	1	1	1	1	3	6			9	6	0	34007356
T1717	1	1	7	2	9	6			9	6	0	30805178
T1719	1	1	1	1	2	6			9	6	0	28873368
T1722	1	1	1	1	9	6			9	6	0	61936379
T1723	1	1	7	3	2	1			1	6	0	79376335
T1724	1	1	2	2	5	6			9	6	0	36277920
T1726	1	1	1	1	2	6			9	6	0	26152517
T1728	1	1	5	3	3	6	1	6	6	6	1	25490975
T1729	1	1	2	2	4	6			9	6	0	60460068
T1731	1	1	2	2	9	6			9	6	0	50107819
T1732	1	1	5	3	4	6			9	6	0	25207739
T1734	1	1	5	4	5	6	1	6	9	1	1	24485622
T1735	1	1	1	1	4	1			1	1	0	26152517
T1737	1	1	3	2	5	6	1	1	6	1	1	32667588
T1739	1	1	1	1	2	6			9	6	0	49137449
T1742	1	1	2	2	4	6			9	6	0	26444399
T1745	1	1	3	2	2	6			6	6	0	37655877
T1746	1	1	5	4	4	6			9	6	0	70141410
T1747	1	1	4	2	4	6			9	6	0	64522512
T1748	1	1	3	2	2	6			9	6	0	23588241
T1749	1	1	6	3	5	6			9	6	0	38773657
T1751	1	1	1	1	2	6			9	6	0	27366929
T1752	1	1	1	1	3	6			9	6	0	28873368
T1753	1	2	6	3	5	6			9	6	0	79376335
T1757	1	2	1	1	2	6			9	6	0	26152517
T1760	1	2	1	1	2	1			1	1	0	26152517
T1761	1	2	1	1	4	1			1	1	0	59279320
T1762	1	2	3	3	2	6		6	9	6	0	56878758
T1763	1	2	2	2	9	6			1	6	0	67416624
T1766	1	2	1	1	2	6			9	6	0	23423243
T1767	1	2	1	1	2	6			9	6	0	28873368
T1768	1	2	1	1	2	6			9	6	0	23423243
T1769	1	2	2	2	3	6			9	6	0	50107819
T1776	1	2	1	1	2	1			6	6	0	26152517
T1778	1	2	1	1	2	6			9	6	0	61936379
T1779	1	2	1	1	9	6			9	6	0	60256874
T1782	1	2	1	1	2	6			9	6	0	26152517
T1783	1	2	4	2	3	1			1	1	0	26444399
T1784	1	2	5	4	9	6			9	6	0	26948362
T1785	1	2	2	2	5	6			6	6	0	60460068
T1786	1	2	1	1	9	6			9	6	0	49137449
T1788	1	2	2	2	9	6			6	6	0	20300870
T1789	1	2	1	1	5	6			6	1	0	28080383
T1791	1	2	1	1	4	6			6	6	0	28080383
T1792	1	2	1	1	2	6			6	6	0	23423243
T1793	1	2	1	1	2	6			6	6	0	49137449
T1795	1	2	2	2	9	6			9	6	0	67416624
T1796	1	2	2	2	9	6			9	6	0	26444399
T1797	1	2	2	2	9	6			9	6	0	26444399
T1801	1	2	1	1	2	6			6	6	0	59279320
T1806	1	2	4	2	5	6			6	6	0	24296550
T1812	1	2	1	1	2	6			6	6	0	26152517
T1815	1	2	1	1	2	6			9	6	0	26152517
T1816	1	2	5	3	5	6	6	6	9	6	1	30865039
T1817	1	2	5	3	4	6		6	9	6	0	55565542
T1818	1	2	5	3	5	6	1	1	9	1	1	59516974
T1819	1	2	1	1	2	6			9	6	0	59279320
T1820	1	2	2	2	5	6			9	1	0	26444399
T1823	1	2	7	3	4	6	1	1	9	1	1	23722265
T1824	1	2	5	3	4	6			9	6	0	25207739
T1826	1	2	5	4	5	6		6	9	6	0	55604276
T1827	1	2	5	4	5	6		1	9	1	0	70141410
T1829	1	2	1	1	4	6			9	6	0	28080383
T1832	1	2	3	3	4	6			9	6	0	19868021
T1834	1	2	2	2	2	6			9	6	0	62722688
T1836	1	2	5	4	5	6	1	6	9	6	1	18217421
T1837	1	2	2	2	5	6			9	6	0	24296550
T1838	1	2	5	3	5	6			9	1	0	25207739
T1841	1	2	6	4	3	1			6	6	0	100323996
T1842	1	2	3	4	3	6	1	6	9	6	1	36561792
T1849	1	3	1	1	4	6			6	6	0	61936379
T1850	1	3	4	2	4	6			6	6	0	51131280
T1851	1	3	1	1	3	6			9	6	0	59279320
T1853	1	3	7	2	2	6			9	6	0	29958525
T1858	1	3	5	4	5	6		6	6	6	0	55604276
T1860	1	3	1	1	2	6			6	6	0	23423243
T1862	1	3	1	1	9	6			6	6	0	26152517
T1863	1	3	1	1	2	6			6	6	0	26152517
T1866	1	3	5	3	5	6		6	6	6	0	75613018
T1869	1	3	2	2	4	6			9	6	0	24296550
T1881	1	3	3	3	9	6		6	9	6	0	48684367
T1882	1	3	5	4	5	6		6	9	1	0	51558082
T1886	1	3	1	1	4	6			9	6	0	26152517
T1887	1	3	5	5	5	6		6	9	6	0	36742884
T1888	1	3	5	5	5	6	1	6	9	1	1	37155967
T1897	1	3	1	1	3	6			9	6	0	45406937
T1899	1	3	3	2	9	6			9	6	0	40523303
T1900	1	3	1	1	9	6			9	6	0	26152517
T1901	1	3	5	3	5	6	1	6	9	1	1	30865039
T1902	1	3	5	3	4	6	1	1	9	6	1	20710366
T1911	1	3	2	2	5	6			9	6	0	36277920
T1912	1	3	1	1	9	6			9	1	0	28873368
T1918	1	3	4	2	4	6			9	6	0	25272465
T1920	1	3	1	1	9	6			9	6	0	23423243
T1922	1	3	3	2	9	1		6	6	6	0	40523303
T1927	1	3	2	2	5	6			9	6	0	24296550
T1930	1	3	6	3	9	6			9	6	0	75921486
T1932	1	3	2	2	2	1			6	6	0	26444399
T1933	1	3	1	1	9	6			9	6	0	26152517
T1935	1	3	2	2	5	6			9	6	0	36277920
T1936	1	3	5	4	1	6		6	9	6	0	32329494
T1942	1	3	3	2	9	6	1	6	9	6	1	17608708
T1944	1	3	1	1	5	6			9	6	0	28080383
T1947	1	3	3	2	9	6	1	6	9	6	1	39724621
T1951	1	3	7	2	4	6			9	6	0	25272465
T1955	1	3	7	4	5	6	1	6	9	6	1	73396708
T1956	1	4	2	2	4	6			9	6	0	36277920
T1959	1	4	1	1	3	6			9	6	0	27366929
T1961	1	4	2	2	2	1			1	1	0	60460068
T1963	1	4	5	4	9	6		6	9	6	0	55604276
T1964	1	4	2	2	5	6			9	6	0	24296550
T1966	1	4	3	3	1	6	1	6	9	6	1	16602815
T1968	1	4	2	2	9	6			9	6	0	29958525
T1970	1	4	4	2	5	1			6	6	0	60031330
T1974	1	4	2	2	2	6			9	6	0	23683124
T1976	1	4	2	2	3	6			9	1	0	26444399
T1977	1	4	7	3	5	6			9	6	0	72889652
T1979	1	4	3	3	5	6			9	6	0	45171877
T1980	1	4	6	3	5	6			9	6	0	34872764
T1984	1	4	6	4	5	6			9	6	0	52495325
T1985	1	4	3	3	5	6			9	6	0	45171877
T1986	1	4	2	2	1	1			6	6	0	60460068
T1988	1	4	2	2	5	6			9	6	0	24296550
T1991	1	4	5	4	5	6	1	1	9	1	1	22171933
T1994	1	4	1	1	1	6			9	6	0	64765131
T1996	1	4	2	2	4	6			9	6	0	24296550
T1997	1	4	1	1	2	6			9	6	0	26152517
T1999	1	4	5	3	5	6		6	9	6	0	25207739
T2000	1	4	5	3	5	6	1	6	9	6	1	18782112
T2001	2	4	5	3	5	6		6	6	6	0	161718506
T2005	2	4	5	3	5	6			6	6	0	72023380
T2006	2	4	1	1	2	6			6	6	0	74722794
T2007	2	4	5	4	1	1	6	6	6	6	1	70464255
T2008	2	4	5	4	5	6		6	9	6	0	76996675
T2009	1	4	2	2	9	6			9	6	0	163121904
T2011	1	4	2	2	9	6			6	6	0	163121904
T2014	1	4	1	1	3	6			9	6	0	82496788
T2015	1	4	7	4	9	1			6	6	0	129369565
T2018	1	4	5	3	3	6	6	6	9	6	1	175035625
T2019	1	4	5	4	9	6			9	6	0	161831499
T2023	1	4	5	3	4	6		6	9	6	0	71973119
T2026	1	4	1	1	4	6			9	6	0	174737010
T2027	1	4	7	3	9	6			9	6	0	196060990
T2030	1	4	5	3	5	6			9	6	0	71973119
T2032	1	4	1	1	2	6			9	6	0	74722794
T2033	1	4	6	3	5	6			6	6	0	214158192
T2034	1	4	5	4	9	6		6	6	6	0	150020924
T2035	1	4	4	2	9	1			6	6	0	135191427
T2036	1	4	2	2	3	6			9	6	0	75556755
T2037	1	4	2	2	9	6			9	6	0	75556755
T2038	1	4	2	2	9	6			9	6	0	103653024
T2039	1	4	5	5	4	6	6	6	9	6	1	116323480
T2044	1	4	5	3	2	6			9	6	0	72023380
T2049	1	4	5	3	5	6	1	6	9	6	1	118714498
T2050	1	4	5	4	5	6	1	1	9	6	1	128420591
T2051	1	4	3	2	5	6		6	9	1	0	124039143
T2052	1	4	7	4	9	1		6	6	6	0	95299170
T2053	1	4	5	4	9	6			9	6	0	76888952
T2055	1	4	5	4	5	6			9	6	0	118392316
T2060	1	4	1	1	2	6			9	6	0	97165586
T2061	1	4	6	3	9	6			9	6	0	107981636
T2062	1	4	4	2	4	6			9	6	0	77524442
T2063	1	4	2	2	5	6			9	6	0	103653024
T2064	1	4	2	2	3	6			9	6	0	75556755
T2066	2	4	1	1	3	6			9	6	0	162573684
T2067	2	4	5	4	5	6		6	9	6	0	173938628
T2069	2	4	6	3	9	6			9	6	0	120530563
T2071	2	4	2	2	9	6			6	6	0	75556755
T2072	2	4	5	3	9	6		6	9	6	0	71973119
T2074	1	1	2	2	2	6			9	6	0	181890765
T2080	1	1	1	1	1	6			9	6	0	66924731
T2082	1	1	5	3	4	6		6	9	6	0	149916420
T2087	1	1	5	3	9	6	1	6	9	6	1	79779345
T2088	1	1	5	3	9	6	1	6	9	6	1	65933420
T2089	1	1	6	3	4	6			6	6	0	214158192
T2093	1	1	2	2	9	6			6	6	0	75556755
T2096	1	1	5	4	5	6		6	6	6	0	76996675
T2102	1	1	1	1	2	6			6	6	0	82496788
T2104	1	1	4	2	4	1			6	6	0	77524442
T2106	1	1	5	4	5	6	6	6	6	6	1	139874578
T2107	1	1	1	1	2	6			6	6	0	163734854
T2114	1	1	5	3	9	6	1	6	9	6	1	175035625
T2116	1	1	5	4	4	6			6	6	0	100613345
T2117	1	1	5	3	3	6	6	6	6	6	1	79779345
T2122	1	1	2	2	9	6			6	6	0	163121904
T2125	1	1	1	1	3	6			9	6	0	80231079
T2127	1	1	2	2	4	1			6	6	0	77524442
T2128	1	1	1	1	2	6			1	1	0	74722794
T2129	1	1	5	4	5	6		6	9	6	0	161831499
T2130	1	1	4	2	3	6			6	6	0	144214381
T2131	1	1	1	1	3	6			9	6	0	167105005
T2139	1	1	6	4	5	6			9	6	0	270675203
T2140	1	1	5	5	5	6		6	9	6	0	104908174
T2142	1	1	2	2	3	6			9	6	0	75556755
T2143	1	1	5	4	5	6			9	6	0	76942794
T2146	1	1	5	4	5	6	1	6	9	6	1	117973423
T2147	1	1	6	3	9	6			9	6	0	215681456
T2148	1	1	1	1	2	6			9	6	0	74722794
T2151	1	1	1	1	2	6			9	6	0	74722794
T2158	1	1	1	1	2	6			6	6	0	80231079
T2159	1	1	5	3	5	6	6	6	9	6	1	64741173
T2161	1	1	1	1	1	6			9	6	0	159936233
T2163	1	1	1	1	4	1			1	1	0	159936233
T2165	1	1	7	5	2	6	1	6	9	6	1	223649227
T2168	1	1	3	3	1	6		1	9	6	0	67964180
T2169	1	1	5	4	5	6		6	9	6	0	139104252
T2171	1	1	2	2	3	6			9	6	0	163121904
T2172	1	1	5	4	5	6			9	6	0	100542937
T2174	1	1	1	1	3	6			9	6	0	66924731
T2177	1	1	1	1	3	6			9	6	0	163734854
T2183	1	1	1	1	3	6			9	6	0	80231079
T2185	1	1	2	2	2	6			9	6	0	163121904
T2187	1	1	7	5	9	6		6	9	6	0	528388083
T2191	1	1	2	2	2	6			9	6	0	69419938
T2193	2	1	2	2	3	6			6	6	0	163121904
T2194	2	1	5	4	3	6	1	1	6	6	1	162354672
T2195	2	1	1	1	2	6			6	6	0	159936233
T2196	2	1	7	3	3	6			6	6	0	92790650
T2199	2	1	4	2	1	6			6	6	0	84032655
T2201	1	1	5	4	4	6	1	6	9	1	1	138644750
T2203	1	1	5	5	5	6	1	6	9	6	1	206494143
T2205	1	1	2	2	5	6			6	1	0	75556755
T2206	1	1	5	4	5	6	1	1	6	1	1	77864147
T2207	1	1	2	2	9	6			6	6	0	85597293
T2212	1	1	3	2	2	6			6	6	0	54793150
T2217	1	1	3	4	2	6	1	6	9	6	1	104833271
T2219	1	1	4	2	1	6			9	6	0	161965165
T2221	1	1	6	3	5	6			9	6	0	110783827
T2223	1	1	1	1	9	6			9	6	0	97165586
T2226	1	2	7	3	5	6			9	6	0	259887931
T2229	1	2	2	2	2	6			9	6	0	75556755
T2230	1	2	2	2	3	6			6	6	0	67667260
T2232	1	2	1	1	1	6			6	6	0	74722794
T2233	1	2	1	1	1	6			9	6	0	132573358
T2235	1	2	3	4	1	6		6	9	6	0	220251070
T2237	1	2	2	2	9	6			9	6	0	75556755
T2238	1	2	5	3	2	6	1	6	9	6	1	79779345
T2240	1	2	1	1	1	1			6	1	0	74722794
T2241	2	2	3	3	5	6			9	6	0	197738802
T2242	2	2	1	1	2	1			1	1	0	163734854
T2243	2	2	5	3	4	6	6	6	9	6	1	160577425
T2244	2	2	2	2	3	6			9	6	0	75556755
T2249	1	2	2	2	9	1			6	6	0	135191427
T2253	1	2	6	3	5	6			9	6	0	120530563
T2254	1	2	2	2	5	6			9	6	0	85597293
T2258	1	2	2	2	5	6			9	6	0	163121904
T2260	1	2	2	2	2	6			9	6	0	75556755
T2261	1	2	7	3	3	6			9	6	0	163903935
T2262	1	2	1	1	4	6			9	1	0	78192603
T2264	1	2	2	2	4	6			9	6	0	103653024
T2266	1	2	2	2	5	6			9	6	0	144214381
T2269	1	2	2	2	9	6			9	6	0	75556755
T2272	1	2	4	2	2	6			9	6	0	64687032
T2273	1	2	5	3	5	6		6	9	6	0	161718506
T2277	1	2	4	2	2	6			6	6	0	84032655
T2280	1	2	2	2	5	6			9	6	0	69419938
T2281	1	2	5	3	4	6		6	9	6	0	203241931
T2282	1	2	3	4	1	6	1	6	9	6	1	112850782
T2284	1	2	4	2	9	6			9	6	0	93885582
T2286	1	2	2	2	3	1			6	6	0	85597293
T2293	1	2	5	4	5	6	1	6	9	6	1	63349496
T2295	1	2	2	2	2	6			9	6	0	75556755
T2296	1	2	1	1	9	1			6	6	0	74722794
T2298	1	2	5	4	5	6		6	6	6	0	161831499
T2299	1	2	5	4	5	6	1	6	6	6	1	160689604
T2300	1	2	5	3	5	6			9	6	0	71973119
T2301	1	2	5	4	5	6	1	6	6	6	1	94297538
T2303	1	2	1	1	4	6			6	6	0	82496788
T2304	1	2	1	1	4	6			9	6	0	80231079
T2305	1	2	5	5	4	6	1	1	9	6	1	180365034
T2307	1	2	5	4	2	6	1	6	9	6	1	118795899
T2308	1	2	7	2	4	6			9	6	0	83245167
T2311	1	2	2	2	2	1			6	6	0	75556755
T2313	1	2	7	5	9	6			9	6	0	444998989
T2314	1	2	5	4	2	6		6	9	6	0	150020924
T2315	1	2	2	2	4	6			9	6	0	134240557
T2316	1	2	2	2	4	6			9	6	0	103653024
T2319	1	2	6	3	9	6			9	6	0	94100851
T2322	1	2	5	4	5	6	1	6	9	6	1	139874578
T2327	1	2	5	5	5	6		1	9	1	0	104981518
T2328	1	2	7	5	5	6	1	6	9	6	1	202968933
T2329	1	2	1	1	1	6			6	6	0	159936233
T2331	1	2	2	2	5	6			6	6	0	181890765
T2332	1	2	7	3	3	6		6	6	6	0	82659048
T2333	1	2	1	1	4	6			6	6	0	97165586
T2336	1	2	2	2	5	6			6	6	0	75556755
T2337	1	2	7	3	1	6			9	6	0	257878144
T2340	1	2	5	3	3	6	6	6	6	6	1	88187379
T2341	1	2	5	3	5	6	1	6	9	6	1	65933420
T2343	1	2	1	1	1	1			1	1	0	74722794
T2347	1	2	2	2	4	6			6	6	0	134240557
T2350	1	2	5	4	9	6		6	9	6	0	76888952
T2353	1	2	2	2	5	6			6	6	0	133202377
T2355	1	2	1	1	9	6			9	6	0	132573358
T2356	1	2	6	3	3	6			9	6	0	94100851
T2358	1	2	3	2	3	6			9	6	0	54793150
T2359	1	2	5	3	5	6		6	9	6	0	72023380
T2360	1	2	1	1	2	6			6	6	0	80231079
T2361	1	2	2	2	2	6			9	6	0	163121904
T2363	1	2	1	1	1	6			9	6	0	167105005
T2365	1	2	2	2	3	6			9	6	0	75556755
T2367	1	2	6	3	9	6			9	6	0	107981636
T2368	1	2	2	2	2	6			9	6	0	75556755
T2369	1	2	1	1	2	6			9	6	0	132573358
T2371	1	2	1	1	1	6			9	6	0	162573684
T2372	1	2	1	1	2	6			9	6	0	74722794
T2373	1	2	1	1	4	6			9	6	0	97165586
T2374	1	2	2	2	3	6			9	6	0	75556755
T2379	1	2	5	4	5	6			9	6	0	161831499
T2382	1	2	4	2	1	1			1	1	0	77524442
T2383	1	2	5	4	4	6	1	1	9	1	1	63349496
T2385	1	2	2	2	3	6			9	6	0	135191427
T2386	1	2	5	5	2	6	6	6	9	6	1	176018766
T2390	1	2	5	5	2	6	6	6	9	6	1	118590275
T2391	1	2	1	1	2	6			9	6	0	74722794
T2393	1	2	2	2	4	6			9	6	0	163121904
T2394	1	2	2	2	3	6			9	6	0	163121904
T2396	1	2	3	2	2	6			9	6	0	54793150
T2397	1	2	2	2	5	6			9	6	0	103653024
T2398	1	2	1	1	3	6			9	6	0	82496788
T2400	1	2	1	1	2	6			9	6	0	74722794
T2401	1	3	1	1	2	6			9	6	0	159936233
T2402	1	3	4	2	5	6			9	6	0	174082420
T2404	1	3	1	1	2	6			9	6	0	74722794
T2412	1	3	1	1	3	6			9	6	0	80231079
T2417	1	3	2	2	5	6			9	6	0	134240557
T2418	1	3	2	2	4	6			9	6	0	163121904
T2420	1	3	6	3	9	6			9	6	0	102447382
T2422	1	3	1	1	2	1			1	1	0	74722794
T2424	1	3	2	2	2	1			6	6	0	75556755
T2425	1	3	2	2	4	6			9	6	0	163121904
T2428	1	3	5	4	5	6			9	6	0	100613345
T2429	1	3	4	2	3	6			9	6	0	100811980
T2430	1	3	1	1	2	6			9	6	0	74722794
T2431	1	3	1	1	2	6			6	6	0	80231079
T2439	1	3	4	3	9	6			9	6	0	96758081
T2441	1	3	1	1	5	6			9	6	0	174737010
T2442	1	3	1	1	2	6			9	6	0	132573358
T2444	1	3	5	5	4	6	6	6	9	6	1	96127313
T2445	1	3	1	1	2	6			9	6	0	74722794
T2448	1	3	5	3	5	6	1	6	9	6	1	79779345
T2451	2	3	4	2	4	6			9	6	0	161965165
T2452	2	3	7	5	5	6	1	6	9	6	1	93165095
T2453	2	3	2	2	4	6			9	6	0	75556755
T2454	2	3	1	1	3	6			9	6	0	80231079
T2455	2	3	3	3	5	6		6	9	6	0	56805656
T2457	1	3	1	1	2	6			9	1	0	159936233
T2458	1	3	5	5	4	6			9	6	0	354780488
T2460	1	3	5	3	5	6			9	6	0	71973119
T2465	1	3	1	1	2	6			9	6	0	159936233
T2467	1	3	1	1	3	6			9	6	0	162573684
T2470	1	3	1	1	3	6			9	6	0	97165586
T2473	1	3	7	3	5	6			9	6	0	161718506
T2475	1	3	1	1	4	6			9	6	0	162573684
T2481	1	3	2	2	9	6			9	6	0	134240557
T2490	1	3	1	1	3	1			1	1	0	159936233
T2491	1	3	5	3	9	6		6	6	6	0	149916420
T2495	1	3	5	3	3	6		6	9	6	0	71973119
T2497	1	3	2	2	4	6			9	6	0	134240557
T2498	1	3	5	4	5	6		6	9	6	0	150020924
T2499	1	3	1	1	3	6			9	6	0	174737010
T2500	1	3	6	3	2	6			9	6	0	99638222
T2503	1	3	5	3	5	6	1	1	9	6	1	79779345
T2505	1	3	2	2	9	6			9	6	0	181890765
T2507	1	3	5	4	9	6	1	6	9	6	1	88038700
T2511	1	3	5	4	4	6		6	9	6	0	76942794
T2512	1	3	1	1	2	6			9	6	0	80231079
T2515	1	3	1	1	4	6			9	6	0	174737010
T2517	1	3	7	4	5	6	1	6	6	6	1	66913635
T2518	1	3	1	1	2	6			9	6	0	74722794
T2519	1	3	7	5	4	6	6	6	9	6	1	178838858
T2521	1	3	5	4	3	6		6	9	6	0	150020924
T2523	1	3	1	1	2	6			9	6	0	162573684
T2524	1	3	1	1	2	6			9	6	0	82496788
T2526	1	3	5	3	4	6		6	9	6	0	107547460
T2528	1	3	5	5	5	6	1	6	9	6	1	70014527
T2532	1	3	6	4	5	1			6	6	0	131161638
T2535	1	3	4	2	3	6			9	6	0	79711917
T2537	1	3	5	3	5	6	1	6	9	6	1	160577425
T2540	1	3	1	1	4	6			9	6	0	80231079
T2544	1	3	7	3	5	1			6	6	0	97107100
T2546	1	3	1	1	5	6			9	6	0	167105005
T2548	1	3	2	2	4	6			9	6	0	75556755
T2556	1	3	5	5	5	6		6	9	6	0	129327206
T2559	1	3	1	1	1	1			6	6	0	66924731
T2564	1	3	5	4	4	6	1	6	9	6	1	63204133
T2566	1	3	3	4	1	6	1	6	9	6	1	45479914
T2567	1	3	3	3	1	6		6	9	6	0	69821852
T2568	1	3	6	3	5	6			9	6	0	133828700
T2571	1	3	2	2	9	6			9	6	0	181890765
T2572	1	4	2	2	2	6			9	6	0	75556755
T2573	1	4	2	2	9	6			9	6	0	67667260
T2574	1	4	5	4	4	6		6	9	6	0	76942794
T2576	1	4	5	5	9	6		6	9	6	0	104981518
T2578	2	4	5	3	9	6			9	6	0	149916420
T2581	2	4	6	3	5	6			9	6	0	110783827
T2584	2	4	1	1	1	1			1	6	0	74722794
T2587	1	4	5	4	5	6	1	6	9	6	1	139874578
T2590	1	4	2	2	4	6			9	6	0	69419938
T2594	1	4	5	5	1	6	1	6	9	6	1	152314999
T2595	1	4	1	1	1	6			9	6	0	162573684
T2596	1	4	6	4	5	6			9	6	0	179569236
T2603	2	4	5	4	5	6	1	6	9	6	1	110305949
T2604	2	4	2	2	5	6			9	6	0	69419938
T2605	2	4	1	1	2	6			9	6	0	80231079
T2608	2	4	5	4	5	6	1	6	9	6	1	63349496
T2609	1	4	2	2	5	6			9	6	0	181890765
T2614	1	4	3	2	2	6			9	6	0	67349311
T2616	1	4	6	3	5	6			9	6	0	94100851
T2617	1	4	2	2	9	6			9	6	0	163121904
T2620	1	4	4	2	3	1			1	6	0	67667260
T2621	1	4	6	4	5	6			9	6	0	131161638
T2622	1	4	1	1	2	6			9	6	0	80231079
T2623	1	4	6	3	4	6			9	6	0	107981636
T2624	1	4	1	1	4	6			9	1	0	78192603
T2626	1	4	3	3	4	6			9	6	0	161112847
T2631	1	4	5	4	5	6	1	6	9	6	1	69960153
T2632	1	4	5	3	5	6		6	9	6	0	71973119
T2635	1	4	5	3	5	6	1	6	9	6	1	160577425
T2637	1	4	2	2	4	6			9	6	0	75556755
T2638	1	4	5	3	5	6			9	6	0	72023380
T2639	1	4	5	3	5	6		6	9	6	0	72023380
T2640	1	4	7	2	4	6			9	6	0	75556755
T2642	1	4	2	2	3	1			6	6	0	163121904
T2646	1	4	2	2	9	6			9	6	0	75556755
T2647	1	4	2	2	3	1			6	6	0	75556755
T2648	1	4	1	1	1	6			9	6	0	66924731
T2652	2	4	1	1	3	6			9	6	0	80231079
T2657	2	4	2	2	5	6			6	6	0	124358467
T2658	2	4	5	4	3	6	1	6	6	6	1	149906618
T2659	2	4	2	2	5	6			6	1	0	150050860
T2661	2	4	1	1	1	6			1	1	0	65658048
T2662	2	4	5	4	5	6		6	9	6	0	67608737
T2664	2	4	1	1	2	6			6	1	0	65658048
T2668	2	4	5	4	9	6	1	6	9	6	1	61473171
T2671	2	4	1	1	1	6			6	6	0	65658048
T2675	1	4	1	1	2	6			9	6	0	150614694
T2676	1	4	5	3	9	6	1	1	9	6	1	51995079
T2677	1	4	1	1	2	6			9	1	0	65658048
T2680	1	4	3	2	1	6	6	6	9	6	1	48707827
T2681	1	4	2	2	3	6			6	6	0	150050860
T2682	1	4	5	3	4	6			6	6	0	137903539
T2684	1	4	5	4	9	6	1	1	6	6	1	61473171
T2685	1	4	1	1	9	6			6	6	0	65658048
T2686	1	4	2	2	9	6			9	6	0	66390840
T2689	1	4	1	1	9	6			9	6	0	147120458
T2695	1	4	7	4	3	6	6	6	9	6	1	47473239
T2696	1	4	1	1	2	6			9	6	0	72488967
T2697	2	4	2	2	2	1			1	6	0	150050860
T2698	2	4	3	3	2	6		6	6	6	0	141162701
T2707	2	4	5	5	5	6	6	6	9	1	1	223124740
T2709	2	4	5	3	3	6			9	6	0	63286105
T2712	2	4	3	2	1	6			9	6	0	48146103
T2714	1	1	1	1	9	6			6	6	0	153714793
T2716	1	1	2	2	3	6			9	6	0	91078705
T2719	1	4	5	4	9	6	6	6	6	6	1	82800071
T2720	1	4	1	1	9	6			6	6	0	65658048
T2722	1	4	1	1	2	6			6	6	0	153714793
T2730	1	1	1	1	2	6			9	6	0	147120458
T2731	1	4	6	3	5	6			9	6	0	181637681
T2734	1	4	3	2	3	6			9	6	0	59220221
T2735	1	4	1	1	4	6			9	6	0	85378268
T2736	1	4	1	1	9	6			9	6	0	72488967
T2737	2	4	7	2	9	1			6	6	0	123483790
T2738	2	1	2	2	9	6			9	6	0	123483790
T2739	2	1	2	2	2	6			9	6	0	156778738
T2740	2	1	6	3	5	6			9	6	0	94882205
T2741	2	1	3	3	1	6	6	6	9	6	1	45813224
T2742	2	1	7	5	5	1	1	6	6	6	1	183630214
T2743	2	1	2	2	4	6			9	6	0	60998490
T2744	2	1	5	4	4	6		6	9	6	0	67561426
T2745	1	1	5	4	5	6		6	9	6	0	148863856
T2747	1	1	2	2	5	6			9	1	0	150050860
T2749	1	1	6	3	4	6			9	6	0	72977294
T2750	1	1	7	3	2	6		6	9	6	0	58254084
T2751	1	1	1	1	5	6			9	6	0	70498114
T2752	1	1	5	3	5	6			9	6	0	63241941
T2753	1	1	6	3	5	6			9	6	0	239062974
T2757	1	1	4	2	2	6			6	6	0	82496167
T2759	1	1	5	4	3	6		6	9	6	0	67608737
T2761	1	1	1	1	1	6			9	6	0	150614694
T2762	1	1	7	3	9	6			9	6	0	243699544
T2764	1	1	3	2	2	1		6	6	1	0	57608242
T2767	1	1	2	2	4	1			6	6	0	63448604
T2768	1	1	6	4	3	6			9	6	0	157785395
T2772	1	1	1	1	3	6			9	6	0	65658048
T2773	1	1	2	2	1	6			9	6	0	60998490
T2776	1	1	5	4	5	6		6	6	6	0	100933113
T2777	2	1	5	4	2	6		6	9	6	0	187086464
T2781	2	1	5	3	5	6	1	6	9	1	1	77489222
T2784	2	1	2	2	4	6			9	6	0	66390840
T2785	2	1	2	2	9	6			9	6	0	150050860
T2786	2	1	4	2	3	6			6	6	0	132658407
T2788	2	1	3	2	3	6		6	6	6	0	48178941
T2792	2	1	4	2	9	6			9	6	0	73838515
T2799	1	1	2	2	4	6			6	1	0	66390840
T2801	2	1	5	4	9	1	1	1	6	6	1	127535073
T2803	2	1	6	4	5	6			9	6	0	248985857
T2804	2	1	2	2	2	6			9	6	0	60998490
T2807	2	1	2	2	4	6			9	6	0	59458433
T2809	3	1	4	2	3	6			9	6	0	132658407
T2810	3	1	4	2	2	6			1	1	0	124358467
T2813	3	1	1	1	2	6			1	1	0	65658048
T2816	3	1	3	2	2	6		6	9	6	0	48178941
T2817	2	1	2	2	9	6			9	6	0	124358467
T2818	2	1	1	1	2	6			9	6	0	153714793
T2821	2	1	5	3	9	6			9	6	0	63286105
T2822	2	1	2	2	4	6			9	6	0	66390840
T2824	2	1	7	5	5	6	6	6	9	6	1	108133482
T2825	1	1	4	2	2	1			1	6	0	148986811
T2827	1	1	7	4	9	1	6	6	6	6	1	104222111
T2828	1	1	2	2	4	6			9	6	0	91078705
T2829	1	1	6	3	5	1			6	6	0	105908801
T2830	1	1	2	2	2	6			9	6	0	60998490
T2832	1	1	2	2	9	6			9	6	0	91078705
T2835	2	1	3	2	3	6	1	1	9	6	1	81074996
T2837	2	1	7	5	9	6	6	6	9	6	1	170902479
T2839	2	1	5	4	3	6		6	6	6	0	67656082
T2842	2	1	2	2	9	6			9	6	0	123483790
T2846	2	1	2	2	5	6			9	6	0	66390840
T2847	2	1	2	2	9	6			9	6	0	73146558
T2849	1	1	2	2	2	6			6	6	0	124358467
T2850	1	1	5	4	9	6		6	9	6	0	127957755
T2852	1	1	7	5	9	6			9	6	0	113481911
T2853	1	1	2	2	2	1			1	1	0	66390840
T2855	1	1	5	3	4	6			9	6	0	63286105
T2857	1	1	2	2	9	1			6	1	0	150050860
T2859	1	1	5	3	4	6			9	6	0	137903539
T2862	1	1	5	3	5	6		1	9	6	0	94434753
T2864	1	1	3	2	3	6			9	6	0	48146103
T2868	2	1	1	1	1	6			9	6	0	65658048
T2872	2	1	5	4	3	6		6	9	6	0	67561426
T2873	1	1	5	4	5	6	1	1	9	6	1	161122529
T2877	1	1	2	2	2	1			1	1	0	66390840
T2879	1	1	7	5	5	6		6	9	6	0	131340174
T2880	1	1	2	2	2	6			9	6	0	66390840
T2881	2	1	6	3	5	1			6	6	0	188423278
T2883	2	1	5	3	4	6	6	6	9	6	1	109201842
T2885	2	1	5	5	2	6	1	6	9	6	1	93355770
T2886	2	1	5	4	3	1			6	6	0	104029949
T2888	2	1	3	2	1	6		6	9	6	0	48178941
T2889	2	1	5	4	5	6	1	1	9	6	1	127535073
T2890	2	1	6	3	5	6			6	6	0	198398788
T2893	2	1	5	4	4	6		6	9	6	0	83400104
T2894	2	1	2	2	9	6			9	6	0	91078705
T2895	2	1	5	3	9	6	1	6	9	6	1	47154039
T2897	1	1	5	4	5	6	1	1	9	1	1	110388511
T2899	1	1	3	3	5	6			9	1	0	120825719
T2902	1	1	1	1	9	6			9	6	0	85378268
T2904	1	1	1	1	1	6			6	1	0	68706929
T2919	1	2	5	4	5	6		6	9	6	0	100933113
T2920	1	2	5	4	9	6	1	6	9	6	1	55536735
T2923	1	2	2	2	2	6			9	6	0	124358467
T2925	1	2	5	5	2	6	6	6	9	6	1	94338849
T2926	1	2	2	2	1	6			9	1	0	66390840
T2927	1	2	6	3	5	6			9	6	0	97344458
T2929	2	2	5	4	5	6	1	6	9	6	1	149345106
T2930	2	2	3	3	4	6		6	6	6	0	137343582
T2931	2	2	5	3	5	6			9	6	0	148759917
T2932	2	2	2	2	5	6			9	6	0	59458433
T2935	2	2	4	2	3	6			9	6	0	68119824
T2936	2	2	5	5	4	6			9	6	0	140825550
T2937	2	2	3	3	4	6		6	9	6	0	127351713
T2942	2	2	5	3	4	6	1	6	9	6	1	47154039
T2945	1	2	5	3	5	6		6	9	6	0	148759917
T2946	1	2	7	4	2	6	1	1	9	6	1	156163722
T2949	1	2	7	3	5	1			6	1	0	61641933
T2951	1	2	2	2	3	6			9	6	0	73838515
T2952	1	2	6	3	5	6			9	6	0	90019321
T2953	1	2	4	2	9	6			9	6	0	148986811
T2954	1	2	2	2	3	6			9	6	0	167315763
T2957	1	2	6	3	4	6			9	6	0	97344458
T2958	1	2	5	4	5	6		6	9	6	0	67561426
T2961	2	2	4	2	2	6			9	6	0	132658407
T2963	2	2	4	2	5	6			9	6	0	160133104
T2968	2	2	1	1	1	1			6	1	0	65658048
T2970	1	2	7	5	1	1		6	6	6	0	364905603
T2971	1	2	5	4	2	6	1	6	9	6	1	118130181
T2973	1	2	4	2	3	1			1	1	0	56839741
T2976	1	2	5	5	3	6	6	6	9	6	1	82864808
T2983	1	2	1	1	2	6			9	6	0	72488967
T2984	1	2	5	5	2	6	1	6	9	6	1	62616034
T2985	3	2	4	2	2	6			9	6	0	126898510
T2988	3	2	1	1	1	6			9	6	0	68706929
T2991	3	2	1	1	2	6			9	1	0	68706929
T2993	1	2	2	2	5	6			9	1	0	167315763
T2994	1	2	1	1	9	6			9	6	0	147120458
T2998	1	2	2	2	9	6			9	6	0	91078705
T2999	1	2	7	5	5	6	1	1	9	6	1	89779171
T3001	1	2	4	2	5	1			1	1	0	146569984
T3002	1	2	1	1	2	6			9	1	0	147120458
T3003	1	2	2	2	3	1			6	1	0	150050860
T3005	1	2	2	2	5	6			9	6	0	59458433
T3006	1	2	1	1	3	6			9	6	0	72488967
T3007	1	2	3	2	2	6			9	6	0	48178941
T3008	1	2	5	3	5	6			9	6	0	63241941
T3009	1	2	3	2	2	6			6	6	0	117235965
T3011	1	2	2	2	5	6			9	6	0	123483790
T3012	1	2	5	4	9	6			9	6	0	67608737
T3017	1	2	2	2	3	6			9	1	0	123483790
T3019	1	2	1	1	9	6			9	6	0	160735241
T3020	1	2	5	5	5	6		6	9	6	0	92246037
T3022	1	2	1	1	4	6			9	6	0	70498114
T3023	1	2	2	2	4	6			9	6	0	66390840
T3025	2	2	4	2	2	6			9	6	0	126898510
T3032	2	2	5	5	4	6		6	9	6	0	136773671
T3034	2	2	3	2	5	6			9	6	0	117235965
T3035	2	2	2	2	2	6			9	6	0	150050860
T3041	2	2	5	4	4	6	1	6	9	6	1	108520151
T3044	2	2	1	1	4	6			9	1	0	65658048
T3048	2	2	5	4	5	6	1	6	9	6	1	82800071
T3051	2	2	5	4	5	6	1	1	9	6	1	118130181
T3059	2	2	4	3	5	6			9	1	0	211639466
T3060	2	2	7	2	2	6			6	6	0	60998490
T3061	2	2	5	4	5	6	1	6	9	6	1	74903888
T3065	1	2	1	1	5	6			9	1	0	150614694
T3071	1	2	1	1	2	6			9	6	0	65658048
T3073	2	3	5	4	5	6	1	6	9	6	1	118130181
T3074	2	3	5	3	5	6	6	6	9	1	1	147710272
T3076	2	3	1	1	1	6			9	1	0	58805982
T3083	2	3	5	3	9	6		6	9	6	0	137903539
T3085	2	3	2	2	9	6			9	6	0	60998490
T3086	2	3	2	2	2	6			9	6	0	66390840
T3087	2	3	3	3	2	6	1	1	9	6	1	41682734
T3088	2	3	1	1	2	6			9	1	0	65658048
T3089	1	3	5	5	4	6			9	6	0	271848209
T3092	1	3	2	2	9	6			9	6	0	60998490
T3093	1	3	5	4	4	6		6	9	6	0	67608737
T3095	1	3	6	3	5	6			9	6	0	105908801
T3096	1	3	2	2	5	6			9	6	0	68119824
T3099	1	3	1	1	2	6			9	6	0	121950185
T3100	1	3	1	1	2	6			9	6	0	68706929
T3105	1	3	2	2	4	6			9	6	0	155666270
T3108	1	3	7	3	5	6			9	6	0	82685322
T3110	1	3	5	4	5	6		6	9	6	0	67656082
T3112	1	3	5	4	4	6	1	6	9	6	1	67926716
T3113	1	3	1	1	2	1			1	1	0	147120458
T3115	1	3	5	3	5	6	1	1	9	1	1	161009929
T3117	1	3	7	4	3	6	6	6	9	6	1	126900480
T3118	1	3	1	1	2	6			9	1	0	65658048
T3121	1	3	7	5	5	6			9	6	0	425771156
T3122	1	3	2	2	2	6			9	6	0	132658407
T3123	1	3	1	1	2	6			9	1	0	147120458
T3124	1	3	1	1	4	6			9	6	0	68706929
T3125	1	3	7	3	2	6			9	6	0	119732746
T3130	1	3	3	2	9	6			9	6	0	114099821
T3131	1	3	7	5	3	6	1	6	9	6	1	273688716
T3135	1	3	2	2	5	6			9	6	0	91078705
T3136	1	3	5	5	2	6	1	6	9	6	1	92679095
T3137	1	3	3	3	5	6		6	9	1	0	112108358
T3142	1	3	1	1	4	6			9	6	0	70498114
T3143	1	3	2	2	9	6			9	6	0	91078705
T3144	1	3	2	2	3	6			9	6	0	60998490
T3146	2	3	2	2	2	6			9	6	0	150050860
T3148	2	3	1	1	3	6			9	6	0	70498114
T3149	2	3	5	4	5	6		6	9	6	0	67561426
T3151	2	3	4	2	9	6			9	6	0	60998490
T3154	2	3	5	3	4	6			9	6	0	148759917
T3157	2	3	2	2	2	6			9	6	0	60998490
T3160	2	3	5	5	2	6		6	9	6	0	113481911
T3162	1	3	5	5	9	6			9	6	0	222414144
T3167	1	3	1	1	1	6			6	6	0	68706929
T3168	1	3	1	1	2	1			6	1	0	65658048
T3169	1	3	1	1	1	6			9	6	0	149546569
T3170	1	3	2	2	5	6			9	6	0	167315763
T3171	1	3	6	3	5	6			9	6	0	188423278
T3174	1	3	1	1	2	6			9	6	0	65658048
T3176	1	3	5	4	5	6	1	6	9	6	1	82800071
T3180	2	3	1	1	1	6			9	1	0	65658048
T3182	2	3	1	1	1	6			9	6	0	85378268
T3183	2	3	2	2	4	6			9	6	0	60998490
T3184	2	3	5	3	3	6		1	9	6	0	76570456
T3186	1	3	5	5	5	6	1	6	9	1	1	264612981
T3187	1	3	2	2	2	6			9	6	0	150050860
T3191	1	3	3	3	3	6	6	6	9	6	1	37502333
T3192	1	3	5	3	5	6			9	6	0	63241941
T3193	2	3	3	2	2	6			9	6	0	93455017
T3195	2	3	4	2	2	6			9	6	0	132658407
T3196	2	3	5	3	5	6			9	6	0	63286105
T3201	2	3	1	1	2	6			9	6	0	121950185
T3202	2	3	1	1	2	6			9	1	0	150614694
T3203	2	3	2	2	3	6			9	6	0	150050860
T3204	2	3	5	4	5	6	6	6	9	6	1	68418319
T3208	2	3	5	3	5	6			9	6	0	63286105
T3210	1	3	2	2	2	6			9	6	0	150050860
T3212	1	3	5	4	5	6	1	6	9	6	1	82800071
T3213	1	3	1	1	4	6			9	6	0	58805982
T3214	1	3	5	5	4	6			9	6	0	92246037
T3218	1	3	4	2	3	6			9	6	0	156778738
T3219	1	3	5	3	4	6		6	9	6	0	137903539
T3220	1	3	2	2	9	6			9	6	0	66390840
T3221	1	3	6	3	9	6			9	6	0	97344458
T3223	1	3	6	3	4	6			9	6	0	105908801
T3225	2	3	5	3	5	6			9	1	0	137903539
T3226	2	3	1	1	2	6			9	1	0	121950185
T3228	2	3	5	3	5	6	1	6	9	1	1	70101181
T3229	2	3	5	4	5	6		6	9	6	0	67608737
T3231	2	3	5	4	5	6		6	9	6	0	67608737
T3233	2	3	2	2	5	6			9	6	0	123483790
T3235	2	3	5	5	5	6	1	6	9	6	1	140889146
T3237	2	3	5	3	4	6	6	6	9	6	1	70101181
T3239	2	3	7	5	5	6		6	9	6	0	109099250
T3240	2	3	1	1	2	1			1	1	0	65658048
T3241	1	3	7	5	4	6		6	9	6	0	455811943
T3243	1	3	3	2	5	6			9	6	0	93455017
T3246	1	4	5	3	5	6	1	1	9	6	1	63997191
T3253	1	4	2	2	5	6			9	1	0	91078705
T3254	1	4	1	1	2	6			9	6	0	85378268
T3255	1	4	2	2	5	6			9	6	0	91078705
T3257	1	4	7	2	5	6			6	1	0	132120700
T3259	1	4	5	5	3	6	1	6	9	6	1	150078416
T3260	1	4	1	1	2	6			9	6	0	65658048
T3261	1	4	5	3	5	6			9	6	0	63286105
T3263	1	4	5	4	5	6	1	6	9	6	1	61473171
T3266	1	4	5	4	4	6	1	1	9	6	1	128666354
T3267	1	4	1	1	4	6			9	6	0	150614694
T3268	1	4	2	2	5	6			9	6	0	60998490
T3271	1	4	2	2	5	6			9	6	0	91078705
T3272	1	4	5	3	5	6		1	9	6	0	63286105
T3274	1	4	3	2	2	6	1	6	6	6	1	93156122
T3275	1	4	2	2	9	6			9	6	0	150050860
T3277	1	4	1	1	3	6			9	6	0	70498114
T3279	1	4	3	2	4	6			9	6	0	59220221
T3281	2	4	2	2	9	6			9	6	0	167315763
T3282	2	4	5	4	5	6			9	6	0	148863856
T3284	2	4	5	4	5	6	6	6	9	6	1	74956451
T3285	2	4	7	4	5	6		6	9	6	0	96864974
T3288	2	4	5	3	5	6		6	9	6	0	76624195
T3292	1	4	1	1	2	6			9	6	0	68706929
T3294	1	4	1	1	1	6			9	6	0	65658048
T3297	1	4	2	2	2	6			9	6	0	124358467
T3298	1	4	1	1	4	6			9	6	0	149546569
T3301	1	4	7	3	2	6	6	6	9	6	1	48447383
T3302	1	4	5	3	4	6	1	1	9	6	1	77489222
T3304	1	4	5	4	5	6	1	1	9	6	1	61473171
T3305	2	4	5	5	5	6		6	9	1	0	177335318
T3306	2	4	6	3	5	6			9	6	0	239062974
T3307	2	4	1	1	1	6			9	6	0	147120458
T3309	2	4	5	3	5	6			9	6	0	63286105
T3311	2	4	5	4	5	6		6	9	6	0	67561426
T3313	1	4	4	2	3	6			9	6	0	153139164
T3316	1	4	5	5	2	1			1	1	0	92117187
T3318	1	4	1	1	3	6			9	6	0	72488967
T3319	1	4	2	2	4	6			9	6	0	66390840
T3321	3	4	2	2	5	6			9	1	0	102723686
T3322	3	4	7	5	3	6	6	6	9	6	1	174543922
T3323	3	4	5	4	4	6		6	9	6	0	114861929
T3324	3	4	5	4	5	6	6	1	9	6	1	40958969
T3325	3	4	4	2	5	1			1	1	0	34273660
T3326	3	4	6	3	5	6			9	6	0	63861697
T3331	2	4	7	5	1	6	6	6	9	6	1	425608214
T3333	2	4	7	4	4	6	6	6	9	6	1	26492345
T3335	2	4	2	2	1	6			9	6	0	40032855
T3338	3	4	5	3	5	6	1	1	6	6	1	98852213
T3339	3	4	1	1	2	6			6	6	0	74871443
T3340	3	4	1	1	1	6			6	6	0	39590990
T3342	3	4	5	4	3	6			6	6	0	53271489
T3344	3	4	1	1	3	6			6	6	0	35459279
T3348	2	4	3	2	4	1			1	6	0	34737057
T3349	2	4	1	1	2	6			9	6	0	42509490
T3352	2	4	6	3	4	6			9	6	0	58697503
T3353	2	4	1	1	1	6			9	6	0	90324758
T3354	2	4	3	2	1	6	6	6	9	6	1	62166534
T3355	2	4	7	5	3	1		6	6	6	0	167508151
T3356	2	4	1	1	2	6			6	6	0	43709950
T3360	2	4	5	4	4	6	1	6	9	6	1	37334654
T3361	2	4	7	3	4	1			1	6	0	111516643
T3363	2	4	1	1	1	6			6	6	0	74871443
T3366	2	4	1	1	2	6			6	6	0	43709950
T3368	2	4	5	3	3	6	1	6	6	6	1	46725042
T3370	1	4	5	3	4	6		6	6	6	0	91331305
T3378	1	4	1	1	3	6			9	6	0	91814271
T3379	1	1	5	3	5	6		6	6	6	0	114781859
T3380	1	4	3	2	2	6			9	6	0	35684237
T3382	1	4	7	3	2	6			9	6	0	60343920
T3384	1	1	5	5	2	6		6	9	6	0	110090398
T3385	2	1	1	1	4	6			6	6	0	90324758
T3387	2	1	1	1	1	6			9	6	0	90324758
T3388	2	1	1	1	1	6			6	6	0	39590990
T3389	2	1	5	3	5	6			9	6	0	38160738
T3390	2	1	6	3	5	6			9	6	0	52792136
T3391	2	1	5	5	5	6	6	1	9	6	1	67944430
T3392	2	1	1	1	3	6			9	6	0	35459279
T3393	2	1	1	1	2	6			9	6	0	98683568
T3394	2	1	5	5	4	6		6	9	6	0	172009223
T3396	2	1	1	1	2	6			9	6	0	43709950
T3399	2	1	2	2	4	6			9	6	0	40032855
T3402	2	1	2	2	3	6			6	6	0	102723686
T3404	2	1	1	1	2	6			9	6	0	42509490
T3405	2	1	2	2	9	6			1	6	0	40032855
T3406	2	1	1	1	3	6			6	6	0	41429428
T3407	2	1	1	1	2	6			6	6	0	35459279
T3409	1	1	5	5	2	6	6	6	9	6	1	92487265
T3410	1	1	5	4	5	6		6	9	6	0	91395119
T3411	1	1	5	5	1	6	6	6	9	6	1	150876273
T3412	1	1	5	5	5	6	1	6	9	6	1	50896236
T3413	1	1	7	2	2	6			9	6	0	32378680
T3414	1	1	1	1	1	6			9	6	0	51482039
T3415	1	1	5	5	2	6	6	6	9	6	1	50565576
T3417	2	1	2	2	4	6			9	6	0	75813001
T3418	2	1	3	3	1	6	1	6	9	6	1	55125782
T3419	2	1	5	3	5	6			9	6	0	84666021
T3421	2	1	5	3	5	6	1	6	9	6	1	42270144
T3423	2	1	1	1	3	6			9	6	0	42509490
T3424	2	1	1	1	9	6			9	1	0	35459279
T3425	2	1	1	1	2	6			9	6	0	74871443
T3427	2	1	1	1	2	6			9	6	0	94373356
T3429	2	1	1	1	2	6			9	6	0	42509490
T3432	2	1	5	5	9	6	6	6	9	6	1	67944430
T3435	3	1	4	2	2	1			6	6	0	74593821
T3437	3	1	6	3	4	1			6	6	0	57212795
T3441	1	1	1	1	1	6			6	1	0	90324758
T3442	1	1	7	3	5	6			9	6	0	160029246
T3443	1	1	1	1	2	1			6	6	0	90324758
T3447	1	1	2	2	9	6			9	6	0	36781335
T3449	2	1	1	1	2	6			9	6	0	74871443
T3450	2	1	3	2	2	6			9	6	0	61745943
T3451	2	1	4	2	5	6			9	6	0	96254469
T3452	2	1	1	1	2	6			9	6	0	43709950
T3455	2	1	5	3	3	6	1	6	9	6	1	46725042
T3457	2	1	2	2	2	6			9	6	0	92123881
T3462	2	1	5	3	3	6		6	9	6	0	67006707
T3463	2	1	1	1	3	6			9	1	0	41429428
T3464	2	1	2	2	5	6			9	6	0	36781335
T3465	2	1	1	1	1	6			9	6	0	74569529
T3466	2	1	1	1	2	6			9	6	0	94373356
T3467	2	1	2	2	2	6			9	6	0	92123881
T3469	2	1	5	4	5	6			9	6	0	40795780
T3470	2	1	1	1	3	6			9	6	0	51482039
T3471	2	1	2	2	2	6			9	6	0	40032855
T3472	2	1	6	4	4	6			9	6	0	92873365
T3476	1	1	3	2	4	6			9	6	0	34712957
T3477	1	1	5	3	2	6	1	6	9	6	1	38589514
T3478	1	1	7	5	2	6		6	9	6	0	97500067
T3479	1	1	1	1	5	6			9	1	0	39590990
T3480	1	1	7	2	2	6			9	6	0	34712957
T3482	2	1	4	5	2	6			9	6	0	371675653
T3483	2	1	4	2	4	6			9	6	0	98313885
T3484	2	1	5	3	5	6	6	6	9	6	1	42270144
T3485	2	1	1	1	2	6			9	6	0	35459279
T3486	2	1	5	3	4	6		6	9	6	0	38134107
T3487	2	1	2	2	1	6			9	6	0	54919332
T3488	2	1	5	4	4	6			9	6	0	40795780
T3490	2	1	2	2	1	6			9	6	0	75813001
T3492	2	1	1	1	2	6			9	6	0	39590990
T3494	2	1	1	1	2	6			9	6	0	39590990
T3495	2	1	2	2	5	6			9	6	0	54919332
T3496	2	1	1	1	1	1			6	1	0	35459279
T3499	2	1	2	2	3	6			9	6	0	102723686
T3501	2	1	5	3	3	6			9	6	0	38134107
T3505	2	1	1	1	3	6			9	6	0	91814271
T3506	2	1	2	2	2	6			9	6	0	102723686
T3507	2	1	2	2	9	6			9	6	0	76350009
T3510	2	1	1	1	2	6			9	6	0	39590990
T3512	2	1	6	3	1	6			9	6	0	68504569
T3513	2	1	5	5	1	1	1	6	6	6	1	127541725
T3514	2	1	5	5	4	6		6	9	6	0	146607144
T3516	2	1	1	1	1	6			9	6	0	35459279
T3517	2	1	1	1	2	6			9	6	0	41429428
T3519	2	1	4	2	2	6			1	6	0	34273660
T3520	2	1	5	4	4	6	1	6	9	6	1	33487964
T3521	1	2	5	3	2	1			6	6	0	84666021
T3523	1	2	6	4	1	6			6	6	0	179855260
T3527	1	2	5	4	2	6	1	1	9	6	1	20823141
T3528	1	2	5	5	1	6	1	6	9	6	1	76348193
T3530	2	2	3	2	2	6	1	6	9	6	1	62166534
T3531	2	2	7	4	3	6	1	1	6	6	1	66626059
T3532	2	2	5	3	2	6	1	6	9	6	1	42270144
T3534	2	2	5	3	2	6	6	6	9	6	1	46725042
T3535	2	2	5	5	1	6		6	9	6	0	55623218
T3536	2	2	1	1	2	6			9	6	0	51482039
T3537	1	2	5	3	5	6		6	9	6	0	84666021
T3538	1	2	2	2	3	6			9	6	0	75813001
T3539	1	2	1	1	1	6			9	6	0	90324758
T3540	1	2	1	1	2	6			9	6	0	39590990
T3542	1	2	5	4	5	6			9	6	0	53271489
T3544	1	2	5	3	3	6	1	6	9	6	1	46725042
T3546	2	2	5	3	5	6	1	1	9	6	1	90686874
T3548	2	2	6	3	4	6			9	6	0	54280536
T3552	2	2	2	2	9	6			9	6	0	40032855
T3555	3	2	1	1	2	6			9	6	0	98683568
T3557	3	2	5	4	5	6			9	6	0	53271489
T3558	3	2	7	2	1	1			1	1	0	36781335
T3560	3	2	6	3	3	6			9	6	0	63861697
T3562	3	2	1	1	2	6			9	6	0	91814271
T3563	3	2	1	1	2	6			9	6	0	74871443
T3564	3	2	1	1	1	6			9	6	0	39590990
T3565	3	2	5	4	4	6	1	6	9	6	1	33464798
T3566	3	2	3	3	5	6		6	9	6	0	36035083
T3573	3	2	1	1	2	6			6	6	0	42509490
T3575	3	2	5	3	2	6		6	9	6	0	37169323
T3576	3	2	2	2	5	6			9	1	0	40032855
T3577	1	2	2	2	2	1			6	6	0	92123881
T3578	1	2	1	1	1	6			9	6	0	94373356
T3579	1	2	5	4	5	6	1	6	9	1	1	66626059
T3580	1	2	2	2	5	6			9	6	0	54919332
T3583	1	2	5	4	5	6		6	9	6	0	40738704
T3585	3	2	1	1	2	6			9	1	0	98683568
T3586	3	2	1	1	2	6			9	6	0	74871443
T3587	3	2	2	2	2	6			9	6	0	76350009
T3588	3	2	2	2	5	6			9	6	0	36781335
T3589	3	2	2	2	3	6			9	6	0	36781335
T3590	3	2	5	3	3	6	6	6	9	6	1	42270144
T3591	3	2	2	2	1	6			9	6	0	36781335
T3597	3	2	5	4	5	6		6	9	6	0	50253986
T3598	3	2	3	3	3	6			9	6	0	46203441
T3599	3	2	1	1	2	6			9	6	0	39590990
T3601	2	2	1	1	1	6			9	6	0	90324758
T3606	2	2	5	4	9	6		6	9	6	0	40767231
T3607	2	2	1	1	2	6			9	6	0	43709950
T3610	3	2	3	2	4	6	1	6	9	6	1	55704077
T3612	3	2	5	3	5	6			9	6	0	38160738
T3616	3	2	2	2	2	6			9	6	0	40032855
T3617	2	2	5	4	5	6		6	9	6	0	78559796
T3620	2	2	5	3	4	6	1	6	9	6	1	42270144
T3621	2	2	6	4	5	1			6	6	0	79470052
T3622	2	2	5	4	4	1		6	6	6	0	40738704
T3623	2	2	5	4	5	6	1	1	9	6	1	27834105
T3624	2	2	2	2	5	6			9	6	0	40032855
T3626	2	2	6	3	5	6			9	6	0	120946870
T3627	2	2	6	3	4	6			9	6	0	146772961
T3628	2	2	2	2	4	6			9	6	0	36781335
T3629	2	2	5	3	4	6	1	6	9	6	1	46725042
T3633	3	2	5	4	5	6		6	9	6	0	115293009
T3636	3	2	5	4	4	6		1	9	6	0	40738704
T3637	3	2	5	4	5	6		1	9	6	0	50324499
T3638	3	2	2	2	4	6			9	6	0	36781335
T3640	3	2	5	4	5	6	1	6	9	6	1	27578445
T3641	1	2	1	1	2	6			6	1	0	92470047
T3643	1	2	1	1	4	6			9	1	0	98683568
T3644	1	2	1	1	3	6			9	6	0	42509490
T3646	1	2	5	4	4	6		6	9	6	0	40767231
T3648	1	2	5	4	9	6			9	6	0	40767231
T3651	2	2	1	1	2	6			9	6	0	69187208
T3655	2	2	5	3	1	1		6	6	6	0	38160738
T3656	2	2	6	4	2	6			9	6	0	81465474
T3657	2	3	2	2	2	6			9	6	0	92123881
T3658	2	3	5	5	5	6			9	6	0	170716200
T3659	2	3	2	2	3	6			9	6	0	102723686
T3660	2	3	5	3	4	6	1	6	9	6	1	42270144
T3666	2	3	5	4	4	6		6	9	6	0	78559796
T3668	2	3	2	2	5	6			9	6	0	54919332
T3673	3	3	2	2	9	6			9	6	0	76350009
T3676	3	3	5	3	4	6			9	6	0	38160738
T3677	3	3	1	1	2	6			9	6	0	39590990
T3679	3	3	2	2	5	6			9	6	0	54919332
T3682	2	3	7	4	5	6			9	6	0	102707122
T3684	2	3	2	2	5	6			9	1	0	54919332
T3686	2	3	1	1	1	6			9	6	0	42509490
T3689	3	3	5	3	4	6			9	6	0	91331305
T3690	3	3	5	3	4	6		6	9	6	0	84666021
T3695	3	3	1	1	2	6			9	6	0	35459279
T3697	2	3	5	5	3	6		1	9	6	0	137180646
T3698	2	3	3	3	5	6	1	6	9	6	1	53698702
T3701	2	3	6	3	4	6			9	6	0	54280536
T3702	2	3	2	2	4	6			9	6	0	40032855
T3704	2	3	2	2	3	6			9	6	0	54919332
T3706	2	3	1	1	2	6			9	6	0	91814271
T3708	2	3	2	2	3	6			9	1	0	54919332
T3709	2	3	5	4	5	6		6	9	6	0	40795780
T3710	2	3	1	1	2	6			9	6	0	41429428
T3713	2	3	5	4	4	6		6	9	6	0	84408472
T3715	2	3	2	2	5	6			9	6	0	92123881
T3722	2	3	1	1	1	6			9	6	0	74871443
T3724	2	3	2	2	3	6			9	6	0	36781335
T3726	2	3	2	2	3	6			9	6	0	45352716
T3728	2	3	2	2	4	6			9	6	0	40032855
T3729	1	3	1	1	5	6			9	6	0	74871443
T3732	1	3	2	2	5	6			9	6	0	40032855
T3735	1	3	6	3	5	6			9	6	0	49858226
T3736	1	3	3	3	4	6			9	6	0	30118423
T3738	3	3	2	2	3	1			6	6	0	92123881
T3739	3	3	1	1	2	6			9	1	0	90324758
T3740	3	3	2	2	5	6			9	6	0	40032855
T3742	3	3	1	1	2	6			9	6	0	39590990
T3745	3	3	3	2	4	6	1	6	9	6	1	49776077
T3747	3	3	1	1	2	1			1	6	0	90324758
T3749	3	3	1	1	2	6			9	6	0	41429428
T3751	3	3	5	3	5	6		6	9	6	0	38160738
T3752	3	3	5	3	5	6			9	6	0	38134107
T3753	2	3	5	3	2	6			9	6	0	91983564
T3756	2	3	2	2	1	6			9	6	0	40032855
T3759	2	3	5	4	2	6		6	9	6	0	40767231
T3760	2	3	6	3	5	6			9	6	0	48590201
T3761	2	3	5	3	4	6	1	6	9	6	1	98852213
T3767	2	3	1	1	2	6			9	6	0	41429428
T3768	2	3	2	2	4	6			9	6	0	35852699
T3769	1	4	3	4	2	6	1	6	9	6	1	69351174
T3770	1	4	5	5	5	6	1	6	9	6	1	109128902
T3772	1	4	2	2	4	6			9	6	0	35852699
T3774	1	4	1	1	4	6			9	6	0	39590990
T3777	2	4	5	3	4	6	1	6	9	6	1	98852213
T3778	2	4	1	1	1	6			9	6	0	98683568
T3779	2	4	1	1	2	6			9	1	0	90324758
T3781	2	4	7	5	4	6	1	6	9	6	1	53563773
T3785	2	4	1	1	1	6			9	1	0	90324758
T3786	2	4	2	2	5	6			9	6	0	75813001
T3787	2	4	2	2	4	6			9	1	0	75813001
T3789	2	4	1	1	2	6			9	6	0	39590990
T3791	2	4	6	3	5	6			9	6	0	49858226
T3793	2	4	5	4	5	6		6	9	6	0	106875481
T3794	2	4	2	2	5	6			9	6	0	75813001
T3796	2	4	1	1	5	6			9	6	0	35459279
T3797	2	4	1	1	4	6			9	6	0	51482039
T3798	2	4	5	4	5	6	1	6	9	6	1	33861012
T3799	2	4	5	3	9	6		6	9	6	0	47063865
T3800	2	4	7	3	3	6			9	6	0	70257122
T3801	3	4	2	2	3	1			1	1	0	92123881
T3803	3	4	2	2	4	6			9	6	0	92123881
T3804	3	4	5	4	5	6		6	9	6	0	50324499
T3808	3	4	5	4	3	6		6	9	6	0	50289230
T3809	1	4	5	4	5	6	1	6	9	6	1	78994842
T3811	1	4	5	5	2	6	1	6	9	6	1	127541725
T3818	2	4	1	1	1	6			9	6	0	91814271
T3820	2	4	2	2	2	6			9	6	0	36781335
T3822	2	4	2	2	4	6			9	6	0	40032855
T3823	2	4	2	2	2	6			9	6	0	40032855
T3826	2	4	1	1	3	6			9	6	0	74871443
T3827	2	4	4	2	4	1			6	6	0	91470607
T3830	2	4	1	1	5	6			9	6	0	35459279
T3832	2	4	1	1	2	6			9	6	0	39590990
T3834	2	4	7	4	2	6		6	9	6	0	130402892
T3835	2	4	2	2	5	6			9	6	0	92123881
T3836	2	4	5	3	5	6			9	1	0	38134107
T3838	2	4	2	2	2	6			9	6	0	40032855
T3842	2	4	1	1	1	6			9	6	0	90324758
T3845	2	4	2	2	9	6			9	6	0	45352716
T3850	3	4	7	3	5	6			9	6	0	89735656
T3853	3	4	5	4	4	6		6	9	6	0	29812025
T3855	3	4	1	1	5	6			9	6	0	31086094
T3856	3	4	7	2	2	6			9	6	0	32253923
T3858	2	4	2	2	3	6			9	6	0	72412557
T3860	2	4	2	2	4	6			9	6	0	26218154
T3861	2	4	5	5	5	6	1	6	9	6	1	30171431
T3865	1	4	1	1	3	6			9	6	0	77568698
T3866	1	4	2	2	5	6			9	6	0	80744370
T3867	1	4	5	4	5	6	1	6	9	6	1	77755598
T3868	1	4	1	1	2	6			9	1	0	28951870
T3869	1	4	5	4	5	6		6	9	6	0	29812025
T3870	1	4	1	1	1	1			6	1	0	28951870
T3873	2	4	1	1	1	6			6	6	0	70998384
T3874	2	4	2	2	5	6			9	6	0	75122479
T3875	2	4	6	3	9	6			6	6	0	115368624
T3876	2	4	4	2	2	1			6	1	0	30884941
T3878	2	4	5	4	4	6	1	1	9	6	1	27301869
T3879	2	4	2	2	1	6			6	6	0	29274994
T3880	2	4	6	3	9	6			6	6	0	42923970
T3885	2	4	1	1	1	6			6	1	0	31086094
T3886	2	4	3	2	2	6			6	6	0	21229990
T3888	2	4	2	2	2	6			6	6	0	29274994
T3889	3	4	1	1	3	6			9	6	0	74180722
T3890	3	4	1	1	3	6			1	6	0	58851543
T3891	3	4	1	1	9	6			9	6	0	70998384
T3892	3	4	5	3	4	6			6	6	0	27886489
T3893	3	4	7	5	2	6	1	6	6	6	1	34659669
T3896	3	4	1	1	2	6			6	6	0	28951870
T3898	1	4	1	1	4	6			9	6	0	74180722
T3899	1	4	5	3	3	6	6	6	9	6	1	77701258
T3900	1	4	1	1	4	6			9	1	0	30296272
T3901	1	4	7	3	5	6	1	1	9	6	1	25546366
T3905	1	1	5	5	1	6	1	1	9	6	1	107677043
T3906	1	1	4	2	9	6			9	6	0	64019189
T3907	1	1	2	2	5	6			9	6	0	80744370
T3909	1	1	5	4	4	6		6	9	6	0	29812025
T3912	1	1	2	2	4	6			9	6	0	34102549
T3916	3	1	5	3	5	6		6	9	6	0	27905963
T3917	3	1	5	4	5	6		6	9	6	0	29812025
T3918	3	1	5	5	2	6	6	6	9	6	1	41104402
T3919	3	1	1	1	2	6			9	1	0	28951870
T3920	3	1	2	2	3	6			6	1	0	29274994
T3921	1	1	5	4	2	6	1	6	9	6	1	56616227
T3923	1	1	2	2	2	6			9	6	0	72412557
T3924	1	1	1	1	1	1			1	1	0	28951870
T3926	1	1	5	4	2	6	1	6	9	6	1	29952238
T3927	1	1	3	3	2	6		6	9	6	0	22024826
T3931	2	1	4	2	9	1			6	6	0	71899061
T3932	2	1	2	2	5	6			9	6	0	26218154
T3935	2	1	2	2	4	6			9	6	0	29274994
T3938	2	1	2	2	4	6			9	6	0	72412557
T3939	2	1	1	1	1	6			9	6	0	72684656
T3940	2	1	5	3	4	6	1	6	9	6	1	30911066
T3943	2	1	1	1	4	6			9	6	0	30296272
T3945	3	1	3	3	1	6		6	9	6	0	54102008
T3946	3	1	1	1	5	6			9	6	0	72169193
T3948	3	1	2	2	5	6			9	6	0	26218154
T3949	3	1	5	3	5	6		1	9	6	0	41670017
T3951	3	1	1	1	2	6			9	6	0	37647487
T3952	3	1	1	1	2	6			9	6	0	37647487
T3954	2	1	1	1	2	1			6	1	0	72684656
T3955	2	1	1	1	1	6			9	6	0	70998384
T3957	2	1	5	3	4	6			9	6	0	27905963
T3959	2	1	5	3	3	6	1	6	9	6	1	34168818
T3960	2	1	2	2	2	6			9	6	0	40161091
T3962	2	1	1	1	1	6			9	1	0	70998384
T3963	2	1	3	4	2	1		6	6	1	0	87840867
T3964	2	1	5	3	2	6	1	6	9	6	1	21362839
T3965	2	1	2	2	3	6			9	6	0	29274994
T3966	2	1	2	2	4	1			1	1	0	29274994
T3967	2	1	2	2	2	1			6	1	0	29274994
T3968	2	1	1	1	4	6			9	6	0	25930456
T3970	1	1	5	5	2	6	1	6	9	6	1	72940687
T3971	1	1	2	2	1	1			6	6	0	72412557
T3972	1	1	4	2	4	1			1	1	0	29274994
T3974	1	1	5	3	4	6	1	1	9	6	1	30911066
T3977	1	1	5	3	2	6			6	6	0	67024623
T3979	1	1	2	2	5	6			9	1	0	72412557
T3980	1	1	2	2	5	6			9	6	0	26218154
T3981	1	1	7	5	4	1			6	6	0	72226412
T3982	1	1	2	2	5	6			9	6	0	26897241
T3985	3	1	2	2	2	1			6	6	0	72412557
T3989	3	1	5	4	2	6		6	9	6	0	29832902
T3990	3	1	2	2	5	6			9	6	0	40161091
T3992	3	1	2	2	5	6			9	6	0	26897241
T3993	2	1	2	2	4	6			9	6	0	59591641
T3996	2	1	2	2	4	6			9	6	0	26218154
T4000	2	1	3	2	2	6	6	1	9	6	1	15151339
T4001	2	1	1	1	2	1			1	1	0	70998384
T4002	2	1	2	2	5	6			9	1	0	80744370
T4004	2	1	1	1	4	6			9	6	0	37647487
T4005	2	1	1	1	5	6			9	6	0	30296272
T4006	2	1	2	2	1	6			9	6	0	29274994
T4007	2	1	5	4	4	6	1	1	9	6	1	36510633
T4008	2	1	4	2	4	6			9	6	0	27652643
T4010	2	1	4	2	2	6			9	6	0	77278114
T4011	2	1	1	1	2	6			9	6	0	70998384
T4012	2	1	1	1	1	1			6	6	0	25930456
T4014	2	1	2	2	9	6			9	6	0	29274994
T4016	2	1	5	4	3	6	1	6	9	6	1	36510633
T4018	2	1	1	1	2	6			9	6	0	58851543
T4019	2	1	7	3	4	1			6	6	0	114564949
T4021	2	1	4	2	4	1			1	6	0	27977617
T4022	2	1	2	2	2	6			9	6	0	32253923
T4023	2	1	1	1	2	6			9	6	0	28951870
T4024	2	1	2	2	5	6			9	6	0	26897241
T4025	1	1	1	1	1	6			9	6	0	72169193
T4028	1	1	2	2	2	1			1	1	0	29274994
T4030	1	1	2	2	3	6			9	6	0	26218154
T4031	1	1	1	1	2	1			1	1	0	30296272
T4032	1	1	5	4	4	6	6	6	9	6	1	27106552
T4033	1	2	2	2	4	6			9	6	0	59591641
T4034	1	2	5	3	2	6		6	9	6	0	97309575
T4035	1	2	1	1	5	6			6	1	0	72169193
T4038	1	2	1	1	4	6			9	1	0	28951870
T4040	1	2	5	3	5	6	1	1	9	1	1	34168818
T4042	2	2	5	4	5	6	6	6	9	6	1	66375989
T4044	2	2	1	1	9	6			9	6	0	37647487
T4046	2	2	5	4	5	6		6	9	6	0	29812025
T4049	2	2	5	5	4	6	6	6	9	6	1	126999195
T4050	2	2	1	1	4	1			1	1	0	72684656
T4051	2	2	7	4	3	6			9	6	0	66596812
T4053	2	2	1	1	4	6			9	6	0	31086094
T4055	2	2	4	2	9	6			1	6	0	30037388
T4056	2	2	2	2	3	6			9	6	0	29274994
T4057	1	2	1	1	2	6			9	6	0	58851543
T4058	1	2	5	4	4	6		6	9	1	0	71839724
T4059	1	2	1	1	4	6			9	6	0	77568698
T4060	1	2	1	1	2	6			9	1	0	28951870
T4061	1	2	1	1	4	1			6	1	0	31086094
T4063	1	2	4	2	2	1			1	1	0	25063444
T4064	1	2	1	1	1	6			9	6	0	25930456
T4066	2	2	6	4	5	6			9	6	0	120157275
T4068	2	2	1	1	4	6			9	6	0	30296272
T4069	2	2	2	2	4	6			9	6	0	26897241
T4071	2	2	5	3	5	6	1	1	9	6	1	34168818
T4072	2	2	5	4	9	6			9	6	0	29812025
T4074	2	2	2	2	5	6			9	6	0	72412557
T4075	2	2	2	2	5	6			9	1	0	59591641
T4077	2	2	5	3	5	6	1	6	9	1	1	34168818
T4078	2	2	3	2	1	6		6	6	6	0	25384690
T4079	2	2	5	4	5	6		6	6	6	0	29812025
T4080	2	2	2	2	4	6			9	6	0	26218154
T4082	1	2	5	4	4	6	1	1	9	1	1	52370387
T4083	1	2	1	1	1	6			9	6	0	70998384
T4085	1	2	5	5	1	6	1	6	9	6	1	55831465
T4086	1	2	7	5	2	6	1	6	9	6	1	61628700
T4087	1	2	5	4	9	1			6	6	0	38956066
T4089	1	2	5	4	4	6	1	1	9	6	1	71332818
T4091	1	2	4	2	2	6			9	6	0	61239540
T4092	1	2	7	2	2	6			9	6	0	26897241
T4093	1	2	5	3	5	6			9	6	0	27905963
T4094	1	2	5	4	1	6	1	6	9	6	1	27106552
T4095	1	2	5	5	5	6		6	9	6	0	94191248
T4099	1	2	2	2	5	1			1	6	0	71899061
T4100	1	2	7	4	2	1			6	6	0	51407419
T4103	1	2	7	4	3	6		6	9	6	0	29791163
T4104	1	2	1	1	1	6			9	6	0	25930456
T4105	3	2	6	3	5	6			9	6	0	107456298
T4106	3	2	2	2	4	1			6	1	0	72412557
T4107	3	2	1	1	5	6			9	6	0	72169193
T4108	3	2	5	4	3	6	1	1	9	6	1	30169010
T4109	3	2	1	1	2	6			9	6	0	25930456
T4110	3	2	2	2	2	6			9	6	0	26897241
T4112	3	2	2	2	2	6			9	6	0	26897241
T4113	2	2	1	1	2	6			9	6	0	72684656
T4114	2	2	3	2	1	6			9	6	0	56576523
T4115	2	2	2	2	4	6			9	6	0	59591641
T4118	2	2	2	2	4	6			9	6	0	26218154
T4119	2	2	5	4	3	6	6	6	9	6	1	27106552
T4120	2	2	4	2	9	6			9	6	0	38068389
T4121	2	2	3	2	4	6		6	9	6	0	56576523
T4122	2	2	1	1	2	6			9	6	0	70998384
T4123	2	2	5	4	9	6			9	6	0	61750717
T4126	2	2	2	2	2	1			6	6	0	29274994
T4127	2	2	5	5	5	6	1	1	9	1	1	33326646
T4128	2	2	2	2	2	1			6	6	0	29274994
T4132	2	2	5	3	4	6			9	6	0	27886489
T4134	2	2	5	4	3	6	1	6	9	6	1	22438409
T4135	2	2	1	1	3	6			9	6	0	37647487
T4137	1	2	5	3	4	6			9	6	0	72302262
T4138	1	3	1	1	9	6			6	6	0	74180722
T4139	1	2	2	2	3	6			9	6	0	59591641
T4141	1	2	7	5	3	6	1	6	9	6	1	103716569
T4142	1	2	2	2	3	6			9	6	0	26218154
T4143	1	2	2	2	2	1			6	1	0	29274994
T4148	3	3	5	3	4	6	6	6	9	6	1	30911066
T4150	3	3	1	1	2	6			9	6	0	25930456
T4151	3	3	1	1	4	6			9	6	0	25930456
T4152	3	3	5	4	5	6	1	1	9	6	1	27106552
T4153	1	3	2	2	4	6			9	6	0	73085031
T4156	1	3	5	3	2	1			6	6	0	27886489
T4157	1	3	5	5	5	6		6	9	6	0	40647407
T4158	1	3	5	4	2	6	6	6	9	6	1	36536242
T4160	1	3	2	2	5	6			9	6	0	33165271
T4161	1	3	5	3	4	6		6	9	6	0	90222511
T4162	1	3	5	5	2	6	6	6	9	6	1	264079780
T4163	1	3	5	3	9	6			9	6	0	71789565
T4164	1	3	5	5	2	6	1	6	9	6	1	22703671
T4165	1	3	7	3	2	1			6	6	0	32049294
T4166	1	3	5	5	2	6	1	6	9	6	1	45980523
T4169	1	3	3	2	2	6			6	6	0	45100153
T4171	1	3	7	2	4	6			9	6	0	77217315
T4172	1	3	6	3	3	1			6	6	0	32179286
T4174	1	3	1	1	1	1			1	1	0	30296272
T4180	1	3	2	2	3	6			9	1	0	26897241
T4186	1	3	5	4	5	6		6	9	6	0	66596812
T4187	1	3	5	4	3	6			9	6	0	90993990
T4188	1	3	1	1	1	1			6	1	0	28951870
T4190	1	3	2	2	2	6			9	6	0	29274994
T4192	1	3	5	4	2	6	6	6	9	6	1	24545206
T4193	1	3	5	3	5	6			9	6	0	66550420
T4195	1	3	1	1	5	6			9	1	0	77568698
T4199	1	3	2	2	4	1			6	1	0	26897241
T4200	1	3	2	2	3	6			9	6	0	40161091
T4203	2	3	1	1	2	6			9	6	0	72169193
T4204	2	3	5	3	2	1			6	6	0	27905963
T4205	2	3	1	1	3	6			9	1	0	25930456
T4207	2	3	2	2	5	6			9	6	0	29274994
T4208	2	3	2	2	5	6			9	6	0	40161091
T4210	2	3	3	3	2	6	1	1	9	6	1	49162850
T4211	2	3	1	1	9	6			9	6	0	72684656
T4212	2	3	7	3	5	6			9	6	0	34556244
T4213	2	3	5	3	5	6		6	9	1	0	27905963
T4215	2	3	5	3	4	6			9	6	0	27905963
T4218	2	3	5	4	5	6		6	9	6	0	71839724
T4219	2	3	5	5	5	6	1	6	9	6	1	74107567
T4221	2	3	5	4	5	6	1	1	9	6	1	24545206
T4223	2	3	2	2	5	6			9	6	0	26897241
T4224	2	3	1	1	2	6			9	6	0	30296272
T4225	1	3	7	3	1	6			9	6	0	71520703
T4226	1	3	3	2	2	6		6	9	6	0	48534447
T4227	1	3	5	3	4	6		1	9	6	0	77160322
T4230	1	3	1	1	1	6			9	6	0	28951870
T4232	1	3	5	3	9	6		6	9	6	0	34392454
T4233	1	3	4	2	5	6			9	6	0	64019189
T4236	1	3	1	1	1	6			9	6	0	31963959
T4237	1	3	4	2	2	6			9	6	0	36376627
T4240	1	3	3	3	2	6			9	6	0	33763689
T4241	1	3	5	4	5	6	1	1	9	6	1	57008060
T4242	1	3	3	3	5	6			9	6	0	90561128
T4243	1	3	2	2	5	6			9	6	0	63759699
T4244	1	3	7	3	5	6			9	6	0	32179286
T4245	1	3	2	2	3	6			9	6	0	40161091
T4246	1	3	6	3	5	6			9	6	0	41838242
T4249	1	3	2	2	5	6			9	6	0	72412557
T4252	1	3	2	2	5	6			9	6	0	26897241
T4253	1	3	5	3	5	6	1	6	9	6	1	34168818
T4256	1	3	1	1	9	6			9	1	0	28951870
T4258	2	3	4	2	2	1			6	6	0	58633323
T4259	2	3	1	1	3	6			9	6	0	72169193
T4261	2	4	6	3	5	6			9	6	0	42923970
T4262	2	4	5	3	2	6		6	9	6	0	41640938
T4263	2	4	7	5	5	6			9	6	0	62344252
T4267	1	4	5	3	4	6		6	9	6	0	66550420
T4268	1	4	1	1	3	6			6	6	0	31086094
T4269	1	4	2	2	4	6			9	6	0	40161091
T4270	1	4	5	3	5	6		6	6	1	0	27886489
T4272	1	4	5	4	5	6		6	9	6	0	29832902
T4273	2	4	2	2	5	6			9	6	0	59591641
T4274	2	4	5	4	5	6	1	1	9	1	1	48808293
T4275	2	4	5	4	4	6	1	6	9	6	1	62092678
T4279	2	4	2	2	2	6			9	6	0	29274994
T4281	1	4	7	3	5	6		6	9	6	0	80920528
T4282	1	4	2	2	4	1			1	6	0	60013748
T4283	1	4	1	1	3	1			6	6	0	72684656
T4284	1	4	1	1	1	6			9	6	0	28951870
T4287	1	4	2	2	4	6			9	1	0	29274994
T4288	1	4	5	5	5	6	6	1	9	6	1	33326646
T4290	3	4	2	2	4	6			9	6	0	72412557
T4291	3	4	3	2	2	6		6	9	6	0	59351130
T4293	3	4	2	2	5	6			9	6	0	40161091
T4294	3	4	6	3	5	6			9	6	0	36460034
T4297	1	4	2	2	3	1			6	6	0	72412557
T4299	1	4	3	2	1	6		6	9	6	0	45100153
T4300	1	4	7	2	5	6			9	6	0	47244619
T4301	1	4	3	3	2	6		6	9	6	0	22024826
T4302	1	4	4	2	2	6			9	6	0	32559041
T4303	1	4	5	4	5	6	1	6	9	6	1	27106552
T4304	1	4	5	3	3	6	1	6	9	6	1	30911066
T4305	2	4	5	3	4	6	1	1	9	6	1	77701258
T4307	2	4	5	3	3	6	1	6	9	6	1	77701258
T4310	2	4	2	2	9	6			9	6	0	26897241
T4311	2	4	7	5	5	6		6	9	6	0	66702375
T4312	2	4	7	5	9	6	1	6	9	6	1	134647758
T4317	1	4	1	1	3	6			6	6	0	28951870
T4318	1	4	5	5	5	6		6	9	6	0	50039769
T4319	1	4	1	1	4	6			9	6	0	28951870
T4321	2	4	5	4	4	6			9	6	0	41062049
T4322	2	4	1	1	3	6			9	6	0	44497850
T4323	2	4	2	2	2	6			1	1	0	44647902
T4325	2	4	2	2	5	6			9	6	0	17689824
T4326	2	4	5	4	1	6	6	6	9	6	1	14787513
T4327	2	4	2	2	4	6			9	6	0	13580146
T4328	2	4	1	1	1	6			6	6	0	15668840
T4329	2	4	1	1	1	6			9	6	0	36286496
T4332	2	4	7	2	5	1			1	1	0	18662656
T4333	2	4	1	1	4	6			6	6	0	18306945
T4335	2	4	1	1	2	6			9	6	0	18784206
T4336	2	4	2	2	2	6			9	1	0	17689824
T4339	2	4	1	1	2	6			9	6	0	43775956
T4340	2	4	5	3	5	6			9	6	0	16850800
T4341	2	4	4	2	5	6			6	1	0	18150511
T4343	2	4	2	2	5	6			9	1	0	17689824
T4344	2	4	5	4	2	6	1	6	9	6	1	18099058
T4345	2	4	4	2	2	6			9	1	0	44647902
T4346	2	4	5	3	5	6	1	1	9	6	1	47908793
T4349	2	4	4	2	9	6			9	6	0	21981084
T4350	2	4	6	3	2	6			9	6	0	22031485
T4351	2	4	2	2	2	6			6	6	0	17689824
T4352	2	4	2	2	3	6			9	6	0	16253033
T4353	2	4	7	2	9	6			6	6	0	49785105
T4354	2	4	1	1	3	6			6	1	0	43775956
T4357	2	4	2	2	5	6			6	6	0	15842685
T4358	2	4	5	3	2	6			6	6	0	16862568
T4359	2	4	5	4	5	6			6	6	0	18001726
T4362	3	1	2	2	3	1			1	1	0	44647902
T4363	3	1	1	1	2	6			9	1	0	44815672
T4368	3	1	2	2	2	6			9	1	0	17689824
T4369	2	1	2	2	1	1			6	6	0	44331293
T4370	2	1	2	2	4	6			9	1	0	36742823
T4374	2	1	7	5	4	1	6	1	6	6	1	23849454
T4377	3	1	2	2	4	6			9	6	0	37003085
T4378	3	1	1	1	1	6			9	6	0	44497850
T4379	3	1	5	4	4	6		6	9	6	0	48010708
T4382	3	1	7	3	2	6			9	6	0	26664931
T4385	2	1	3	2	1	6		6	6	1	0	36594530
T4387	2	1	1	1	5	6			6	6	0	44497850
T4389	2	1	3	2	2	6	1	6	6	6	1	10609881
T4390	2	1	2	2	2	6			9	6	0	16253033
T4391	2	1	5	3	2	6	6	6	6	6	1	15436748
T4392	2	1	1	1	2	6			6	6	0	14800193
T4394	2	1	6	3	3	6			6	6	0	56065684
T4399	2	1	7	5	3	6	6	6	6	6	1	33815238
T4400	2	1	7	5	1	6	6	6	6	6	1	50212560
T4401	2	1	5	3	4	6	1	1	9	1	1	43951456
T4406	2	1	4	2	5	6			6	1	0	18150511
T4408	2	1	5	3	2	6		6	9	6	0	16862568
T4410	2	1	7	5	5	6		6	9	6	0	259686808
T4414	2	1	5	3	4	6	1	6	9	6	1	18678443
T4415	2	1	6	3	3	6			9	1	0	25937408
T4416	2	1	5	3	5	6			6	6	0	16862568
T4417	2	1	7	4	3	6			9	6	0	74603278
T4418	2	1	7	4	3	1		6	6	6	0	41354643
T4420	2	1	5	3	5	6		1	9	6	0	20416499
T4421	2	1	1	1	5	6			9	6	0	22749020
T4424	2	1	4	2	3	1			6	1	0	23602736
T4427	3	2	7	3	5	6			9	6	0	77023173
T4429	3	2	5	3	5	6	1	6	9	6	1	18678443
T4430	3	2	4	2	4	6			9	1	0	18150511
T4431	3	2	5	4	2	6	1	6	9	6	1	22077534
T4432	3	2	2	2	4	6			9	6	0	15842685
T4433	3	2	2	2	9	6			9	6	0	44647902
T4435	3	2	5	3	9	6	1	6	6	6	1	44573834
T4436	3	2	7	4	4	1			6	6	0	24604295
T4437	3	2	5	4	2	6	1	6	9	6	1	18099058
T4438	3	2	5	5	2	6	1	6	9	6	1	20152223
T4439	3	2	5	3	3	6			9	6	0	16424479
T4440	3	2	5	4	5	6		6	9	6	0	18014332
T4442	2	2	7	3	4	6			9	6	0	60242787
T4443	2	2	1	1	1	6			9	6	0	44815672
T4444	2	2	1	1	1	6			9	6	0	17494571
T4446	2	2	7	4	2	6		6	9	6	0	15022024
T4447	2	2	2	2	5	6			9	6	0	16253033
T4448	2	2	5	3	3	6	1	1	9	6	1	11875457
T4451	2	2	5	3	5	6			9	6	0	41033445
T4453	2	2	2	2	5	6			9	6	0	16253033
T4455	2	2	1	1	3	6			9	6	0	15668840
T4456	2	2	6	3	9	6			9	6	0	28219375
T4457	2	2	1	1	1	6			9	6	0	43775956
T4461	2	2	2	2	2	1			6	6	0	17689824
T4462	2	2	2	2	9	6			9	6	0	16253033
T4464	2	2	5	4	5	6		6	9	6	0	18026947
T4466	3	2	5	3	2	6	1	1	9	6	1	47908793
T4467	3	2	6	3	5	6			9	1	0	71133617
T4468	3	2	5	3	4	6			9	6	0	16862568
T4469	3	2	2	2	4	6			9	6	0	17689824
T4472	3	2	5	3	4	6			9	6	0	16862568
T4475	3	2	6	3	5	6			9	6	0	58616984
T4476	3	2	5	4	4	6		1	9	6	0	22221938
T4478	3	2	2	2	4	6			9	6	0	15842685
T4480	3	2	2	2	3	6			9	1	0	17689824
T4483	3	2	1	1	2	1			1	1	0	43775956
T4487	3	2	5	5	2	6	1	6	9	6	1	25171685
T4488	3	2	1	1	2	6			9	6	0	22749020
T4491	3	3	1	1	2	6			9	6	0	36286496
T4494	3	3	1	1	1	1			1	6	0	15668840
T4496	3	3	1	1	2	6			9	6	0	17494571
T4499	2	3	5	4	5	6		6	9	6	0	51797276
T4500	2	3	2	2	2	6			9	6	0	17689824
T4501	2	3	2	2	2	6			9	6	0	17689824
T4502	2	3	5	5	5	6		6	9	6	0	33371561
T4504	2	3	5	3	2	6			9	6	0	16862568
T4512	3	3	1	1	2	6			9	1	0	14800193
T4515	2	3	2	2	4	6			9	6	0	44647902
T4517	2	3	6	3	2	6			9	6	0	25937408
T4518	2	3	2	2	4	1			6	1	0	17689824
T4519	2	3	2	2	5	6			9	6	0	20040578
T4520	2	3	6	3	2	6			9	6	0	22031485
T4521	2	3	6	3	1	6			9	6	0	58616984
T4522	2	3	1	1	1	6			9	6	0	36286496
T4523	2	3	5	3	4	6		6	9	6	0	41033445
T4524	2	3	1	1	4	6			9	6	0	14789955
T4526	2	3	5	4	5	6		6	9	6	0	26912312
T4528	2	3	5	3	2	6		6	9	6	0	20796705
T4530	2	3	1	1	2	6			9	6	0	44497850
T4532	2	3	7	2	3	1			1	1	0	21981084
T4534	2	3	7	5	4	6	1	6	9	6	1	39490559
T4535	2	3	7	3	5	1			1	6	0	19952281
T4536	2	3	3	3	3	6		1	9	6	0	16358529
T4540	2	3	5	3	4	6	6	6	9	6	1	18678443
T4541	2	3	5	4	4	6			9	6	0	18001726
T4545	3	3	7	2	2	6			9	6	0	37003085
T4549	3	3	5	5	3	6	1	6	9	6	1	30023464
T4554	3	4	3	2	9	6	1	1	9	6	1	27718771
T4556	3	4	5	4	2	1		6	6	6	0	18026947
T4557	3	4	5	3	5	6	1	6	9	6	1	20646985
T4560	3	4	1	1	3	6			9	1	0	18784206
T4562	2	4	2	2	2	6			9	6	0	36742823
T4568	2	4	5	3	2	1			6	6	0	16862568
T4569	2	4	7	3	5	1			6	6	0	65191841
T4571	2	4	5	4	3	1	1	6	1	6	1	32395985
T4576	2	4	5	4	5	6			9	6	0	27718756
T4582	2	4	1	1	5	6			9	1	0	17494571
T4583	2	4	1	1	2	6			9	6	0	15668840
T4584	2	4	4	2	9	6			9	6	0	15144936
T4586	2	4	5	4	5	6	1	1	9	6	1	47942297
T4588	2	4	3	3	2	1			6	6	0	24490588
T4591	2	4	1	1	1	6			9	6	0	15668840
T4592	2	4	3	2	2	6			9	6	0	12837267
T4595	2	4	2	2	4	6			9	6	0	99411924
T4596	2	4	5	4	5	6	6	6	9	6	1	32603480
T4597	2	4	5	5	5	6		6	6	1	0	66426216
T4599	2	4	5	3	4	6			9	6	0	33541581
T4600	2	4	5	4	5	6		6	9	6	0	44201851
T4601	1	4	5	4	5	6			9	6	0	76027067
T4602	1	4	5	3	3	6	1	6	9	6	1	95665265
T4603	1	4	5	4	5	6	1	6	9	1	1	56703501
T4604	1	4	4	2	9	1			6	1	0	30146051
T4606	1	4	5	4	5	6	1	1	9	1	1	39726719
T4608	1	4	2	2	4	6			9	6	0	32351724
T4610	1	4	5	5	5	6	1	6	9	6	1	89804082
T4611	1	4	3	2	2	6		6	9	6	0	55527004
T4612	1	4	3	3	4	6			9	6	0	41366888
T4613	1	1	1	1	2	1			1	6	0	34823010
T4614	1	4	1	1	2	6			9	6	0	34823010
T4615	1	4	5	3	5	6	1	6	9	6	1	41097901
T4616	1	4	2	2	5	6			9	1	0	32351724
T4617	1	1	2	2	4	6			9	6	0	99411924
T4620	1	1	5	3	5	6		6	9	6	0	33565004
T4621	1	1	2	2	4	6			9	6	0	32351724
T4622	1	1	2	2	9	6			9	6	0	32351724
T4625	2	1	2	2	4	6			9	6	0	73368827
T4628	2	1	5	4	5	6	1	1	9	6	1	29434601
T4630	2	1	3	3	9	6		6	9	6	0	40610616
T4632	2	1	2	2	2	6			9	6	0	35211661
T4633	1	1	2	2	5	6			9	6	0	73888522
T4636	1	1	1	1	3	6			9	6	0	37390032
T4637	1	1	5	3	5	6	1	1	9	1	1	25009052
T4638	1	1	2	2	5	1			1	6	0	36128660
T4639	1	1	5	3	2	6		6	9	6	0	33541581
T4641	1	1	3	2	2	6		6	9	6	0	59755284
T4643	1	1	1	1	4	6			9	6	0	88854224
T4645	1	1	5	3	2	6			9	6	0	33541581
T4646	1	1	7	3	4	6			9	6	0	33565004
T4648	1	1	5	3	2	6	6	1	9	6	1	30726904
T4650	2	1	2	2	4	6			9	6	0	96714831
T4651	2	1	4	2	4	6			6	6	0	95144293
T4652	2	1	5	3	5	6			6	1	0	33541581
T4654	2	1	5	4	3	6	1	1	6	6	1	32838406
T4656	2	1	1	1	2	6			9	1	0	45282008
T4658	1	1	1	1	4	1			1	1	0	89488858
T4659	1	1	5	4	1	6	1	6	9	6	1	82566597
T4660	1	1	2	2	4	6			9	6	0	48305345
T4661	1	1	3	3	1	6			9	6	0	32561714
T4662	1	1	2	2	2	1			6	6	0	35211661
T4663	1	1	5	5	2	6	1	1	9	6	1	33792652
T4665	1	1	5	3	5	6			9	6	0	88386828
T4667	1	1	7	5	3	1	1	6	6	6	1	176418397
T4668	1	1	2	2	5	6			9	6	0	32351724
T4669	1	1	5	3	5	6	1	6	9	6	1	33324598
T4671	1	1	1	1	9	6			9	6	0	31188885
T4672	1	1	2	2	5	6			9	6	0	32351724
T4673	2	2	1	1	2	6			9	6	0	72457624
T4675	2	2	5	4	5	6		6	9	6	0	81993546
T4676	2	2	1	1	2	6			9	6	0	38445919
T4677	2	2	1	1	2	6			9	6	0	31188885
T4680	2	2	1	1	5	6			9	1	0	37390032
T4682	2	2	7	4	5	1	6	1	6	1	1	109002318
T4684	2	2	2	2	3	6			9	6	0	35211661
T4687	2	2	5	4	5	6			9	6	0	44232851
T4688	2	2	3	2	2	6			9	6	0	36967898
T4689	3	2	2	2	2	6			9	6	0	92490290
T4690	3	2	6	3	4	6			9	6	0	107921400
T4692	3	2	6	3	9	6			9	6	0	56170772
T4693	3	2	2	2	2	6			9	6	0	35211661
T4695	3	2	7	3	4	6			9	6	0	43853752
T4696	3	2	2	2	9	6			9	6	0	32351724
T4697	2	2	5	3	3	6	1	1	9	1	1	87763174
T4698	2	2	2	2	9	6			9	6	0	73368827
T4699	2	2	1	1	2	6			6	1	0	87412732
T4700	2	2	1	1	3	6			9	1	0	34823010
T4703	2	2	3	5	5	6		6	9	6	0	38500275
T4704	2	2	5	4	5	6	1	1	9	6	1	26988686
T4706	2	2	1	1	5	6			9	6	0	88854224
T4707	2	2	2	2	5	6			9	6	0	89153852
T4708	2	2	1	1	9	6			6	6	0	34823010
T4709	2	2	2	2	4	6			9	1	0	32351724
T4719	1	2	1	1	2	1			6	6	0	31188885
T4721	3	2	5	3	5	6	1	1	9	6	1	87763174
T4725	3	2	2	2	2	6			9	6	0	32351724
T4727	3	2	1	1	2	6			9	6	0	31188885
T4730	2	2	1	1	4	6			9	6	0	91330805
T4731	2	2	1	1	2	6			9	6	0	88854224
T4732	2	2	5	4	5	6		6	9	6	0	35857595
T4733	2	2	1	1	4	6			9	6	0	37390032
T4734	2	2	2	2	4	6			9	6	0	35211661
T4735	2	2	5	3	5	6			9	6	0	33541581
T4737	3	2	2	2	1	6			9	6	0	93151271
T4739	3	2	1	1	1	6			9	1	0	89488858
T4740	3	2	1	1	4	6			9	6	0	36440043
T4741	3	2	2	2	3	6			9	6	0	35211661
T4742	3	2	2	2	2	6			1	6	0	35211661
T4743	3	2	6	3	3	6			9	6	0	38704913
T4745	3	2	2	2	4	6			9	6	0	99411924
T4746	3	2	2	2	5	6			9	6	0	99411924
T4748	3	2	5	4	5	6		1	9	6	0	35857595
T4749	3	2	2	2	5	6			9	6	0	32351724
T4754	2	2	1	1	2	6			9	6	0	72457624
T4757	2	2	5	3	3	6		6	9	6	0	33565004
T4758	2	2	5	4	2	6	1	1	9	6	1	29522720
T4759	2	2	7	5	4	1		6	6	6	0	57822906
T4760	2	2	5	3	3	6			9	6	0	36537212
T4761	1	2	3	3	1	6	6	6	9	6	1	72287498
T4762	1	2	2	2	2	1			6	6	0	89153852
T4763	1	2	5	4	4	6		1	9	6	0	119890184
T4764	1	2	2	2	5	6			9	6	0	35211661
T4767	1	2	1	1	3	6			9	6	0	37390032
T4769	3	3	5	3	9	6	1	6	9	6	1	87763174
T4770	3	3	1	1	1	1			1	1	0	89488858
T4773	3	3	1	1	2	6			9	6	0	45282008
T4775	3	3	5	4	3	6	1	1	6	6	1	32603480
T4776	3	3	2	2	5	6			9	6	0	35211661
T4778	3	3	7	3	3	1			6	6	0	110481935
T4779	3	3	1	1	3	6			9	6	0	88854224
T4780	3	3	7	4	2	1	6	6	6	6	1	47049199
T4784	3	3	5	4	2	6	1	6	9	6	1	32603480
T4788	2	3	5	4	5	6		6	9	6	0	53494607
T4791	2	3	2	2	3	6			9	6	0	32351724
T4793	1	3	3	3	5	6		6	9	1	0	80283507
T4796	1	3	5	3	4	6			9	6	0	33541581
T4797	1	3	6	3	5	6			9	6	0	51628508
T4798	1	3	5	4	5	6	1	6	9	6	1	36286973
T4799	1	3	5	4	4	6	1	6	9	6	1	32603480
T4802	3	3	1	1	1	6			9	6	0	95502058
T4804	3	3	1	1	3	6			9	6	0	37390032
T4805	3	3	1	1	1	6			9	6	0	36440043
T4806	3	3	5	4	9	6		6	9	6	0	35857595
T4808	3	3	2	2	3	6			9	6	0	35211661
T4809	1	3	3	2	2	6			9	6	0	67793270
T4813	1	3	4	3	5	6			9	6	0	62368093
T4816	1	3	1	1	9	6			9	6	0	36440043
T4820	3	3	1	1	3	6			9	1	0	36440043
T4821	3	3	6	3	5	6			9	6	0	51628508
T4822	3	3	5	4	5	6	1	6	9	6	1	39754597
T4825	3	3	7	2	4	6			9	6	0	95069438
T4826	3	3	2	2	5	6			9	6	0	73368827
T4828	3	3	2	2	5	6			9	6	0	32351724
T4829	3	3	2	2	5	6			9	1	0	31534925
T4830	3	3	2	2	4	6			9	6	0	35211661
T4831	3	3	4	2	2	6			9	6	0	33260313
T4832	3	3	7	4	3	1		6	1	6	0	38010639
T4833	1	3	1	1	3	6			9	6	0	87412732
T4834	1	3	2	2	4	6			9	6	0	89153852
T4835	1	3	5	3	5	6		6	9	6	0	81936429
T4836	1	3	2	2	4	6			9	1	0	35211661
T4837	1	3	1	1	1	6			9	6	0	31188885
T4838	1	3	1	1	3	6			9	1	0	37390032
T4843	3	3	2	2	3	6			9	6	0	89153852
T4844	3	4	1	1	4	6			9	6	0	37390032
T4845	3	4	2	2	4	6			9	6	0	31534925
T4847	3	4	4	3	5	6			9	1	0	53076645
T4849	3	4	1	1	9	6			9	6	0	72457624
T4850	3	4	6	3	9	6			9	6	0	117880138
T4855	3	4	1	1	3	6			9	6	0	34823010
T4856	3	4	5	4	4	6	1	6	9	1	1	43945414
T4857	1	4	1	1	1	6			9	6	0	72457624
T4863	1	4	5	5	4	6	1	6	9	6	1	55965210
T4864	1	4	5	3	5	6	1	6	9	6	1	30726904
T4869	1	4	1	1	5	6			6	6	0	28177493
T4871	1	4	2	2	2	1			6	1	0	28491974
T4873	3	4	5	3	4	6			6	6	0	63506285
T4876	3	4	1	1	3	6			9	6	0	30254632
T4877	3	4	5	3	5	6			9	6	0	27140608
T4878	3	4	6	4	5	6			9	6	0	48225097
T4879	3	4	2	2	2	6			9	6	0	26177819
T4882	1	4	3	2	2	6		6	9	6	0	52914262
T4884	1	4	1	1	4	6			6	6	0	31109017
T4885	1	4	1	1	2	6			6	6	0	29485936
T4888	1	4	6	3	5	6			6	1	0	39637345
T4889	2	4	5	4	9	6	1	6	9	6	1	68775269
T4891	2	4	3	2	5	6		6	6	6	0	52544379
T4892	2	4	5	3	5	6	6	6	9	6	1	22313959
T4894	2	4	2	2	2	6			9	6	0	25516896
T4895	2	4	1	1	5	6			9	1	0	36640528
T4897	2	4	7	2	2	6			6	6	0	73685257
T4898	2	4	5	3	5	6	1	6	6	6	1	63295716
T4900	2	4	5	4	4	6		6	6	6	0	29014641
T4901	2	4	5	4	2	6			6	6	0	29034959
T4902	2	4	1	1	1	6			6	6	0	28177493
T4903	2	4	2	2	9	6			9	6	0	26177819
T4904	2	4	5	5	2	6	1	6	6	6	1	22096414
T4906	3	1	1	1	2	6			9	6	0	74020567
T4908	3	1	5	4	5	6		6	9	6	0	28994337
T4909	3	4	1	1	1	6			9	6	0	25236893
T4912	3	4	2	2	2	6			9	6	0	28491974
T4914	2	1	5	3	3	6	1	1	9	6	1	68022407
T4918	2	1	7	3	3	6			9	6	0	42947659
T4923	2	1	5	3	3	6	6	6	6	6	1	54524474
T4924	2	1	5	4	4	6	1	1	6	6	1	19809943
T4925	2	1	5	4	4	6	1	6	6	6	1	21599915
T4926	2	1	1	1	2	6			9	6	0	25236893
T4928	2	1	4	2	2	1			6	6	0	29233976
T4934	1	1	4	2	2	1			6	6	0	24393070
T4936	1	1	5	3	9	6			9	6	0	27140608
T4949	1	1	1	1	4	6			9	6	0	29485936
T4950	1	1	1	1	2	6			9	6	0	25236893
T4952	1	1	5	5	9	6		6	9	6	0	80585153
T4959	2	1	5	5	5	6		6	9	1	0	53822892
T4961	1	1	1	1	2	6			9	6	0	68868045
T4962	1	1	4	2	9	6			9	6	0	68610269
T4967	1	1	5	5	2	6	1	6	9	6	1	34028432
T4968	1	1	5	5	9	6		6	9	6	0	39615542
T4970	1	1	5	3	5	6	6	1	9	6	1	74147064
T4977	2	1	3	2	2	6			9	6	0	43037191
T4983	2	1	2	2	5	6			6	6	0	26177819
T4984	2	1	2	2	4	6			9	6	0	26177819
T4985	2	1	1	1	2	6			9	6	0	74020567
T4987	2	1	5	5	5	6	1	1	9	1	1	70717754
T4988	2	1	5	3	5	6			9	6	0	26472404
T4989	2	1	5	3	4	6			9	6	0	27140608
T4993	2	1	5	3	4	6		6	9	6	0	63506285
T4994	2	1	1	1	2	6			9	6	0	68868045
T4995	2	1	1	1	2	6			9	6	0	68868045
T4998	2	1	5	5	5	6		1	1	6	0	39615542
T4999	2	1	5	3	5	6		1	9	6	0	27140608
T5000	2	1	1	1	4	6			6	6	0	30254632
T5002	2	2	2	2	3	6			9	6	0	69100277
T5004	2	2	5	4	5	1			6	6	0	29034959
T5006	2	2	2	2	4	6			9	6	0	39086900
T5007	2	2	2	2	9	1			1	1	0	28491974
T5009	2	2	2	2	5	6			9	6	0	77050978
T5011	2	2	2	2	9	6			9	6	0	57268612
T5014	2	2	1	1	9	6			9	6	0	28177493
T5015	2	2	3	2	2	6		6	9	1	0	20676243
T5016	2	2	5	4	5	6		6	9	1	0	29014641
T5017	3	2	3	2	4	6			9	6	0	56636303
T5018	3	2	2	2	5	6			9	6	0	56865813
T5020	3	2	1	1	2	1			6	6	0	28177493
T5023	3	2	2	2	5	6			9	6	0	28491974
T5024	3	2	2	2	3	6			9	1	0	28491974
T5025	2	2	5	4	5	6			9	6	0	84165174
T5026	2	2	1	1	4	6			9	6	0	68868045
T5027	2	2	1	1	4	6			9	6	0	68868045
T5028	2	2	2	2	5	6			9	6	0	26177819
T5030	2	2	2	2	5	6			9	6	0	33190406
T5031	2	2	1	1	4	6			9	6	0	28177493
T5033	2	2	1	1	2	6			9	6	0	74020567
T5034	2	2	2	2	4	6			9	1	0	69100277
T5037	2	2	2	2	5	6			9	6	0	25516896
T5038	2	2	2	2	2	6			9	6	0	39086900
T5041	2	2	1	1	9	6			9	6	0	68868045
T5042	2	2	2	2	5	6			9	6	0	69100277
T5043	2	2	5	4	5	6		6	9	1	0	63550554
T5044	2	2	2	2	4	6			9	6	0	26177819
T5046	2	2	5	4	5	6		6	9	6	0	29034959
T5048	2	2	5	3	3	6		6	9	6	0	27140608
T5049	3	2	5	5	4	6			9	6	0	125189462
T5053	3	2	5	5	1	6	6	6	9	6	1	29716187
T5054	3	2	5	4	5	6	6	6	9	6	1	21838248
T5056	3	2	1	1	1	6			9	6	0	36640528
T5057	3	2	2	2	9	6			9	6	0	69100277
T5059	3	2	5	4	2	6	6	6	9	6	1	55162193
T5060	3	2	6	3	3	1			6	6	0	46621802
T5062	3	2	1	1	3	6			9	6	0	30254632
T5063	3	2	5	4	4	6			9	6	0	44614025
T5065	1	2	4	2	5	6			9	6	0	68610269
T5066	1	2	6	3	5	6			9	1	0	110091457
T5067	1	2	1	1	1	6			9	6	0	67750791
T5068	1	2	2	2	5	6			9	1	0	26177819
T5070	1	2	5	4	5	6		6	9	6	0	35137600
T5071	1	2	1	1	3	6			9	6	0	36640528
T5073	2	2	3	2	3	6			9	6	0	52914262
T5075	2	2	5	4	5	6	1	6	9	6	1	50323282
T5076	2	2	5	4	5	1		1	6	6	0	43346101
T5079	2	2	2	2	4	6			9	6	0	28491974
T5080	2	2	5	4	5	6			9	6	0	29034959
T5083	3	2	6	3	5	6			9	6	0	90719823
T5084	3	2	6	3	9	6			9	6	0	41775880
T5086	3	2	2	2	4	6			9	6	0	39086900
T5087	3	2	5	4	3	6		6	9	6	0	35137600
T5088	3	2	7	3	5	6			9	6	0	33631966
T5089	2	2	3	3	3	1		6	6	6	0	47927775
T5092	2	2	2	2	5	6			9	1	0	25516896
T5093	2	2	3	3	4	6			9	6	0	32883671
T5094	2	2	1	1	4	6			9	1	0	25236893
T5095	2	2	5	4	5	6			9	6	0	35112967
T5096	2	2	5	3	4	6	6	6	9	6	1	25445916
T5103	2	3	5	4	5	6	1	1	9	6	1	29362077
T5104	2	3	1	1	1	6			9	6	0	29485936
T5105	2	3	6	3	5	6			9	6	0	90719823
T5107	2	3	5	3	2	6		6	9	6	0	63506285
T5112	2	3	6	3	5	6			9	6	0	41775880
T5114	2	3	5	4	3	6	1	6	9	6	1	63994708
T5115	2	3	1	1	2	6			9	6	0	67750791
T5119	2	3	5	5	5	6		6	9	6	0	39615542
T5120	2	3	1	1	4	6			9	6	0	25236893
T5123	2	3	5	4	1	6	1	6	9	6	1	49974872
T5129	1	3	5	4	2	6	1	1	9	1	1	43949056
T5130	1	3	2	2	5	6			9	6	0	77050978
T5131	1	3	1	1	3	6			9	6	0	70787563
T5132	1	3	1	1	3	6			9	6	0	25236893
T5133	1	3	7	3	9	1			6	6	0	29543861
T5134	1	3	5	5	2	1	1	6	6	6	1	40223995
T5135	1	3	1	1	2	6			9	6	0	28177493
T5136	1	3	1	1	4	1			1	1	0	29485936
T5137	1	3	2	2	4	6			9	6	0	56865813
T5138	1	3	6	3	5	6			9	6	0	110091457
T5139	1	3	2	2	4	6			9	6	0	57268612
T5140	1	3	2	2	1	6			9	6	0	26177819
T5141	1	3	2	2	5	6			6	6	0	28491974
T5143	1	3	5	3	2	6			9	6	0	27159561
T5145	2	3	2	2	4	6			9	6	0	57268612
T5147	2	3	2	2	4	6			9	6	0	71686242
T5149	2	3	2	2	3	6			9	6	0	19539616
T5150	2	3	3	3	2	6			9	6	0	21435727
T5151	2	3	1	1	2	6			9	6	0	30254632
T5152	2	3	7	3	5	6	1	6	9	6	1	33254903
T5154	2	3	5	4	4	6			9	6	0	86831762
T5155	2	3	7	2	5	6			9	6	0	80569189
T5157	2	3	6	3	4	6			9	6	0	41775880
T5158	2	3	7	4	9	6			9	6	0	51372964
T5159	2	3	5	4	5	6	1	1	9	1	1	29151103
T5160	2	3	1	1	9	6			9	6	0	28177493
T5161	2	3	6	3	5	6			9	6	0	102541054
T5164	2	3	5	3	2	1		6	6	6	0	27140608
T5165	2	3	5	4	2	6	1	6	9	6	1	29151103
T5166	2	3	5	5	5	6	6	6	9	6	1	134812984
T5167	2	3	7	2	2	6			9	6	0	31457145
T5168	2	3	5	4	5	6		6	9	6	0	35791588
T5169	2	3	6	3	9	6			9	6	0	91365096
T5172	2	3	7	3	4	1			6	1	0	56207147
T5174	2	3	3	3	2	6			9	1	0	25628862
T5176	2	3	4	2	5	6			9	6	0	31688183
T5178	3	3	1	1	9	6			9	6	0	67750791
T5179	3	3	5	3	5	6			9	6	0	63506285
T5180	3	3	2	2	3	6			9	6	0	28491974
T5181	3	3	4	2	2	6			9	6	0	31688183
T5184	3	3	2	2	2	6			9	6	0	26177819
T5185	3	3	1	1	9	6			9	6	0	56159569
T5186	3	3	2	2	5	6			9	1	0	69100277
T5188	3	4	2	2	9	6			9	6	0	28491974
T5189	3	4	5	3	5	6	6	1	9	6	1	30084286
T5190	3	4	2	2	5	6			9	6	0	25516896
T5192	3	4	1	1	1	6			9	6	0	28177493
T5193	2	4	2	2	5	6			9	6	0	56865813
T5194	2	4	5	3	5	6		6	9	6	0	68505781
T5195	2	4	5	3	5	6	1	6	9	6	1	68022407
T5196	2	4	2	2	9	6			9	6	0	28491974
T5197	2	4	5	4	4	6	1	1	9	1	1	26381531
T5198	2	4	2	2	5	6			9	6	0	39086900
T5199	2	4	6	3	5	1			6	6	0	45451313
T5200	2	4	2	2	2	6			9	6	0	32278198
T5201	1	4	5	4	5	6	1	1	9	1	1	68775269
T5203	1	4	7	4	5	1			6	6	0	109838865
T5205	1	4	3	2	2	6		6	9	6	0	29913057
T5206	1	4	3	3	4	1			6	6	0	32883671
T5207	1	4	5	5	9	6			9	6	0	39560209
T5212	3	4	1	1	3	6			9	6	0	28177493
T5215	3	4	2	2	4	6			9	6	0	26177819
T5216	3	4	6	3	3	6			9	6	0	35484836
T5218	3	4	5	4	5	6		6	9	6	0	63550554
T5221	3	4	2	2	5	6			9	6	0	29892105
T5222	3	4	2	2	9	6			9	6	0	26177819
T5225	2	4	2	2	5	6			9	6	0	69100277
T5226	2	4	5	4	5	6	1	1	9	6	1	43357072
T5227	2	4	5	3	5	6			9	6	0	63506285
T5228	2	4	5	3	3	6		6	9	6	0	40527165
T5230	2	4	2	2	5	6			9	6	0	26177819
T5232	2	4	1	1	2	6			9	6	0	31109017
T5234	3	4	3	2	1	6			6	6	0	17836365
T5240	3	4	1	1	1	6			9	6	0	10095062
T5241	3	4	1	1	4	6			9	6	0	23311159
T5245	3	4	1	1	5	6			6	6	0	10839232
T5247	3	4	1	1	1	6			9	6	0	9041542
T5249	3	4	7	2	9	6			9	6	0	21256795
T5252	3	4	6	3	3	6			6	6	0	12389715
T5253	3	4	1	1	9	6			6	6	0	13127087
T5259	3	1	4	2	2	6			9	6	0	19239223
T5260	3	1	1	1	2	6			9	6	0	11145330
T5263	3	1	2	2	3	6			9	6	0	10207730
T5264	3	1	2	2	9	6			9	6	0	9141858
T5266	2	1	1	1	2	6			9	6	0	17686228
T5267	2	1	7	2	2	6			6	6	0	18329464
T5268	2	1	5	3	3	6	1	6	9	6	1	10778203
T5276	3	1	1	1	2	6			6	6	0	10095062
T5279	3	1	5	4	2	6		1	9	6	0	12579812
T5281	3	1	4	2	2	6			9	6	0	21607304
T5282	3	1	1	1	4	6			9	6	0	22292995
T5283	3	1	1	1	4	6			9	1	0	21843393
T5284	3	1	2	2	3	6			6	6	0	9378645
T5285	3	1	4	2	2	1			1	6	0	8739229
T5286	3	1	7	3	5	6			9	6	0	12536032
T5287	3	1	2	2	5	6			9	6	0	9141858
T5288	3	1	5	4	4	6		6	9	6	0	10387710
T5289	2	1	2	2	3	6			9	6	0	17908644
T5290	2	1	2	2	5	6			9	6	0	17908644
T5294	2	1	2	2	2	6			9	6	0	10207730
T5297	3	1	7	5	5	6	6	6	9	6	1	75320242
T5300	3	1	5	3	4	6	1	6	9	6	1	10778203
T5301	3	1	1	1	2	6			9	1	0	10839232
T5303	3	1	6	3	9	6			9	6	0	14966913
T5305	2	1	7	2	4	6			9	6	0	21761621
T5306	2	1	2	2	2	6			9	6	0	21761621
T5308	2	1	7	4	4	6			9	6	0	19286827
T5309	2	1	2	2	3	6			9	6	0	11564209
T5311	2	1	2	2	3	6			9	6	0	10207730
T5312	2	1	6	3	9	6			9	6	0	14588337
T5313	3	1	5	4	5	6	1	1	9	1	1	14668002
T5319	3	1	1	1	3	6			9	6	0	10563834
T5324	2	2	2	2	9	6			9	6	0	10207730
T5325	2	2	2	2	2	6			9	1	0	10207730
T5326	2	2	7	5	5	6	6	6	9	6	1	22680098
T5329	2	2	7	4	4	6			9	6	0	36109995
T5334	2	2	7	3	5	6			9	6	0	14966913
T5336	2	2	7	5	5	6	1	6	9	1	1	13771714
T5337	3	2	7	4	5	6			9	6	0	36109995
T5338	3	2	7	3	5	1			1	6	0	31774844
T5340	3	2	5	3	5	6	1	6	9	6	1	10778203
T5341	3	2	5	5	4	6		6	9	6	0	14192936
T5342	3	2	2	2	2	6			9	6	0	14003541
T5346	3	2	1	1	1	6			9	6	0	21688484
T5348	3	2	1	1	2	6			9	6	0	10095062
T5349	3	2	1	1	4	6			9	6	0	10839232
T5352	3	2	2	2	9	6			9	6	0	10207730
T5353	3	2	1	1	2	6			9	6	0	23311159
T5361	3	2	5	4	5	6		6	9	6	0	18557495
T5364	3	2	2	2	5	6			9	6	0	9378645
T5365	3	2	2	2	5	6			9	6	0	10207730
T5371	3	2	5	4	4	6	1	6	9	6	1	14715597
T5372	3	2	1	1	1	6			9	6	0	10563834
T5373	3	2	2	2	5	6			9	6	0	10709351
T5374	3	2	2	2	9	6			9	6	0	9378645
T5375	3	2	5	3	9	6		1	9	6	0	9723580
T5379	3	2	2	2	3	6			9	6	0	21761621
T5380	3	2	5	3	3	6	1	6	9	6	1	11914130
T5383	3	2	2	2	2	6			9	6	0	10207730
T5387	2	2	1	1	2	6			9	6	0	21843393
T5388	2	2	5	3	5	6			9	6	0	9723580
T5389	2	2	2	2	4	6			9	1	0	10207730
T5390	2	2	3	3	4	6		6	9	6	0	9175586
T5391	2	2	7	3	5	6			9	6	0	11513258
T5401	3	3	4	2	5	6			9	6	0	22120624
T5406	3	3	1	1	9	6			9	1	0	10839232
T5408	3	3	5	4	4	6	1	6	9	6	1	8558527
T5409	2	3	2	2	3	6			9	6	0	21761621
T5410	2	3	1	1	2	6			9	6	0	21843393
T5413	2	3	1	1	1	6			9	6	0	10095062
T5417	2	3	5	5	9	6		6	9	1	0	32404988
T5418	2	3	2	2	4	6			9	6	0	21761621
T5419	2	3	7	2	1	6			9	1	0	23775922
T5422	2	3	1	1	2	6			9	6	0	13127087
T5428	3	3	1	1	9	6			9	6	0	9041542
T5429	3	3	2	2	9	6			9	6	0	11352826
T5432	3	3	3	2	4	6			9	6	0	8857387
T5433	3	3	1	1	2	6			9	6	0	21843393
T5435	3	3	3	3	1	6		6	9	6	0	16258884
T5441	2	3	5	4	2	6	1	6	9	6	1	15738493
T5446	2	3	2	2	4	6			9	6	0	14003541
T5449	3	3	1	1	3	6			9	6	0	21843393
T5450	3	3	3	2	9	6			9	6	0	13553622
T5451	3	3	5	4	5	6	1	1	9	6	1	17252591
T5454	3	3	1	1	9	6			9	6	0	10839232
T5455	3	3	1	1	1	6			9	6	0	10095062
T5458	2	3	1	1	1	6			9	6	0	21336630
T5459	2	3	1	1	2	6			9	6	0	23311159
T5460	2	3	5	3	2	6	1	1	9	6	1	10778203
T5462	2	3	1	1	2	6			9	6	0	11145330
T5466	3	3	5	3	5	6		6	9	6	0	19999916
T5469	3	3	2	2	3	6			9	6	0	11564209
T5470	3	3	1	1	1	6			9	6	0	10095062
T5474	3	4	4	3	5	1			6	1	0	26155929
T5475	3	4	1	1	3	6			9	6	0	21688484
T5478	3	4	2	2	5	6			9	6	0	9378645
T5479	3	4	1	1	4	6			6	6	0	9041542
T5480	3	4	2	2	3	6			9	6	0	10207730
T5482	2	4	1	1	1	6			9	6	0	21336630
T5483	2	4	4	2	5	6			9	6	0	21607304
T5484	2	4	1	1	2	6			9	6	0	11145330
T5485	2	4	6	3	3	6			9	6	0	14588337
T5487	2	4	5	4	1	6		6	9	6	0	10394984
T5488	2	4	1	1	2	1			1	1	0	10563834
T5490	2	4	5	3	5	6		6	9	6	0	27215680
T5492	2	4	4	2	4	6			9	6	0	11352826
T5494	2	4	2	2	2	6			9	6	0	10207730
T5496	2	4	5	4	5	6		6	9	6	0	12822940
T5497	2	4	2	2	5	1			6	6	0	132201956
T5501	2	4	1	1	5	6			9	6	0	56998567
T5506	2	4	5	5	4	6	6	6	9	6	1	168300135
T5507	2	4	3	3	3	6		6	9	6	0	98772805
T5510	2	4	5	3	4	6			9	6	0	61340993
T5512	2	4	7	5	5	6	6	6	9	6	1	174919242
T5513	2	4	7	5	5	1	1	6	1	6	1	344044482
T5514	2	4	5	3	2	6			9	6	0	131064574
T5518	2	4	5	3	9	6	1	1	6	6	1	75107575
T5520	2	4	7	2	4	1			6	6	0	49400523
T5522	1	1	5	3	4	1			6	1	0	121499588
T5524	1	1	5	5	1	6			9	6	0	136497246
T5525	1	1	2	2	3	6			9	6	0	59123689
T5527	1	1	1	1	2	6			9	1	0	66595207
T5528	1	1	1	1	3	6			9	1	0	82754149
T5532	1	1	2	2	5	6			9	6	0	57630966
T5533	1	1	3	3	4	6		6	9	6	0	57843587
T5534	1	1	6	3	5	6			6	6	0	102653672
T5535	1	1	2	2	5	6			9	6	0	59123689
T5540	1	1	1	1	2	6			1	6	0	63640034
T5541	1	1	1	1	2	6			9	1	0	63640034
T5548	2	1	1	1	2	6			9	6	0	63640034
T5552	2	1	1	1	2	6			9	6	0	70261003
T5555	2	1	5	5	2	6		6	6	6	0	181763367
T5556	2	1	2	2	2	1			6	6	0	64350304
T5561	3	1	5	4	3	1	6	6	6	6	1	141956625
T5564	3	1	1	1	2	6			9	6	0	66595207
T5565	3	1	1	1	3	6			9	6	0	68331340
T5567	3	1	2	2	3	6			9	6	0	57630966
T5570	2	1	3	2	5	6			9	6	0	100527378
T5571	2	2	1	1	4	6			9	6	0	141615406
T5573	2	1	7	3	4	1			6	6	0	87070168
T5577	1	1	2	2	5	6			9	6	0	147413159
T5578	1	1	1	1	2	6			9	6	0	135430056
T5580	1	1	5	4	5	6			9	6	0	65484911
T5583	1	1	3	2	3	6			9	6	0	46666322
T5589	3	2	2	2	1	6			9	6	0	59123689
T5590	3	2	6	3	3	6			9	6	0	87252558
T5591	3	2	5	4	2	6		1	9	6	0	65576658
T5592	3	2	2	2	2	6			9	6	0	88279381
T5594	2	2	6	3	5	6			6	6	0	173564257
T5595	2	2	2	2	3	1			6	6	0	108795103
T5596	2	2	1	1	2	6			6	6	0	63640034
T5597	2	2	1	1	2	6			6	6	0	63640034
T5598	2	2	5	4	4	6	6	6	6	6	1	59583780
T5599	2	2	2	2	2	6			6	6	0	64350304
T5603	1	2	5	4	5	6		6	9	6	0	121584283
T5606	1	2	2	2	5	6			9	6	0	57630966
T5607	1	2	5	4	5	6	1	6	9	1	1	53953605
T5608	1	2	5	4	5	6		6	9	6	0	65484911
T5609	2	2	5	3	5	6		6	9	6	0	140869845
T5612	2	2	7	4	5	6	1	6	6	6	1	101957860
T5616	2	2	1	1	1	6			6	6	0	63640034
T5621	1	2	6	3	4	1			6	6	0	94352555
T5624	1	2	5	3	5	6	1	6	9	6	1	63776549
T5625	3	2	5	3	5	6	1	1	9	1	1	141857418
T5627	3	2	5	3	5	6			9	6	0	131064574
T5628	3	2	7	2	2	1			6	6	0	67889179
T5633	2	2	5	3	3	6	1	1	9	6	1	130139787
T5634	2	2	1	1	4	6			1	6	0	131757652
T5635	2	2	2	2	4	6			9	6	0	147413159
T5638	2	2	5	3	5	6	1	1	9	6	1	67946606
T5639	2	2	3	2	1	6	1	6	9	6	1	47210782
T5643	3	2	2	2	5	6			6	6	0	109565734
T5646	3	2	2	2	3	6			9	6	0	59123689
T5648	3	2	3	3	3	6		6	6	6	0	48380336
T5653	2	2	3	2	3	6			9	6	0	46698151
T5654	2	2	3	2	4	6	1	6	9	6	1	42849366
T5656	2	2	2	2	4	6			9	6	0	88279381
T5658	2	3	1	1	2	6			9	6	0	129620133
T5661	2	3	4	2	5	6			9	6	0	72901646
T5667	2	3	2	2	3	6			9	6	0	108795103
T5672	2	3	5	4	5	6		6	9	6	0	65530768
T5673	1	3	4	2	1	6			9	6	0	111803634
T5674	1	3	2	2	5	6			9	6	0	132201956
T5676	1	3	2	2	9	1			6	6	0	59123689
T5677	1	3	1	1	4	6			9	6	0	56998567
T5678	1	3	2	2	4	6			9	1	0	64350304
T5680	1	3	2	2	2	6			9	6	0	59123689
T5685	2	3	1	1	5	6			9	6	0	68331340
T5686	2	3	2	2	4	6			9	6	0	72901646
T5687	2	3	1	1	2	6			9	1	0	66595207
T5694	1	3	1	1	4	6			9	6	0	56998567
T5695	1	3	5	3	5	6	1	6	9	6	1	75107575
T5700	2	3	1	1	1	6			9	6	0	68331340
T5704	2	3	4	2	3	6			9	6	0	66026146
T5707	2	3	2	2	5	6			6	6	0	108795103
T5711	2	3	2	2	2	6			9	6	0	66026146
T5713	1	3	3	2	3	6			9	6	0	100527378
T5718	1	3	5	3	5	6		6	9	6	0	61298186
T5719	1	3	1	1	1	6			9	6	0	66595207
T5722	2	4	2	2	4	6			9	6	0	147413159
T5724	2	4	5	4	9	1			6	6	0	100832566
T5728	2	4	2	2	3	6			9	1	0	64350304
T5729	2	4	2	2	2	6			9	6	0	108795103
T5732	2	4	4	2	4	1			6	6	0	67889179
T5733	2	4	7	2	3	1			1	1	0	71047265
T5734	2	4	1	1	2	6			9	6	0	68331340
T5735	2	4	6	3	5	6			9	6	0	94352555
T5736	2	4	1	1	1	6			9	1	0	63640034
T5737	2	4	1	1	1	6			9	6	0	135430056
T5740	2	4	5	5	5	6		6	9	6	0	89410835
T5742	2	4	1	1	5	6			9	6	0	68331340
T5743	2	4	4	2	5	6			9	6	0	83679347
T5744	2	4	1	1	4	6			6	1	0	63640034
T5745	3	4	6	3	5	6			9	6	0	173564257
T5746	3	4	3	3	2	6	1	6	9	6	1	107191653
T5749	3	4	2	2	4	6			9	6	0	59123689
T5752	3	4	5	4	9	6		6	9	6	0	80836784
