IDLLAR	IDPERSONA	DEGURBA	TRIM	DIA_SETMANA	ACT_MES_GRAT	ACT_MENYS_GRAT	ACT_ESTRES	DIA	TIPUS_DIA	FE_DIARIS
C0001	01	1	4	2	514	312	031	2	1	33506719
C0002	01	1	4	2	821	936	321	3	1	42863069
C0002	02	1	4	2	514	371	031	3	1	41613613
C0006	01	1	4	1	731	311	425	2	1	74748980
C0009	01	1	4	2	031	111	361	3	1	50988793
C0009	02	1	4	2	361	324	311	3	1	91819350
C0010	01	1	4	2	011	011	910	3	1	104873516
C0010	02	1	4	2	011	111	111	3	1	104873516
C0010	03	1	4	2	910	910	910	3	1	271285726
C0014	01	1	4	2	031	011	011	3	1	41154300
C0017	01	1	4	2	936	936	936	3	1	59233504
C0017	02	1	4	2	821	936	936	2	1	111410341
C0017	03	1	4	2	343	000	111	2	1	58198918
C0017	04	1	4	2	920	212	920	3	1	79386033
C0019	02	1	1	2	111	000	000	2	1	62746873
C0019	03	1	1	2	392	344	000	2	1	65241367
C0040	01	1	1	1	000	000	910	2	1	114155321
C0040	02	1	1	1	021	910	910	1	1	112887401
C0040	04	1	1	1	031	211	000	2	1	152574029
C0043	01	1	1	1	611	000	000	2	1	74748980
C0049	02	1	1	1	611	000	000	2	1	199763199
C0053	01	1	1	1	512	980	980	1	2	86395824
C0062	01	1	1	1	821	515	000	2	1	85636487
C0063	02	1	1	2	000	000	000	2	1	85955328
C0070	01	1	1	2	519	000	000	1	2	42165470
C0073	01	1	2	1	512	000	000	2	1	74748980
C0081	01	1	2	1	383	331	321	3	1	60950164
C0082	01	1	2	2	514	321	321	3	1	59701795
C0082	02	1	2	2	831	212	920	2	1	144572966
C0089	02	1	2	2	514	212	000	2	1	45191327
C0094	01	1	2	1	031	221	353	2	1	70356171
C0095	01	1	2	1	425	000	000	3	1	74748980
C0098	02	1	2	1	611	353	000	2	1	91486485
C0100	01	1	2	1	900	312	321	2	1	74748980
C0102	01	1	2	2	381	381	000	2	1	22058681
C0103	01	1	2	2	383	000	000	1	1	33699659
C0103	02	1	2	2	381	000	000	1	1	34322730
C0106	01	1	2	2	344	339	321	3	1	41154300
C0107	01	1	2	1	425	361	000	3	1	74748980
C0109	01	1	2	1	960	000	000	3	1	74748980
C0112	01	1	2	2	938	339	321	2	1	38522390
C0112	03	1	2	2	732	212	000	2	1	51628546
C0112	04	1	2	2	960	212	000	2	1	48116826
C0119	01	1	2	2	950	111	311	2	1	47797504
C0121	01	1	3	1	611	312	000	3	1	85636487
C0124	01	1	3	2	361	936	936	2	1	47797504
C0126	01	1	3	1	821	312	311	1	1	63784377
C0126	02	1	3	1	383	511	000	2	1	78668775
C0127	01	1	3	2	425	000	000	4	1	44358376
C0134	01	1	3	1	611	332	000	2	1	74748980
C0138	01	1	3	1	000	000	000	2	1	74748980
C0148	01	1	3	1	821	000	000	3	1	127508422
C0151	01	1	3	2	111	910	111	3	1	27451599
C0155	01	1	3	2	811	950	950	1	1	46184011
C0155	02	1	3	2	950	000	000	2	1	51708391
C0156	01	1	3	1	011	021	031	3	1	70356171
C0158	01	1	3	1	615	111	111	3	1	85636487
C0160	01	1	3	1	021	311	111	3	1	131881285
C0160	02	1	3	1	615	111	311	3	1	199763199
C0161	01	1	3	1	383	910	031	2	1	176355628
C0161	02	1	3	1	938	321	339	2	1	116427885
C0164	01	1	3	2	611	031	519	2	1	41154300
C0165	01	1	3	2	950	331	000	1	2	75552002
C0174	01	1	4	1	831	000	000	2	1	85636487
C0176	01	1	4	1	812	339	321	2	1	74748980
C0178	01	1	4	2	021	910	910	2	1	47112789
C0178	02	1	4	2	021	000	000	2	1	48985752
C0178	03	1	4	2	311	212	212	2	1	48096499
C0181	01	1	4	2	011	322	361	2	1	40356628
C0181	02	1	4	2	512	311	312	2	1	42697335
C0183	01	1	4	1	611	322	000	2	1	76237858
C0183	02	1	4	1	611	000	000	1	1	91486485
C0186	01	1	4	1	512	031	000	3	1	74748980
C0188	01	1	4	2	361	352	311	2	1	52978772
C0188	02	1	4	2	936	031	352	2	1	85955328
C0189	01	1	4	1	383	000	938	2	1	73940652
C0197	01	1	4	1	950	321	312	2	1	111266973
C0197	02	1	4	1	519	212	211	2	1	109254037
C0197	03	1	4	1	516	211	000	2	1	103776302
C0199	01	1	4	2	711	111	515	1	1	50988793
C0199	02	1	4	2	711	311	111	1	1	52978772
C0205	01	1	4	1	821	939	312	3	2	72720392
C0209	02	1	4	1	519	111	111	2	1	51620383
C0209	04	1	4	1	615	111	031	2	1	65533955
C0210	01	1	4	2	950	312	425	2	1	35581185
C0213	01	1	4	1	511	312	722	2	1	72720392
C0214	01	1	4	2	615	910	111	2	1	38894520
C0214	02	1	4	2	344	031	910	2	1	38894520
C0224	01	1	1	2	811	000	000	2	1	37058553
C0226	01	1	1	1	011	384	000	2	1	55891963
C0229	01	1	1	2	821	936	000	2	1	35978298
C0229	02	1	1	2	000	000	000	2	1	37058553
C0234	01	1	1	1	011	324	910	2	1	127258469
C0234	02	1	1	1	031	910	324	2	1	156954858
C0234	03	1	1	1	511	011	211	2	1	281392081
C0234	04	1	1	1	021	000	215	2	1	349366744
C0235	01	1	1	1	011	111	111	4	2	106283024
C0235	02	1	1	1	000	000	000	4	2	86173917
C0241	01	1	1	2	739	021	311	3	1	35254582
C0242	01	1	1	2	511	000	512	2	2	33329011
C0242	02	1	1	2	910	361	812	2	1	62687437
C0242	03	1	1	2	512	031	321	1	2	41629978
C0242	04	1	1	2	734	920	211	2	1	41629978
C0249	01	1	1	1	383	000	000	2	2	92188271
C0249	02	1	1	1	938	938	381	2	1	97769774
C0250	01	1	1	2	221	321	000	2	1	44083891
C0251	02	1	1	2	821	000	000	2	1	34891534
C0253	02	1	1	2	739	000	000	3	1	31243929
C0258	01	1	1	2	936	321	321	3	1	46741254
C0258	03	1	1	2	722	511	511	3	1	45924860
C0261	01	1	1	1	821	000	324	2	1	71300208
C0262	01	1	1	2	519	821	000	1	2	45804388
C0265	01	1	2	2	821	950	000	2	1	45804388
C0265	02	1	2	2	612	312	000	2	1	44083891
C0270	01	1	2	1	021	938	000	2	1	56941911
C0270	02	1	2	1	384	031	000	2	1	60389437
C0271	01	1	2	2	021	111	000	2	1	48853619
C0271	03	1	2	2	950	211	000	1	1	62105922
C0271	04	1	2	2	021	211	000	1	1	66638612
C0274	01	1	2	2	512	000	000	2	1	28969239
C0276	01	1	2	2	821	000	000	3	1	34891534
C0277	01	1	2	2	611	000	000	2	1	35581185
C0280	01	1	2	2	031	000	920	3	1	36455423
C0281	02	1	2	1	939	311	011	3	1	87265477
C0284	01	1	2	2	021	000	000	2	2	35978298
C0285	01	1	2	2	021	000	000	1	2	35581185
C0286	01	1	2	2	821	936	321	1	2	64956342
C0295	02	1	2	2	531	938	000	2	1	65287031
C0295	03	1	2	2	221	000	000	2	1	49453454
C0297	01	1	2	2	221	312	000	3	1	33201874
C0297	02	1	2	2	311	011	212	2	2	34555950
C0302	01	1	2	2	821	312	000	2	1	35581185
C0305	02	1	2	2	021	821	000	3	1	32393042
C0306	01	1	2	1	516	000	000	2	1	81685387
C0308	01	1	2	2	519	000	000	2	2	35581185
C0312	01	1	2	1	000	000	000	3	1	125796540
C0314	01	1	2	2	519	361	111	3	1	28969239
C0316	01	1	2	2	821	821	000	2	1	35978298
C0316	02	1	2	2	821	031	000	3	1	37058553
C0317	01	1	2	1	000	000	111	3	1	81685387
C0325	01	1	3	1	111	111	000	2	1	51620383
C0326	01	1	3	2	529	031	000	1	2	28969239
C0328	01	1	3	2	900	111	000	2	2	32415664
C0334	01	1	3	2	383	111	000	3	2	28446373
C0334	02	1	3	2	021	111	111	2	2	27358730
C0334	03	1	3	2	821	000	000	2	1	34172731
C0336	01	1	3	2	021	111	000	2	1	30049322
C0337	01	1	3	1	910	111	000	2	2	115570636
C0338	02	1	3	1	821	000	000	2	1	71033427
C0342	01	1	3	1	031	936	031	3	2	71300208
C0346	01	1	3	2	812	361	339	4	1	35978298
C0346	02	1	3	2	811	821	000	4	1	37058553
C0350	02	1	3	2	516	000	111	2	2	36455423
C0351	01	1	3	2	612	311	000	3	2	33305688
C0351	02	1	3	2	021	312	111	2	2	34629751
C0351	04	1	3	2	021	312	000	2	2	44637009
C0355	01	1	3	2	616	331	381	1	2	45379140
C0355	03	1	3	2	021	031	960	1	2	60818112
C0355	04	1	3	2	616	312	000	1	2	47183181
C0355	05	1	3	2	512	000	000	1	2	60818112
C0361	01	1	3	1	950	936	000	2	1	87593388
C0362	01	1	3	2	611	129	129	1	1	44844314
C0362	02	1	3	2	432	329	000	1	1	47445309
C0362	03	1	3	2	722	936	000	1	1	48869863
C0364	02	1	3	2	611	936	936	2	1	35978298
C0366	01	1	3	2	021	000	000	2	2	31243929
C0366	02	1	3	2	021	111	111	1	2	30049322
C0367	01	1	3	2	611	611	000	2	1	38351365
C0370	01	1	3	2	021	910	111	1	1	45804388
C0370	03	1	3	2	950	311	000	2	2	74315258
C0371	01	1	3	2	021	021	021	2	2	41324767
C0372	02	1	4	1	111	381	000	3	1	60318227
C0373	01	1	4	1	612	111	000	2	1	102102917
C0374	01	1	4	2	812	321	000	3	1	35581185
C0377	01	1	4	2	021	331	000	2	2	24777393
C0378	01	1	4	1	711	431	000	2	1	67449366
C0379	01	1	4	2	960	960	000	2	1	30049322
C0379	02	1	4	2	611	960	000	2	1	31243929
C0381	01	1	4	1	211	361	000	2	2	89666604
C0383	01	1	4	2	011	111	000	2	1	53284996
C0383	02	1	4	2	031	000	111	3	1	51247653
C0383	03	1	4	2	519	111	111	2	1	50352549
C0383	04	1	4	2	311	111	111	3	2	64011459
C0385	01	1	4	2	950	000	000	2	2	35581185
C0388	01	1	4	2	519	980	111	2	1	41324767
C0389	05	1	4	1	344	361	000	4	2	55658350
C0393	02	1	4	1	519	321	000	2	2	72720392
C0397	01	1	4	1	611	031	000	2	1	86609703
C0397	02	1	4	1	011	000	000	2	1	110362788
C0402	01	1	4	2	529	936	936	1	1	29317195
C0405	01	1	4	2	611	011	031	3	1	29210499
C0405	02	1	4	2	021	021	031	2	1	30087550
C0417	01	1	1	2	343	821	821	1	1	31137174
C0425	01	1	1	2	512	000	000	2	1	25100029
C0426	03	1	1	2	920	212	000	3	1	108449861
C0427	03	1	1	2	821	000	000	3	1	46597527
C0428	02	1	1	2	615	000	000	2	1	25366702
C0435	01	1	1	2	519	361	312	2	1	35334618
C0435	02	1	1	2	611	000	000	2	1	36739341
C0437	03	1	1	2	611	000	000	3	1	38520477
C0442	01	1	1	2	519	332	000	2	1	29210499
C0442	02	1	1	2	511	321	000	2	1	30087550
C0445	02	1	1	1	311	000	000	3	1	66736641
C0446	03	1	1	1	011	000	000	3	1	95012041
C0447	01	1	1	2	381	339	321	2	1	54102053
C0447	02	1	1	2	383	111	000	3	1	64216522
C0447	03	1	1	2	000	212	212	3	1	33545648
C0450	01	1	1	2	519	000	000	2	1	23519900
C0453	01	1	1	1	960	312	000	2	1	59635493
C0453	02	1	1	1	960	000	000	2	1	71563417
C0457	01	1	1	1	939	000	000	2	1	58470849
C0459	02	1	1	2	950	312	031	2	1	55194453
C0459	03	1	1	2	950	212	000	2	1	41808554
C0461	01	1	1	1	938	321	321	2	1	77975984
C0461	03	1	1	1	614	211	211	3	1	100105216
C0461	04	1	1	1	960	211	920	3	1	105389175
C0463	02	1	1	2	611	321	000	3	1	42739533
C0463	04	1	1	2	344	212	000	2	1	57280454
C0466	01	1	1	1	711	312	339	3	1	59635493
C0467	02	1	1	2	411	000	000	2	1	25008227
C0471	02	1	1	2	611	000	000	3	1	47996626
C0472	02	1	1	2	021	321	322	2	2	51297103
C0473	01	1	2	1	512	321	000	2	2	67430514
C0473	03	1	2	1	512	221	221	3	2	90124097
C0473	04	1	2	1	021	321	000	3	2	90124097
C0476	01	1	2	2	424	811	324	2	1	23519900
C0477	01	1	2	2	312	331	311	2	1	51297103
C0479	01	1	2	1	512	324	321	3	1	59635493
C0479	02	1	2	1	031	039	000	3	1	71563417
C0481	01	1	2	2	611	312	324	1	1	35791367
C0481	02	1	2	2	611	311	324	2	1	37188225
C0485	01	1	2	2	021	321	000	2	1	24396810
C0485	02	1	2	2	733	321	000	2	1	25366702
C0489	01	1	2	1	514	321	000	3	2	58470849
C0490	01	1	2	2	711	000	000	1	1	29597874
C0493	01	1	2	1	950	324	361	2	1	73263744
C0496	03	1	2	2	910	910	011	3	1	130000270
C0498	01	1	2	2	611	000	039	2	1	30087550
C0498	02	1	2	2	812	000	000	2	1	29210499
C0499	01	1	2	2	424	000	000	1	1	28888087
C0502	01	1	2	2	011	910	031	3	1	20777439
C0503	01	1	2	1	339	321	910	2	1	47892012
C0503	04	1	2	1	831	212	211	2	1	73583251
C0506	01	1	2	1	511	111	111	2	1	62465845
C0510	01	1	2	1	821	324	311	2	2	66987377
C0511	01	1	2	2	311	031	321	3	1	31137174
C0518	02	1	2	2	960	312	000	2	2	25605697
C0522	01	1	3	1	936	361	111	3	1	56530918
C0522	02	1	3	1	519	111	111	2	1	45835077
C0524	01	1	2	2	612	000	111	2	1	37188225
C0524	02	1	2	2	612	311	000	2	1	35791367
C0526	01	1	3	2	980	324	000	2	1	25294095
C0531	02	1	3	1	519	111	111	2	2	79174134
C0531	03	1	3	1	111	516	111	1	2	73825040
C0532	01	1	3	1	733	339	936	3	1	66736641
C0532	02	1	3	1	711	324	032	3	1	59212603
C0535	01	1	3	2	611	312	321	3	2	28888087
C0536	01	1	3	2	383	111	000	3	1	49607377
C0538	01	1	3	2	000	000	000	2	1	29187824
C0543	01	1	3	2	521	311	361	2	1	28888087
C0546	01	1	3	2	519	331	900	1	2	31578158
C0546	03	1	3	2	519	980	950	2	2	31578158
C0548	02	1	3	1	512	000	000	2	1	71563417
C0552	01	1	3	2	611	950	321	4	1	31137174
C0554	01	1	3	1	812	000	000	2	1	55934165
C0554	02	1	3	1	361	000	000	2	1	55312905
C0557	01	1	3	2	960	321	321	2	1	28888087
C0558	02	1	3	2	519	351	000	2	1	26945864
C0560	01	1	3	1	936	000	000	3	1	60862894
C0560	02	1	3	1	344	321	000	3	1	64680571
C0561	01	1	3	2	811	324	821	2	1	28888087
C0562	01	1	3	2	900	312	000	3	1	29210499
C0562	02	1	3	2	021	361	936	3	1	30087550
C0567	01	1	3	1	031	910	910	2	1	45555613
C0567	02	1	3	1	031	000	000	1	1	60887249
C0575	01	1	3	1	512	821	000	3	1	58470849
C0576	02	1	3	1	900	361	000	2	1	114015764
C0577	01	1	4	1	615	111	111	2	1	61114066
C0577	02	1	4	1	021	111	111	2	1	53141369
C0577	03	1	4	1	732	031	000	2	1	71025973
C0578	01	1	4	2	519	021	000	2	2	33551256
C0581	01	1	4	2	383	321	000	3	1	25294095
C0581	02	1	4	2	821	000	000	3	1	26299659
C0581	03	1	4	2	739	212	212	2	1	33899698
C0582	01	1	4	1	514	111	111	2	1	64923697
C0583	01	1	4	2	513	311	000	1	2	28888087
C0585	01	1	4	2	519	321	361	2	1	33551256
C0588	01	1	4	2	611	821	361	3	1	28888087
C0590	01	1	4	2	519	361	339	2	1	17277931
C0590	02	1	4	2	821	311	381	2	1	16617312
C0591	01	1	4	1	111	311	000	1	1	65747932
C0595	01	1	4	1	383	312	000	2	1	53885111
C0595	02	1	4	1	383	111	936	2	1	53286610
C0600	01	1	4	2	000	032	000	4	2	36950281
C0603	01	1	4	1	021	312	311	1	1	48064744
C0606	01	1	4	1	021	011	031	3	1	55391149
C0606	02	1	4	1	021	111	111	3	1	54775921
C0606	03	1	4	1	614	212	212	3	1	74032911
C0611	01	1	4	2	519	391	391	3	2	23793610
C0611	02	1	4	2	512	021	531	3	2	23793610
C0618	01	1	4	2	371	111	111	2	1	35463353
C0618	02	1	4	2	361	324	324	2	1	36873194
C0618	03	1	4	2	000	936	011	1	1	34843941
C0618	04	1	4	2	531	111	910	2	1	44295901
C0623	01	1	4	2	831	000	000	1	1	25644502
C0623	02	1	4	2	424	000	000	2	1	24896966
C0633	02	1	1	2	382	000	000	2	1	22431625
C0634	02	1	1	2	812	000	000	3	1	31126221
C0638	01	1	1	2	512	950	821	2	1	24622164
C0640	01	1	1	2	522	821	000	2	1	24622164
C0641	01	1	1	1	021	425	425	4	1	59048268
C0644	01	1	1	2	381	111	111	2	1	25954352
C0645	01	1	1	1	821	000	000	2	1	48064744
C0649	01	1	1	2	910	000	000	2	1	24987906
C0652	01	1	1	2	512	000	000	2	1	16423989
C0652	02	1	1	2	734	000	000	2	1	20514569
C0655	01	1	1	1	615	111	000	2	1	37448044
C0655	02	1	1	1	516	321	000	2	1	50051096
C0657	01	1	1	1	381	011	111	3	1	50585233
C0665	01	1	1	1	519	032	032	2	2	54432964
C0665	02	1	1	1	812	011	311	2	1	61464873
C0669	01	1	1	1	383	111	111	2	1	51750691
C0669	02	1	1	1	611	000	000	2	1	54488083
C0669	03	1	1	1	615	000	000	2	1	69167265
C0669	04	1	1	1	733	211	000	2	1	65699385
C0674	01	1	1	2	910	111	000	1	1	28596720
C0676	01	1	2	1	341	000	000	2	1	58827218
C0676	02	1	2	1	615	000	000	2	1	49022116
C0681	01	1	2	2	311	000	000	1	1	26963291
C0681	02	1	2	2	611	000	000	2	1	51831528
C0682	01	1	2	1	000	111	111	2	1	46305204
C0682	02	1	2	1	722	936	936	2	1	48754553
C0683	01	1	2	2	615	000	000	1	1	48207466
C0685	01	1	2	1	021	000	111	2	1	37361895
C0685	02	1	2	1	021	329	111	2	1	37781534
C0685	03	1	2	1	214	211	211	2	1	47965033
C0687	01	1	2	1	611	000	000	2	1	48064744
C0690	01	1	2	1	512	000	000	1	1	48064744
C0697	01	1	2	1	519	940	000	2	1	58827218
C0697	02	1	2	1	512	321	332	2	1	49022116
C0698	01	1	2	2	344	000	321	3	2	28596720
C0703	01	1	2	1	021	321	000	2	1	55391149
C0704	01	1	2	2	512	111	111	2	1	35473247
C0706	01	1	2	2	936	111	312	2	1	28187063
C0706	02	1	2	2	519	321	000	2	1	28775605
C0706	03	1	2	2	821	936	111	2	1	29307636
C0708	01	1	2	2	812	371	000	3	1	22966751
C0708	02	1	2	2	000	339	312	3	1	20269119
C0709	01	1	2	2	529	529	950	1	2	17709221
C0715	01	1	2	2	424	361	000	2	2	26539128
C0717	01	1	2	1	938	381	381	3	1	37677771
C0718	01	1	2	1	611	000	000	2	1	58827218
C0719	01	1	2	2	531	000	000	2	1	24622164
C0720	01	1	2	2	950	821	000	2	1	24622164
C0721	01	1	2	2	613	940	324	2	1	21620785
C0724	01	1	2	1	812	039	000	3	1	263993855
C0727	01	1	3	1	615	960	910	2	1	45468823
C0728	02	1	3	2	021	324	325	2	1	25644502
C0731	02	1	3	1	011	980	000	3	1	45468823
C0732	02	1	3	2	611	312	000	2	1	33817924
C0735	01	1	3	2	611	339	332	1	2	20046701
C0741	01	1	3	1	950	032	311	2	1	70159906
C0743	01	1	3	2	344	111	000	2	1	22415971
C0744	01	1	3	2	821	312	331	3	1	40087183
C0747	01	1	3	1	616	361	000	1	2	75964507
C0747	02	1	3	1	616	361	000	1	2	76817720
C0747	03	1	3	1	960	312	000	2	2	102670545
C0747	04	1	3	1	616	312	000	2	2	102670545
C0747	05	1	3	1	616	000	000	1	2	97522891
C0749	02	1	3	2	011	341	341	2	1	25644502
C0752	01	1	3	2	613	000	000	2	1	24896966
C0753	01	1	3	1	344	910	111	3	1	49395709
C0753	02	1	3	1	733	312	111	2	1	56806452
C0754	01	1	3	2	612	321	000	2	2	20347447
C0754	02	1	3	2	383	321	515	2	2	20709158
C0756	01	1	3	2	615	111	312	2	1	51259662
C0756	03	1	3	2	821	221	211	2	1	68699317
C0756	06	1	3	2	214	321	215	1	1	64026460
C0758	03	1	3	1	821	361	324	2	1	65189104
C0761	01	1	3	1	713	321	000	2	1	48064744
C0763	01	1	3	2	611	000	000	2	1	24896966
C0766	01	1	3	2	940	321	312	2	1	24896966
C0768	01	1	3	2	611	529	529	1	2	39942156
C0768	04	1	3	2	950	000	000	1	2	53531348
C0768	05	1	3	2	529	000	000	1	2	49890201
C0769	01	1	3	1	612	111	331	2	1	123398847
C0770	01	1	3	2	938	221	221	2	1	24237588
C0775	01	1	4	2	512	312	311	2	1	108848771
C0775	04	1	4	2	512	111	352	2	1	101897168
C0778	01	1	4	2	821	000	000	2	1	20269119
C0783	03	1	4	2	519	950	000	1	1	47168313
C0783	05	1	4	2	432	212	000	1	1	59963450
C0789	01	1	4	1	000	000	111	2	2	50585233
C0789	02	1	4	1	111	031	111	3	1	41014336
C0791	01	1	4	1	960	514	000	2	1	135673621
C0792	02	1	4	1	519	324	312	2	1	49022116
C0795	01	1	4	2	511	111	111	2	1	18157272
C0795	02	1	4	2	611	321	000	2	1	24334772
C0798	01	1	4	1	011	111	321	2	1	45468823
C0798	03	1	4	1	432	031	321	4	1	45979516
C0800	01	1	4	1	722	353	311	2	1	59048268
C0803	01	1	4	2	936	331	331	3	1	33078356
C0805	01	1	4	2	011	611	611	2	1	33947541
C0805	02	1	4	2	960	332	960	2	1	32957972
C0806	01	1	4	2	383	311	311	2	1	73264473
C0806	02	1	4	2	511	031	031	3	1	48659174
C0810	01	1	4	1	011	011	938	3	1	53970109
C0810	02	1	4	1	614	212	011	3	1	73481511
C0810	03	1	4	1	920	211	211	3	1	77360163
C0821	01	1	1	1	011	000	000	1	1	80953701
C0821	02	1	1	1	424	940	000	1	1	67460639
C0828	01	1	1	2	936	321	361	2	2	43282679
C0828	02	1	1	2	361	324	000	2	2	41627772
C0828	03	1	1	2	733	111	111	2	1	51995640
C0834	02	1	1	1	722	111	000	3	1	78878142
C0836	01	1	1	2	910	910	000	3	1	42518111
C0836	02	1	1	2	021	000	000	2	1	30402802
C0838	01	1	1	2	611	361	311	3	1	35131824
C0840	02	1	1	2	611	311	311	3	1	33947541
C0841	01	1	1	1	531	000	000	1	1	73442741
C0849	01	1	1	2	383	000	936	2	1	31081951
C0851	01	1	1	2	433	312	000	3	1	35131824
C0859	01	1	1	1	021	000	000	2	1	62570858
C0859	02	1	1	1	514	910	339	2	1	63273636
C0865	01	1	1	2	821	111	910	3	1	22524850
C0865	02	1	1	2	920	000	000	3	1	30188295
C0865	03	1	1	2	213	011	211	3	1	28134918
C0869	01	1	1	2	950	011	910	2	1	37855613
C0871	01	1	1	1	812	000	000	1	1	67460639
C0873	01	1	1	2	611	000	111	2	1	26537314
C0877	01	1	2	2	936	000	000	2	1	33947541
C0877	02	1	2	2	344	324	000	2	1	32957972
C0885	01	1	2	2	432	000	000	2	1	32594196
C0887	02	1	2	1	615	111	000	2	1	94879839
C0888	01	1	2	2	812	111	000	2	1	22125104
C0888	02	1	2	2	383	938	938	2	1	21279154
C0892	01	1	2	1	960	011	111	2	1	79941091
C0895	01	1	2	1	000	936	000	3	1	51533250
C0895	02	1	2	1	111	910	212	2	1	68876645
C0899	01	1	2	1	516	936	311	2	1	70711636
C0899	04	1	2	1	831	514	344	2	1	94509473
C0910	02	1	2	2	000	000	000	3	1	32594196
C0913	02	1	2	2	812	391	361	3	1	32957972
C0915	02	1	2	2	615	031	000	2	1	28539124
C0920	01	1	2	1	111	312	900	2	1	75493573
C0921	01	1	2	2	519	311	000	1	1	32957972
C0921	02	1	2	2	512	000	000	1	1	33947541
C0922	01	1	2	2	021	321	000	2	1	33078356
C0926	01	1	3	2	511	000	111	2	1	26607543
C0926	02	1	3	2	519	000	000	2	1	29269926
C0931	01	1	3	2	341	324	000	1	1	32957972
C0931	02	1	3	2	615	000	000	2	1	33947541
C0934	02	1	3	1	383	324	361	2	1	65669882
C0935	01	1	3	2	910	910	021	3	2	63839347
C0937	01	1	3	2	519	000	000	2	1	26537314
C0938	01	1	3	2	311	000	000	2	1	33947541
C0940	01	1	3	2	821	000	111	2	1	35290785
C0940	02	1	3	2	950	910	910	2	1	34650140
C0943	01	1	3	2	611	031	950	1	2	33078356
C0944	01	1	3	2	821	312	111	3	1	26537314
C0948	01	1	3	1	950	321	936	3	1	102212118
C0948	02	1	3	1	960	910	000	2	1	115200027
C0951	02	1	3	1	111	361	000	2	1	98595738
C0951	03	1	3	1	821	910	910	3	1	116697872
C0953	01	1	3	1	000	900	000	1	1	100049539
C0953	03	1	3	1	529	960	950	1	1	92476935
C0955	01	1	3	2	424	000	940	1	2	32594196
C0957	01	1	3	2	950	381	111	3	1	36712474
C0957	02	1	3	2	011	312	936	3	1	38145280
C0957	03	1	3	2	734	311	732	3	1	50077524
C0962	01	1	3	2	519	312	000	2	1	33395043
C0963	01	1	3	2	311	111	312	2	1	27263281
C0963	02	1	3	2	613	211	031	1	1	35791521
C0966	02	1	3	1	351	321	000	2	1	69926244
C0966	04	1	3	1	821	212	000	2	1	94509473
C0968	01	1	3	2	950	324	311	2	1	32594196
C0972	01	1	3	2	950	321	000	1	1	33395043
C0977	01	1	4	1	938	032	531	3	1	70623461
C0978	01	1	4	1	713	361	936	3	1	67460639
C0981	01	1	4	2	950	311	000	2	1	33321029
C0984	01	1	4	2	950	321	321	2	2	43928532
C0987	01	1	4	2	831	311	321	3	2	32594196
C0988	02	1	4	1	011	516	311	4	2	67720791
C0990	03	1	4	2	512	000	000	2	1	29694416
C0993	01	1	4	2	321	000	000	2	1	41959176
C0994	01	1	4	1	940	000	000	1	1	66143174
C0995	01	1	4	2	722	515	515	2	1	48777939
C0995	02	1	4	2	950	936	361	3	1	46912922
C0995	03	1	4	2	111	950	212	2	2	46093530
C0995	05	1	4	2	519	519	111	3	1	62873721
C0998	01	1	4	1	384	938	111	2	1	103023613
C0998	03	1	4	1	383	384	000	2	1	87042625
C1001	01	2	4	1	812	910	910	3	1	159953676
C1005	01	1	4	2	531	111	111	2	1	66415368
C1005	02	1	4	2	733	321	111	2	1	92133810
C1009	01	1	4	2	611	111	111	2	1	98278670
C1009	02	1	4	2	611	321	311	2	1	93199623
C1009	03	1	4	2	512	821	612	1	2	129289900
C1009	04	1	4	2	821	221	221	3	2	134649317
C1021	01	1	4	1	611	011	000	2	1	186714649
C1023	01	1	4	2	938	321	311	2	1	400233939
C1023	02	1	4	2	021	111	111	2	1	505227227
C1023	03	1	4	2	383	321	331	2	1	343877021
C1030	01	1	1	1	611	311	312	3	1	190433703
C1030	02	1	1	1	611	031	021	2	1	222808118
C1031	01	1	1	1	513	011	311	2	2	214049258
C1031	02	1	1	1	513	031	312	2	2	198369803
C1037	01	1	1	1	512	329	512	2	1	162568000
C1043	01	1	1	2	382	000	000	2	1	91558750
C1044	01	1	1	2	000	000	000	2	2	137777179
C1046	01	1	1	2	021	312	000	2	1	68807817
C1046	02	1	1	2	821	212	000	2	1	99409476
C1046	03	1	1	2	734	000	000	1	1	95452702
C1048	01	1	1	1	910	910	384	2	1	157258243
C1048	02	1	1	1	031	000	381	2	1	145738822
C1050	01	1	1	1	383	384	000	4	1	169890430
C1050	02	1	1	1	000	031	000	3	1	154344443
C1053	01	1	1	1	424	000	000	2	1	222808118
C1053	02	1	1	1	512	332	332	2	1	190433703
C1054	01	1	1	2	021	111	111	2	1	125046416
C1054	02	1	1	2	021	321	000	2	1	112939689
C1057	01	1	1	2	821	000	000	2	1	88669760
C1057	02	1	1	2	821	331	000	2	1	84087302
C1063	01	1	1	1	821	321	000	3	1	190433703
C1063	02	1	1	1	344	000	000	2	1	222808118
C1067	01	1	1	2	939	312	000	2	1	148754250
C1067	02	1	1	2	821	000	000	2	1	139697278
C1068	02	1	1	2	960	111	000	2	2	109171592
C1069	01	1	1	1	000	000	000	2	1	186714649
C1071	02	1	1	2	513	331	000	2	1	84621051
C1072	01	1	1	1	531	000	000	3	1	186714649
C1074	01	1	1	2	950	000	000	2	1	132746210
C1077	01	1	1	1	513	321	000	1	2	186714649
C1085	01	1	1	1	821	321	000	2	1	186714649
C1086	01	1	1	2	383	321	000	2	1	65002526
C1095	01	1	1	2	611	331	361	2	1	84621051
C1097	01	2	1	2	821	111	000	2	1	158547233
C1097	03	2	1	2	021	111	111		1	142818731
C1101	01	1	1	2	344	722	722	2	2	84087302
C1101	02	1	1	2	021	311	995	2	2	88669760
C1107	01	1	1	2	821	321	000	2	1	89481694
C1110	01	1	1	2	383	321	000	1	1	93275202
C1110	02	1	1	2	383	321	312	1	1	93028788
C1116	01	1	2	1	011	031	425	3	1	181551785
C1122	01	2	2	2	821	321	000	2	1	66415368
C1133	01	1	2	1	311	936	000	4	1	186714649
C1135	02	1	2	1	731	031	324	2	2	212310829
C1135	04	1	2	1	734	910	111	3	1	308964230
C1137	01	1	2	2	341	312	000	2	1	83687042
C1142	01	1	2	2	831	031	000	2	1	121469543
C1142	04	1	2	2	734	212	000	2	1	165982938
C1143	01	1	2	2	812	011	361	4	1	127267432
C1143	02	1	2	2	325	031	939	3	1	128514937
C1143	03	1	2	2	031	031	939	3	1	111591492
C1154	01	1	2	2	811	321	031	4	1	83687042
C1155	01	1	2	2	713	331	331	2	1	84621051
C1159	01	1	2	2	938	910	111	2	1	100963313
C1159	02	1	2	2	938	910	031	2	1	164563737
C1159	03	1	2	2	732	212	000	2	1	120568024
C1160	02	1	2	2	960	211	920	3	1	92133810
C1162	01	1	2	2	938	111	111	2	1	75582055
C1164	01	1	2	2	512	321	362	2	2	83687042
C1167	01	1	2	1	531	000	000	3	1	186714649
C1171	01	1	2	1	511	383	000	3	1	143928137
C1173	01	1	2	1	936	331	331	2	1	186714649
C1177	02	1	2	1	910	111	311	2	2	212805161
C1178	01	1	2	2	000	311	936	2	2	134990219
C1178	02	1	2	2	519	950	950	2	1	155462206
C1181	01	1	2	1	021	111	111	2	1	198369803
C1181	02	1	2	1	000	111	111	2	1	214049258
C1184	01	1	2	2	733	111	111	2	1	99021605
C1184	02	1	2	2	611	000	000	3	1	86824795
C1185	01	1	2	2	513	332	000	1	2	84621051
C1185	02	1	2	2	513	000	000	1	2	97454285
C1189	01	1	2	2	910	910	111	3	1	86448872
C1190	01	1	2	1	910	031	000	2	1	253530800
C1191	01	1	2	2	722	321	936	2	1	187575936
C1192	01	1	2	1	514	910	111	2	1	377045328
C1195	01	1	2	2	021	321	000	2	1	66415368
C1195	02	1	2	2	021	000	000	2	1	92133810
C1196	01	1	2	2	611	000	000	2	1	103625001
C1196	02	1	2	2	611	000	000	2	1	104640757
C1202	01	1	3	2	611	339	339	2	1	120764840
C1203	01	1	3	2	514	111	111	2	1	97708229
C1205	02	1	3	1	960	000	000	3	1	327793086
C1205	04	1	3	1	344	343	032	4	1	334379423
C1207	01	1	3	1	722	361	324	2	1	223645347
C1208	01	1	3	2	611	000	000	3	1	83687042
C1212	01	1	3	2	938	111	000	2	1	154012196
C1215	01	1	3	1	512	111	111	2	1	257775298
C1217	01	1	3	1	383	312	000	2	1	214049258
C1218	02	1	3	1	613	312	000	2	1	360724413
C1221	02	1	3	1	512	032	000	2	1	194353155
C1222	01	1	3	2	383	311	000	2	1	133616674
C1230	01	1	3	2	611	031	000	2	1	83687042
C1231	02	1	3	2	519	311	000	1	2	91401492
C1232	02	1	3	1	383	910	111	3	1	198369803
C1236	01	1	3	2	611	031	000	2	1	83687042
C1238	02	1	3	2	111	111	111	2	1	119155173
C1242	01	1	3	2	812	361	324	2	1	84621051
C1242	02	1	3	2	514	361	000	2	1	97454285
C1244	01	1	3	2	812	321	321	2	1	105148727
C1245	01	1	3	1	821	321	321	2	1	132403603
C1246	01	1	3	2	611	000	000	2	1	100854043
C1247	01	1	3	2	731	312	000	2	1	88669760
C1249	01	1	3	2	513	000	000	1	1	84621051
C1249	02	1	3	2	513	312	000	2	2	97454285
C1251	01	1	3	2	615	321	000	2	1	87240812
C1251	02	1	3	2	031	321	000	2	2	91995125
C1251	03	1	3	2	021	011	000	2	2	121023621
C1252	01	1	3	2	960	000	000	2	1	84621051
C1253	01	1	3	1	821	321	361	2	1	160548989
C1256	02	1	3	2	936	331	324	2	1	378006128
C1256	05	1	3	2	519	821	000	2	1	388829134
C1258	01	1	3	1	514	312	362	3	2	163390363
C1259	01	1	3	1	616	332	000	2	1	167063523
C1263	01	1	3	2	432	321	000	2	1	84087302
C1265	02	1	3	1	311	000	000	2	1	190433703
C1266	01	1	3	2	611	425	425	2	2	84621051
C1266	02	1	3	2	021	611	000	2	1	97454285
C1267	01	1	3	2	021	000	000	3	1	93134404
C1267	02	1	3	2	021	111	000	1	1	98209897
C1267	03	1	3	2	529	000	000	2	2	134555094
C1272	01	1	3	2	821	331	000	2	1	113124137
C1276	01	1	3	2	221	311	000	2	2	97454285
C1276	02	1	3	2	221	722	000	3	2	84621051
C1277	01	1	3	1	821	111	000	2	1	327793086
C1277	02	1	3	1	511	111	111	2	1	356927491
C1278	01	1	3	1	821	111	111	2	1	197825998
C1278	04	1	3	1	614	211	000	2	1	254870414
C1281	01	1	3	2	531	031	611	4	1	83687042
C1282	01	1	3	1	938	324	384	3	1	145738822
C1283	01	1	3	1	938	910	312	3	1	184286303
C1286	03	1	4	2	352	311	000	2	1	141503662
C1290	01	2	4	1	611	361	361	2	1	222808118
C1290	02	2	4	1	341	324	514	2	1	190433703
C1292	01	2	4	2	960	361	000	2	1	83687042
C1293	01	1	4	2	900	312	311	2	1	49981237
C1294	02	1	4	2	383	339	312	2	1	120764840
C1297	01	1	4	2	611	321	936	2	1	83687042
C1299	01	1	4	2	713	321	321	2	1	83687042
C1300	01	1	4	2	950	321	000	2	1	97454285
C1300	02	1	4	2	519	331	332	2	1	84621051
C1306	01	1	4	1	011	021	000	1	1	311872344
C1307	01	1	4	2	511	111	111	2	1	108851309
C1309	03	1	4	1	611	321	339	2	1	282593263
C1310	02	1	4	1	938	515	111	3	1	187362692
C1319	01	1	4	1	221	111	111	2	1	214378770
C1321	01	1	4	1	910	425	311	2	1	137015936
C1323	01	1	4	1	711	321	031	2	1	186714649
C1325	01	2	4	2	519	312	000	2	1	100854043
C1333	01	2	4	2	011	011	021	2	1	72021085
C1334	01	2	4	1	615	311	811	3	1	214259626
C1337	01	1	4	2	321	361	361	3	1	74355532
C1337	02	1	4	2	342	611	021	3	1	85631945
C1345	01	1	4	1	732	021	031	3	1	204954386
C1345	02	1	4	1	311	361	011	3	1	175174150
C1349	01	2	4	2	938	111	111	5	2	178914869
C1355	01	2	4	1	031	021	011	3	1	135765465
C1355	02	2	4	1	011	920	215	3	1	190460790
C1355	03	2	4	1	021	211	920	3	1	179146997
C1356	01	2	4	2	611	361	344	3	1	90046910
C1363	01	1	4	2	111	321	111	2	1	122674753
C1364	01	1	4	1	611	361	361	2	1	204954386
C1364	02	1	4	1	821	321	311	2	1	175174150
C1373	01	1	1	2	021	425	425	3	2	71288288
C1373	02	1	1	2	021	950	000	2	1	78930135
C1386	01	1	1	2	519	000	000	2	1	60460627
C1386	02	1	1	2	950	000	000	2	1	83873177
C1386	03	1	1	2	021	212	000	2	1	87349948
C1387	01	1	1	1	939	000	000	2	1	313373281
C1387	03	1	1	1	729	000	000	2	1	336910066
C1391	01	2	1	1	611	321	000	3	1	171753106
C1402	01	2	1	2	611	000	000	2	1	74355532
C1405	01	3	1	1	032	938	900	2	1	144827801
C1405	02	3	1	1	614	920	211	2	1	199172077
C1408	01	3	1	2	615	000	000	2	1	85631945
C1408	02	3	1	2	531	339	361	2	1	74355532
C1412	01	2	1	2	021	111	111	3	1	137446709
C1412	02	2	1	2	011	000	000	3	1	108561203
C1412	04	2	1	2	732	312	000	2	1	162879406
C1417	02	2	1	2	021	910	000	3	1	121063202
C1426	01	1	1	1	021	940	531	4	1	147684114
C1427	01	1	1	2	000	011	531	4	1	87397424
C1427	02	1	1	2	000	391	391	4	1	79506730
C1428	01	1	1	2	361	000	000	2	1	60419243
C1428	02	1	1	2	940	000	000	2	1	87290158
C1428	03	1	1	2	734	212	212	2	1	87290158
C1431	01	1	1	2	321	321	000	2	1	58358410
C1431	02	1	1	2	960	212	000	2	1	80956905
C1434	01	2	1	1	311	000	000	2	1	241003114
C1434	04	2	1	1	021	211	031	3	1	310497933
C1435	01	2	1	2	936	331	000	3	1	73534829
C1437	02	1	1	2	950	910	910	4	1	100744052
C1440	03	1	1	1	731	000	000	2	1	204954386
C1441	01	2	1	2	344	000	000	2	1	77913085
C1441	02	2	1	2	512	311	000	1	1	73886533
C1447	03	2	1	1	614	211	000	3	1	295534718
C1452	01	1	1	2	812	000	000	2	1	111658142
C1452	05	1	1	2	950	212	000	2	1	154896227
C1454	01	1	1	1	950	000	000	2	1	214259626
C1457	01	1	2	2	821	324	331	3	1	120974715
C1457	03	1	2	2	821	910	111	3	1	324252764
C1459	02	1	2	2	950	000	000	2	1	116642548
C1461	01	1	2	1	021	129	129	2	1	197553904
C1462	01	1	2	2	381	311	000	2	1	88548478
C1462	02	1	2	2	383	111	000	2	1	60269489
C1469	01	2	2	2	611	321	332	2	1	91315437
C1469	02	2	2	2	611	031	311	3	1	91315437
C1469	03	2	2	2	342	519	341	3	1	105163911
C1472	01	2	2	1	615	821	821	3	1	171753106
C1473	01	1	2	1	821	111	032	3	2	147684114
C1476	01	1	2	2	513	311	000	2	2	73886533
C1476	02	1	2	2	513	032	000	2	2	77913085
C1482	01	2	2	2	021	339	361	3	1	71230781
C1483	01	2	2	2	325	353	353	2	2	116642548
C1486	01	1	2	2	940	940	324	2	1	85631945
C1486	02	1	2	2	940	011	321	2	1	74355532
C1492	01	1	2	2	512	032	032	3	1	88619272
C1494	01	3	2	2	344	331	321	3	1	73534829
C1495	01	3	2	1	311	212	920	2	1	185187589
C1495	03	3	2	1	821	212	211	3	1	239547887
C1496	01	3	2	2	731	311	339	2	1	73534829
C1497	01	1	2	2	339	321	000	2	1	73534829
C1503	02	1	2	2	021	000	000	2	1	92392961
C1507	01	1	2	1	344	910	111	2	1	237119627
C1510	02	1	2	1	344	321	514	3	1	318114553
C1511	01	1	2	2	611	321	361	2	1	88619272
C1515	01	2	2	2	910	111	910	2	1	86356322
C1515	02	2	2	2	960	361	312	2	1	81893423
C1515	03	2	2	2	950	212	311	1	1	118314786
C1515	04	2	2	2	960	111	910	3	1	113605528
C1518	01	2	2	2	936	332	000	2	1	99958412
C1519	01	2	2	1	511	111	111	2	1	181847334
C1522	01	2	2	1	341	960	341	2	1	204954386
C1522	02	2	2	1	619	321	321	2	1	175174150
C1524	02	2	2	2	411	000	000	2	1	182384337
C1524	03	2	2	2	731	361	000	2	1	161760651
C1526	01	2	2	2	611	322	331	2	1	79677894
C1529	01	2	2	2	383	000	000	2	1	60229633
C1533	02	1	2	1	910	000	000	2	1	162832646
C1541	02	2	3	1	821	000	000	3	1	175174150
C1543	01	2	3	1	512	311	311	2	1	175174150
C1548	01	1	3	1	731	000	000	2	1	171753106
C1550	01	1	3	2	938	312	332	3	1	125946222
C1558	01	1	3	1	611	321	000	2	1	171753106
C1559	01	1	3	2	611	000	000	2	1	74355532
C1559	02	1	3	2	341	000	000	2	1	85631945
C1562	02	1	3	2	611	312	031	2	2	76657485
C1564	02	1	3	2	519	936	936	1	2	80313426
C1566	01	1	3	2	611	936	312	3	1	85631945
C1566	02	1	3	2	611	514	936	3	1	74355532
C1570	01	1	3	2	950	331	321	2	1	90046910
C1571	01	1	3	1	000	000	000	3	1	147684114
C1573	01	2	3	2	960	936	321	2	1	52359569
C1576	02	2	3	1	960	111	111	2	1	145932473
C1578	01	2	3	1	381	111	111	3	1	199043199
C1580	01	2	3	1	000	000	000	2	1	175174150
C1581	02	1	3	2	938	321	339	2	1	168586860
C1581	04	1	3	2	732	936	711	2	1	451869263
C1583	01	1	3	2	424	980	980	1	2	73534829
C1589	01	2	3	1	713	361	324	2	1	147684114
C1590	01	2	3	1	611	000	000	2	1	171753106
C1599	01	2	3	2	000	031	111	2	1	73886533
C1603	01	2	3	2	343	361	321	2	1	90046910
C1605	01	1	3	1	021	111	111	3	1	206694029
C1605	02	1	3	1	011	111	111	3	1	223031443
C1622	01	1	4	2	021	910	910	2	1	191552389
C1622	02	1	4	2	021	910	910	1	1	235094723
C1626	01	1	4	2	021	936	936	1	2	73886533
C1626	02	1	4	2	021	324	512	2	2	77913085
C1633	01	1	4	2	000	000	000	3	2	95927806
C1633	02	1	4	2	821	111	111	3	2	106210921
C1633	03	1	4	2	000	000	000	3	2	131081247
C1638	01	1	4	2	615	000	000	1	2	89701204
C1638	02	1	4	2	713	000	000	1	1	78444634
C1642	01	2	4	2	344	361	361	3	1	90046910
C1643	01	2	4	1	821	311	311	2	1	279089726
C1643	03	2	4	1	821	000	000	2	1	326535985
C1645	01	1	4	1	311	321	000	3	1	205724527
C1646	02	1	4	2	831	936	000	4	2	92392961
C1653	01	2	4	2	371	361	950	2	2	88213130
C1653	02	2	4	2	381	821	381	2	2	79672523
C1654	01	2	4	2	938	324	111	2	1	81893423
C1654	02	2	4	2	519	000	111	2	2	86356322
C1654	03	2	4	2	519	111	000	2	1	113605528
C1654	04	2	4	2	212	211	211	2	1	118314786
C1665	02	2	4	2	344	611	611	3	1	48742531
C1674	01	2	4	2	021	312	312	3	1	35189399
C1674	02	2	4	2	733	021	021	3	1	48816012
C1675	01	2	4	1	021	129	129	1	1	96677151
C1675	02	2	4	1	381	321	936	1	1	111878451
C1681	01	2	4	2	011	361	000	3	1	41515158
C1681	02	2	4	2	936	936	936	2	1	38385359
C1682	01	2	4	1	936	910	910	2	1	104245623
C1682	02	2	4	1	000	000	000	2	1	111275175
C1683	01	2	4	2	000	221	221	2	1	44552665
C1683	02	2	4	2	611	031	960	1	1	46980626
C1688	01	1	1	2	021	513	513	1	1	59843486
C1688	03	1	1	2	021	021	513	2	1	83017057
C1689	01	1	1	2	513	950	950	2	1	53436325
C1697	01	2	1	2	311	111	111	2	1	42263993
C1697	02	2	1	2	311	212	000	2	1	50470670
C1710	01	2	1	2	021	000	000	5	1	44835465
C1710	02	2	1	2	021	000	000	1	1	51635003
C1719	02	3	1	2	031	000	011	2	1	60392502
C1725	02	2	1	2	000	000	000	3	1	44835465
C1737	01	1	1	1	615	000	111	3	1	91811061
C1739	01	1	1	1	383	000	000	3	1	104076578
C1739	02	1	1	1	383	000	000	2	1	124765728
C1741	01	2	1	1	031	000	324	1	1	102603718
C1741	03	2	1	1	221	000	000	1	1	135388981
C1741	04	2	1	1	511	000	000	1	1	143939294
C1746	01	2	1	1	344	312	000	2	1	131544920
C1747	01	2	1	2	611	312	000	2	1	44340592
C1753	01	2	1	2	821	321	000	2	1	59125435
C1773	03	2	2	1	519	111	031	1	1	278563763
C1776	01	2	2	2	938	000	111	3	1	43250511
C1776	02	2	2	2	938	381	381	2	1	40104585
C1777	01	3	2	1	344	000	000	2	1	90670815
C1778	01	3	2	2	529	000	000	2	1	53930886
C1778	02	3	2	2	512	344	000	2	1	63132962
C1781	01	3	2	2	021	000	000	2	1	44340592
C1782	01	3	2	2	621	000	000	1	1	175429291
C1782	04	3	2	2	812	000	000	2	1	149859230
C1785	01	3	2	2	519	032	000	1	1	46223515
C1785	02	3	2	2	519	031	111	3	1	48742531
C1785	03	3	2	2	614	212	980	1	1	64122938
C1786	01	3	2	1	011	000	000	3	1	439717589
C1799	01	3	2	2	021	000	000	1	1	80743033
C1799	02	3	2	2	611	221	000	1	2	72925665
C1801	01	2	2	2	734	111	111	3	1	67431147
C1802	02	2	2	2	361	000	000	2	1	71522975
C1805	02	3	2	1	611	311	000	2	1	102532245
C1806	01	3	2	2	344	531	531	3	1	42951279
C1813	01	2	2	2	531	312	000	1	1	42951279
C1814	01	2	2	2	732	339	000	1	1	46191258
C1822	01	1	2	1	381	381	000	2	1	115302974
C1823	01	1	2	2	519	000	000	2	1	53436325
C1827	01	2	2	2	021	312	000	3	1	44835465
C1827	02	2	2	2	613	000	000	1	1	51635003
C1828	01	2	3	2	021	000	000	2	1	44835465
C1828	02	2	3	2	021	529	000	2	1	51635003
C1829	01	2	3	2	611	910	111	2	1	46191258
C1829	03	2	3	2	531	031	011	2	1	66734405
C1833	01	2	3	2	529	000	000	1	1	46980626
C1833	02	2	3	2	529	522	522	1	1	44552665
C1835	02	2	3	1	021	910	910	1	1	111275175
C1836	01	2	3	2	531	039	031	3	1	44340592
C1837	01	3	3	1	519	411	411	2	1	107402150
C1846	01	3	3	2	960	000	000	2	1	73971358
C1847	01	3	3	2	021	339	000	2	2	72036332
C1847	03	3	3	2	324	111	111	2	1	94516599
C1849	01	2	3	1	383	361	311	3	1	78679133
C1849	02	2	3	1	383	311	000	2	1	108202198
C1850	01	2	3	2	511	331	000	1	2	36481983
C1853	01	2	3	2	611	000	000	1	2	35165414
C1861	01	2	3	1	000	321	000	2	1	105447998
C1864	01	2	3	1	950	900	900	3	2	110604038
C1864	02	2	3	1	611	312	000	2	1	145945666
C1871	01	3	3	2	611	312	221	2	1	254162611
C1871	03	3	3	2	611	221	221	2	1	155934107
C1878	03	2	3	2	021	939	392	3	1	59125435
C1881	01	2	4	2	938	000	000	2	1	64404341
C1881	02	2	4	2	614	000	111	2	1	64234198
C1881	03	2	4	2	011	000	211	3	1	88005779
C1881	04	2	4	2	614	031	211	2	1	84502904
C1883	01	2	4	1	111	429	111	3	1	95137485
C1883	02	2	4	1	021	722	111	2	1	103593350
C1890	01	2	4	2	950	331	111	2	1	43427823
C1890	02	2	4	2	950	111	111	2	1	46243372
C1892	01	2	4	2	821	312	381	3	1	48511323
C1893	01	2	4	2	021	936	000	2	2	123283541
C1896	01	2	4	2	821	910	000	2	1	36476425
C1898	01	2	4	1	960	212	212	3	2	126900013
C1901	01	3	4	2	021	111	111	2	1	71099383
C1901	02	3	4	2	519	000	000	2	2	74974045
C1901	03	3	4	2	615	000	000	3	2	83230872
C1902	01	3	4	1	424	900	900	2	1	107548351
C1902	02	3	4	1	940	900	900	2	1	125831958
C1905	01	1	4	2	940	391	391	3	1	51635003
C1906	01	1	4	2	731	000	000	2	1	54297172
C1913	01	2	4	2	950	000	811	2	1	42263993
C1913	02	2	4	2	950	811	000	2	2	50470670
C1916	01	2	4	2	950	311	311	2	1	41161569
C1917	01	2	4	2	519	321	000	2	1	44552665
C1917	02	2	4	2	950	000	000	2	1	46980626
C1921	01	2	4	2	611	000	000	2	1	51635003
C1921	02	2	4	2	611	311	000	2	1	44835465
C1922	01	2	4	2	950	321	000	3	1	44340592
C1924	01	2	4	1	221	361	938	2	1	363914866
C1924	02	2	4	1	519	312	000	2	2	547130941
C1924	04	2	4	1	615	920	211	2	1	400788771
C1924	05	2	4	1	733	211	211	2	1	376981030
C1926	01	3	4	2	021	950	519	2	2	38052113
C1926	02	3	4	2	021	321	950	2	2	36085578
C1926	03	3	4	2	512	031	000	1	2	52134314
C1927	01	3	4	1	960	321	111	1	1	103398857
C1929	01	2	4	2	611	324	324	2	1	47909252
C1945	01	3	4	2	611	329	821	1	1	31409163
C1949	01	1	1	2	615	344	311	1	1	32946848
C1957	01	3	1	1	000	111	000	2	1	74781354
C1957	02	3	1	1	021	111	000	2	1	81427956
C1957	03	3	1	1	920	212	212	2	2	104908238
C1957	04	3	1	1	821	920	000	3	1	104908238
C1958	01	3	1	1	940	313	000	2	1	84536724
C1958	02	3	1	1	000	000	000	2	2	98908271
C1965	01	2	1	2	611	311	311	2	1	32787020
C1965	02	2	1	2	821	000	000	2	1	37759346
C1967	01	2	1	1	000	000	000	3	2	88148459
C1967	02	2	1	1	031	910	910	3	1	81691442
C1967	03	2	1	1	900	920	032	2	1	112344826
C1981	01	2	1	1	939	021	000	2	1	98908271
C1997	01	2	1	1	821	321	321	2	1	91639378
C1998	01	2	1	1	383	111	111	1	1	119767133
C2002	02	2	1	1	111	000	111	3	1	103585359
C2005	01	2	1	2	021	321	331	4	1	32580215
C2005	02	2	1	2	021	031	000	3	2	34355720
C2008	01	2	1	1	321	312	111	2	1	81997777
C2008	02	2	1	1	111	000	000	2	1	87527099
C2013	01	1	2	2	611	332	312	2	2	29663009
C2013	02	1	2	2	021	331	000	1	1	31279537
C2013	03	1	2	2	611	321	312	2	2	41149603
C2018	01	1	2	2	000	111	111	3	1	32580215
C2018	02	1	2	2	611	325	000	2	1	34355720
C2021	01	2	2	1	611	111	361	2	1	105474456
C2021	02	2	2	1	612	031	111	2	1	114849076
C2021	03	2	2	1	615	312	212	1	1	139177015
C2021	04	2	2	1	936	611	361	2	1	101678120
C2022	01	2	2	2	529	381	000	2	1	40314822
C2022	02	2	2	2	711	361	361	3	1	40602449
C2022	03	2	2	2	611	361	361	3	1	35255730
C2023	01	2	2	1	383	331	111	2	1	49837400
C2023	02	2	2	1	614	211	021	2	1	68538073
C2024	01	2	2	2	341	361	936	3	1	32787020
C2029	01	1	2	2	311	000	312	2	1	30256816
C2029	02	1	2	2	821	000	000	2	1	44453588
C2034	01	2	2	1	615	311	111	2	1	78263726
C2034	02	2	2	1	212	212	212	3	1	94841962
C2035	01	2	2	2	940	000	000	2	1	32425131
C2038	01	2	2	2	938	000	000	3	1	61853182
C2038	03	2	2	2	381	910	111	2	1	68483620
C2042	01	1	2	2	021	910	111	3	1	31409163
C2049	02	1	2	2	341	031	821	3	1	34355720
C2057	01	2	2	2	821	611	611	2	1	37759346
C2057	02	2	2	2	361	321	821	3	1	32787020
C2061	02	2	2	2	910	111	000	2	2	26575789
C2066	01	2	2	2	021	352	352	2	1	58592005
C2066	02	2	2	2	021	361	111	2	1	55563967
C2067	01	2	2	2	011	111	111	2	1	38366615
C2077	01	1	3	1	713	111	111	2	1	72677850
C2078	01	1	3	1	514	331	000	3	1	110903536
C2078	02	1	3	1	424	000	424	2	1	125087181
C2078	03	1	3	1	514	111	111	3	2	113131918
C2086	01	1	3	2	519	032	032	2	1	25715560
C2087	01	1	3	1	000	000	111	2	1	153786053
C2089	01	1	3	1	511	111	000	1	1	129590027
C2089	04	1	3	1	615	221	000	2	1	134242885
C2091	02	1	3	2	432	950	361	2	2	46804266
C2092	01	1	3	1	529	111	111	2	1	74781354
C2092	04	1	3	1	311	361	000	3	1	104908238
C2093	02	1	3	1	821	000	031	3	1	125534532
C2093	03	1	3	1	729	000	000	2	1	146875854
C2094	01	1	3	2	938	000	000	2	1	75120033
C2094	02	1	3	2	519	129	129	3	1	92195787
C2094	03	1	3	2	361	000	000	2	1	62751988
C2094	04	1	3	2	732	312	000	1	1	168196350
C2094	05	1	3	2	732	000	000	2	1	92719182
C2107	01	2	3	2	000	910	910	3	1	47870975
C2108	02	2	3	2	383	339	000	1	2	36520607
C2108	04	2	3	2	733	321	000	2	1	52762819
C2110	01	2	3	2	950	900	900	2	1	32425131
C2111	01	2	3	1	000	311	331	1	2	199186918
C2111	02	2	3	1	000	031	031	2	2	193151967
C2111	03	2	3	1	021	936	936	1	2	216890745
C2111	04	2	3	1	920	031	211	2	1	404402084
C2111	05	2	3	1	511	920	353	2	2	279432606
C2111	06	2	3	1	000	920	211	1	2	262833690
C2118	01	1	3	1	311	362	362	4	2	58776186
C2118	02	1	3	1	519	920	000	2	1	77557111
C2125	01	1	4	1	950	031	910	2	1	54617188
C2125	02	1	4	1	615	821	211	2	1	76620610
C2129	01	2	4	1	516	311	938	2	1	88121210
C2130	01	2	4	2	424	531	531	2	1	32425131
C2135	01	1	4	1	616	735	361	2	1	97062515
C2135	02	1	4	1	812	900	000	3	1	100539967
C2136	01	1	4	1	615	512	111	3	2	107632019
C2136	02	1	4	1	361	512	910	2	2	99747799
C2141	01	1	4	2	512	000	000	2	1	32425131
C2153	01	2	4	1	000	339	000	3	1	84536724
C2153	02	2	4	1	960	531	531	3	1	98908271
C2157	01	1	4	2	611	516	221	1	1	51433450
C2157	02	1	4	2	021	111	111	2	2	56946930
C2158	01	1	4	2	519	111	111	1	2	31809315
C2159	01	1	4	1	614	312	111	2	1	121733241
C2159	02	1	4	1	936	321	111	3	1	111796698
C2165	01	2	4	1	960	129	129	3	1	109376885
C2166	01	2	4	1	011	129	129	2	1	50046404
C2166	02	2	4	1	011	311	031	3	1	56446925
C2166	03	2	4	1	021	031	031	2	2	70208411
C2169	02	2	4	1	519	321	361	2	1	60984545
C2182	01	3	1	2	323	344	000	2	2	23612584
C2183	01	3	1	2	311	000	000	2	1	19593338
C2188	01	2	1	2	344	341	039	2	1	20759923
C2188	02	2	1	2	344	321	000	2	1	19687049
C2203	01	2	1	1	021	312	111	2	1	53641777
C2203	02	2	1	1	910	361	392	3	2	58409483
C2203	03	2	1	1	214	211	211	4	2	70782089
C2203	04	2	1	1	920	920	920	3	1	70782089
C2205	01	2	1	2	021	321	329	2	1	26655763
C2205	02	2	1	2	910	910	111	2	1	39162888
C2205	03	2	1	2	521	000	000	1	1	71446375
C2205	04	2	1	2	519	960	960	1	2	71446375
C2213	01	3	2	1	384	321	111	3	1	41493023
C2213	02	3	2	1	214	735	212	3	1	57062604
C2215	01	3	2	2	519	331	000	3	1	23612584
C2221	01	2	2	1	531	000	000	2	1	37220017
C2226	01	2	2	2	361	321	000	1	2	19687049
C2236	01	3	2	1	111	361	111	3	2	43943673
C2237	01	3	2	1	821	039	000	2	1	61990611
C2237	02	3	2	1	423	423	423	2	2	59846495
C2239	02	3	2	2	811	312	000	3	1	22816612
C2242	01	3	2	2	111	111	021		1	43220547
C2242	02	3	2	2	000	000	000		1	48726193
C2242	03	3	2	2	000	000	000	1	1	42017509
C2242	04	3	2	2	000	000	000	2	1	43110999
C2243	01	3	3	2	343	111	111	3	1	18979425
C2246	01	3	3	1	910	332	111	3	1	44496294
C2248	01	3	3	2	424	980	980	1	2	23992978
C2249	01	2	3	1	311	910	111	2	1	48451146
C2249	02	2	3	1	910	361	910	3	2	44496294
C2253	01	3	3	1	512	000	000	3	1	51105445
C2255	01	3	3	2	732	900	936	2	2	33129730
C2255	02	3	3	2	529	111	111	3	1	31417583
C2255	03	3	3	2	732	960	960	1	2	36778278
C2259	01	2	3	2	321	936	936	3	1	19812014
C2259	02	2	3	2	936	321	324	3	1	22816612
C2260	01	2	3	1	021	032	000	2	1	43943673
C2265	01	2	3	2	000	936	936	2	1	18979425
C2266	03	2	3	1	000	000	000	1	2	74918063
C2270	01	2	3	1	525	312	000	2	2	48451146
C2272	01	2	3	2	341	321	000	1	1	19812014
C2274	02	3	3	2	000	000	000	2	1	36188637
C2275	01	3	3	2	519	821	311	1	2	21835764
C2275	02	3	3	2	950	321	311	2	2	23025735
C2275	03	3	3	2	733	321	111	1	1	30291364
C2275	04	3	3	2	950	321	324	2	2	30291364
C2276	01	3	3	1	000	000	000	3	1	61213702
C2277	01	3	4	2	021	312	361	4	1	19812014
C2277	02	3	4	2	519	000	821	4	1	22816612
C2285	01	2	4	1	432	940	940	1	2	49692323
C2285	02	2	4	1	735	212	212	3	1	69711684
C2285	03	2	4	1	432	940	940	2	2	54109000
C2286	01	2	4	2	519	111	331	3	2	28403884
C2286	02	2	4	2	021	950	212	2	2	37366555
C2286	03	2	4	2	614	031	734	1	2	37366555
C2286	04	2	4	2	021	331	511	2	2	28479120
C2290	01	2	4	1	519	000	032	2	1	43943673
C2293	02	2	4	1	611	032	031	3	1	73931353
C2318	01	1	1	2	821	000	000	2	1	47000938
C2320	01	1	1	1	611	361	361	4	1	102048405
C2321	01	1	1	2	936	321	111	3	1	55232019
C2321	02	1	1	2	936	031	311	3	1	50240476
C2326	01	2	1	1	021	111	111	3	1	96748247
C2326	02	2	1	1	514	516	000	1	1	103939557
C2333	01	1	1	2	936	000	000	2	2	40656773
C2333	03	1	1	2	611	000	000	2	2	56400552
C2334	01	1	2	1	910	111	111	3	1	108045967
C2334	02	1	2	1	910	031	111	2	1	99226655
C2334	03	1	2	1	519	031	212	2	1	139201726
C2346	01	3	2	1	381	000	000	2	1	155034976
C2346	03	3	2	1	021	362	111	2	2	265982043
C2351	01	2	2	2	031	000	000	3	1	47758113
C2354	01	2	2	1	031	936	936	4	1	114258157
C2354	02	2	2	1	812	936	936	4	1	121962879
C2357	03	1	2	2	920	920	111	2	1	116166242
C2357	05	1	2	2	519	000	212	1	1	116166242
C2358	01	1	2	1	512	111	111	1	1	102648681
C2359	01	1	2	2	811	000	031	2	2	39435888
C2359	02	1	2	2	519	000	000	3	1	45416551
C2360	01	1	2	1	384	311	000	2	2	124746190
C2360	02	1	2	1	311	936	000	3	1	201377002
C2362	01	3	2	1	940	821	032	2	1	142511942
C2362	03	3	2	1	910	950	324	1	1	247156251
C2364	02	3	2	2	950	312	312	1	1	49002386
C2369	01	3	2	2	111	000	000	1	1	47758113
C2374	01	3	2	1	519	032	032	3	1	117168159
C2377	01	2	2	1	311	322	424	2	2	102048405
C2382	01	1	2	2	611	321	000	2	1	52425612
C2382	02	1	2	2	021	980	000	2	1	77024183
C2397	01	1	3	1	611	312	000	1	1	101666575
C2397	02	1	3	1	519	000	311	2	1	101666575
C2401	01	3	3	1	821	021	111	2	1	113752586
C2402	01	3	3	1	611	000	000	2	1	122232782
C2408	01	1	3	2	936	000	000	3	1	39435888
C2408	02	1	3	2	611	000	000	2	1	45416551
C2409	01	3	3	1	021	000	111	3	1	136543687
C2409	02	3	3	1	910	000	111	2	1	154006495
C2409	03	3	3	1	960	000	000	2	1	139287255
C2411	01	3	3	1	383	353	384	2	2	109953769
C2412	01	3	3	2	821	339	311	3	1	30272909
C2414	01	3	3	1	960	332	111	2	1	107038217
C2414	03	3	3	1	615	000	111	2	1	116551825
C2417	01	1	3	2	940	031	111	2	1	66831765
C2417	02	1	3	2	960	000	321	2	1	70473857
C2417	03	1	3	2	513	031	950	1	1	78235082
C2417	04	1	3	2	011	910	111	3	2	92711450
C2421	01	3	4	2	519	910	111	2	2	40484314
C2421	02	3	4	2	529	000	960	1	2	53258891
C2421	03	3	4	2	021	950	361	2	1	53258891
C2422	01	3	4	2	011	960	960	2	2	64208200
C2425	01	3	4	2	382	821	516	2	2	31270766
C2425	02	3	4	2	383	312	000	3	1	28996214
C2427	01	3	4	1	619	910	312	2	1	127683158
C2429	01	1	4	2	821	111	000	2	1	44220355
C2431	01	1	4	1	516	936	000	2	1	102648681
C2446	01	2	4	1	352	361	936	3	1	94384030
C2446	02	2	4	1	021	936	361	3	1	80669863
C2448	01	2	4	2	383	021	950	2	2	41335178
C2448	02	2	4	2	950	950	031	2	2	37333194
C2449	01	2	4	1	611	329	343	2	1	68010361
C2453	02	3	1	2	031	311	821	3	1	31910063
C2456	01	3	1	2	611	000	000	3	1	33436806
C2456	02	3	1	2	611	000	000	2	1	31708790
C2460	01	2	1	2	812	000	000	3	1	38644100
C2469	02	3	1	1	311	111	111	2	1	119628243
C2470	01	3	1	2	361	331	000	2	2	35169599
C2470	02	3	1	2	361	000	000	1	2	37086217
C2470	03	3	1	2	000	000	000	2	1	48788545
C2470	04	3	1	2	000	000	000	2	1	48788545
C2475	02	1	1	1	511	332	361	3	1	105081720
C2476	01	1	1	2	611	821	000	2	1	50057756
C2477	01	2	1	1	031	011	361	2	1	80669863
C2478	01	2	1	2	940	361	312	2	1	29546951
C2478	02	2	1	2	611	000	000	3	1	27319427
C2480	01	2	1	2	960	331	312	2	1	41137660
C2480	02	2	1	2	910	910	111	3	1	50488782
C2480	03	2	1	2	614	221	000	2	1	48754403
C2480	04	2	1	2	812	021	212	2	1	50775406
C2481	01	1	1	2	910	332	000	2	1	44905022
C2481	04	1	1	2	920	211	212	2	1	53624526
C2489	01	2	1	2	950	331	011	3	1	38644100
C2491	01	2	1	2	021	000	111	2	2	47154212
C2491	02	2	1	2	021	321	900	1	2	42588842
C2492	01	2	1	1	900	425	000	2	2	149713155
C2492	03	2	1	1	031	111	000	2	1	138746424
C2494	01	2	1	1	000	000	000	2	1	94266568
C2494	02	2	1	1	311	381	381	2	2	87361389
C2498	01	2	1	2	910	111	111	3	2	33436806
C2501	01	2	2	2	950	000	000	2	1	31910063
C2501	02	2	2	2	512	000	000	2	1	36749394
C2502	01	2	2	2	936	000	000	3	1	35075773
C2502	02	2	2	2	821	000	000	3	1	37935720
C2502	03	2	2	2	000	000	000	3	1	40395201
C2507	01	2	2	1	938	910	111	1	1	76960993
C2507	02	2	2	1	938	031	111	1	2	83801322
C2507	03	2	2	1	526	960	000	2	2	107965980
C2507	04	2	2	1	616	960	324	2	2	101552561
C2508	01	2	2	2	615	000	111	2	1	32065616
C2512	01	3	2	2	519	111	111	2	2	27967776
C2512	02	3	2	2	615	381	381	2	2	27893891
C2518	01	2	2	2	611	332	000	2	1	32875000
C2518	02	2	2	2	611	312	821	2	1	34666571
C2520	01	2	2	2	021	321	439	2	1	30908223
C2520	02	2	2	2	940	940	311	2	1	32912091
C2521	01	2	2	2	021	343	343	5	2	30569060
C2525	01	3	2	1	615	331	111	3	1	82651168
C2525	02	3	2	1	011	031	111	2	1	90976016
C2525	03	3	2	1	529	011	000	1	2	115948535
C2526	01	3	2	1	000	000	111	3	1	119711510
C2526	04	3	2	1	910	000	910	3	1	109939991
C2526	05	3	2	1	000	111	000	2	1	121013443
C2526	06	3	2	1	950	960	611	3	1	145069435
C2530	02	3	2	2	531	381	000	2	1	50600746
C2530	03	3	2	2	519	735	000	4	1	66567501
C2531	01	3	2	1	111	312	111	2	1	82961872
C2534	01	1	2	2	821	321	000	3	1	31708790
C2534	02	1	2	2	111	331	000	2	2	33436806
C2538	01	2	2	2	960	821	000	1	1	35144988
C2538	02	2	2	2	960	361	000	1	1	37060264
C2540	01	2	2	2	525	111	111	2	1	27754925
C2544	01	3	2	2	021	000	311	2	1	35144988
C2544	02	3	2	2	011	531	311	2	1	37060264
C2544	03	3	2	2	011	021	611	2	1	48754403
C2544	04	3	2	2	529	000	000	1	1	50775406
C2546	02	2	2	1	000	000	000	2	2	78223165
C2549	01	2	3	1	343	000	111	2	1	90813263
C2550	01	2	3	2	519	522	111	2	2	31556505
C2553	01	2	3	2	383	321	321	2	1	27893891
C2554	02	2	3	1	616	940	425	3	2	68865637
C2558	01	2	3	2	212	321	324	3	1	31557854
C2574	01	2	3	2	311	821	343	2	1	29478615
C2576	01	2	3	1	311	111	111	3	1	52118900
C2576	02	2	3	1	519	321	000	1	2	73115846
C2578	01	2	3	1	111	344	111	2	1	88557814
C2578	02	2	3	1	000	311	111	2	1	94529497
C2586	01	2	3	1	938	531	000	2	1	344846048
C2586	04	2	3	1	515	031	000	2	1	379787793
C2586	05	2	3	1	516	000	000	2	1	549638702
C2588	02	2	3	2	611	312	000	1	2	45324614
C2589	01	3	3	1	519	221	221	1	1	98299579
C2589	02	3	3	1	031	031	000	4	1	86090246
C2590	01	3	3	2	341	000	000	1	1	53360136
C2590	02	3	3	2	821	000	000	3	1	50602481
C2591	01	3	3	2	525	332	000	2	1	31910063
C2606	01	3	4	1	514	000	000	2	1	79094430
C2608	01	3	4	1	031	111	111	3	1	90398680
C2608	02	3	4	1	936	311	361	2	1	83019838
C2608	03	3	4	1	936	000	212	2	1	109547407
C2608	04	3	4	1	516	212	212	3	1	109547407
C2611	01	3	4	1	910	000	000	3	1	68865637
C2611	02	3	4	1	812	321	000	2	1	131884747
C2617	01	3	4	2	732	311	311	2	2	11306133
C2629	01	3	1	1	344	339	344	2	1	21687726
C2629	02	3	1	1	344	111	111	3	1	23615342
C2630	01	3	1	1	511	000	111	2	1	28555692
C2630	03	3	1	1	938	910	938	2	1	26463941
C2631	02	3	1	2	021	332	111	2	1	11778023
C2637	01	3	1	2	613	000	000	2	1	13844900
C2645	01	2	1	2	512	000	000	2	1	11306133
C2646	01	2	1	2	512	000	000	2	1	18024857
C2646	02	2	1	2	910	111	111	3	1	16238307
C2646	03	2	1	2	910	000	000	3	1	15057176
C2649	01	3	1	1	819	111	111	2	1	21687726
C2649	02	3	1	1	821	111	111	3	1	23615342
C2650	01	3	1	2	021	000	000	3	1	11306133
C2661	01	2	2	2	613	939	339	1	1	12104498
C2661	02	2	2	2	613	111	000	1	1	13402057
C2664	01	2	2	1	812	000	000	2	1	29724186
C2664	02	2	2	1	611	321	000	2	1	25405209
C2665	01	2	2	1	424	000	821	2	1	29724186
C2665	02	2	2	1	424	000	311	2	2	25405209
C2666	01	2	2	2	611	000	000	1	1	13166090
C2668	01	2	2	2	111	000	111	3	1	17985379
C2668	02	2	2	2	000	000	000	2	2	14205610
C2669	01	3	2	2	611	936	000	1	1	8781852
C2669	02	3	2	2	383	361	000	1	1	9260432
C2675	01	3	2	1	000	362	342	4	1	48134523
C2675	02	3	2	1	000	000	000	2	1	43729927
C2675	03	3	2	1	000	000	000	3	1	47616664
C2678	02	3	2	1	021	031	111	3	1	55493419
C2679	01	3	2	2	821	910	910	3	1	11679257
C2679	02	3	2	2	821	910	000	2	1	12348357
C2681	01	3	2	2	611	321	221	1	2	11979299
C2681	02	3	2	2	611	321	221	1	2	11360208
C2686	01	3	2	1	221	000	000	1	1	31073709
C2687	01	3	2	1	384	321	382	2	1	13815298
C2689	01	3	2	2	425	425	425	4	2	11306133
C2690	01	3	2	2	611	329	000	2	1	12961548
C2692	01	3	2	1	425	000	940	3	1	29835878
C2694	01	2	2	1	359	000	000	2	1	29724186
C2696	01	2	2	2	519	000	321	1	2	12242480
C2696	02	2	2	2	529	000	000	1	2	15025354
C2701	03	3	3	2	513	331	111	2	2	13591111
C2702	01	3	3	2	519	000	000	2	1	13945832
C2703	01	3	3	1	731	312	032	2	2	25405209
C2703	02	3	3	1	731	321	939	2	2	29724186
C2706	01	2	3	2	512	936	000	1	2	10951881
C2707	03	2	3	1	021	392	392	2	2	36540967
C2707	04	2	3	1	021	312	392	2	2	46335854
C2708	01	2	3	2	519	312	936	2	2	11306133
C2716	01	3	3	1	021	516	111	4	1	27539718
C2719	01	3	3	2	021	331	000	1	1	11306133
C2720	01	3	3	1	611	522	000	2	1	21687726
C2721	01	2	3	2	021	111	000	2	1	10776634
C2722	01	2	3	1	821	384	361	2	1	21164338
C2725	01	3	3	2	000	000	000	1	1	11791312
C2725	02	3	3	2	000	950	000	1	2	12961548
C2727	01	3	3	2	939	312	995	2	1	11306133
C2730	01	2	3	1	021	511	515	2	1	46230554
C2730	02	2	3	1	615	384	111	2	1	30749469
C2733	01	3	3	1	960	312	111	2	1	24237182
C2733	02	3	3	1	619	312	111	2	1	26391394
C2733	03	3	3	1	619	212	000	2	1	34001524
C2733	04	3	3	1	619	212	000	2	1	31981758
C2736	01	3	3	2	621	722	000	1	1	13166090
C2736	02	3	3	2	621	821	000	2	1	11432318
C2737	01	3	4	1	512	321	000	2	1	25405209
C2737	02	3	4	1	812	000	000	3	1	29724186
C2743	01	2	4	1	940	321	000	3	1	24909061
C2746	01	2	4	1	960	000	111	1	1	21687726
C2746	02	2	4	1	960	000	000	1	1	23615342
C2748	01	2	4	2	936	031	938	2	1	17312056
C2748	02	2	4	2	611	910	111	3	1	14788701
C2748	03	2	4	2	384	361	361	2	2	14460321
C2749	01	2	4	2	111	011	111	1	1	106458419
C2750	01	2	4	2	519	910	111	1	2	69041488
C2769	02	1	1	1	612	384	384	3	1	202243824
C2769	03	1	1	1	920	211	212	1	1	245084180
C2770	01	1	1	2	111	000	031	2	1	72421522
C2770	02	1	1	2	611	000	031	2	1	77116816
C2770	03	1	1	2	614	329	000	2	2	100465765
C2781	01	3	1	2	021	000	910	3	1	96345755
C2781	02	3	1	2	383	321	000	2	1	87017765
C2788	01	2	1	2	424	111	111	2	2	89981763
C2791	01	1	1	2	616	312	000	1	2	125176872
C2791	02	1	1	2	611	516	000	2	2	113057515
C2795	01	3	2	1	821	331	324	2	1	165659868
C2795	02	3	2	1	821	111	381	3	1	176830741
C2795	03	3	2	1	821	920	920	2	1	227821038
C2801	01	1	2	1	615	311	000	2	1	181253110
C2807	01	2	2	1	611	321	000	2	1	173743024
C2808	01	2	2	2	733	031	031	3	1	84334887
C2808	02	2	2	2	821	391	391	3	1	73947087
C2810	01	1	2	1	021	111	111	2	1	172949849
C2810	02	1	2	1	021	321	000	3	2	158832721
C2811	01	1	2	2	021	111	111	2	1	103795635
C2811	02	1	2	2	392	321	000	2	1	109452127
C2814	02	3	2	2	512	321	000	3	1	71615615
C2822	01	3	2	1	021	111	111	2	1	663298038
C2822	05	3	2	1	515	211	211	2	1	803801336
C2822	06	3	2	1	511	211	211	2	1	803801336
C2829	01	2	3	1	344	111	111	2	1	182107287
C2832	01	2	3	2	011	311	321	1	1	78295885
C2832	02	2	3	2	522	950	950	1	2	74249550
C2833	01	2	3	1	611	321	000	2	1	151322670
C2835	01	2	3	2	383	000	000	2	2	144993451
C2837	02	1	3	2	512	111	000	3	2	75518410
C2841	01	2	3	1	000	312	000	3	1	151322670
C2844	01	2	3	1	519	519	000	1	2	151322670
C2849	01	2	3	1	611	031	910	2	1	143463319
C2853	01	2	3	1	512	000	512	2	2	181253110
C2855	01	2	3	2	344	000	514	2	1	90988712
C2855	02	2	3	2	000	000	000	1	1	91637874
C2856	01	2	3	2	021	361	111	2	1	83643570
C2856	02	2	3	2	021	111	910	2	1	79320866
C2856	03	2	3	2	515	021	031	2	1	114598108
C2856	04	2	3	2	821	212	212	2	1	114598108
C2857	01	1	3	2	611	321	361	2	1	56564752
C2859	01	1	3	2	960	031	821	3	1	72070199
C2869	01	2	4	1	711	111	111	2	1	142884303
C2870	01	2	4	1	611	321	000	2	1	141542053
C2870	02	2	4	1	429	000	429	2	2	155798549
C2873	01	3	4	1	940	341	000	2	1	180574579
S0006	01	1	4	2	381	312	910	3	1	38057252
S0006	02	1	4	2	111	381	910	2	1	38733785
S0006	03	1	4	2	831	311	312	3	1	48380872
S0007	01	1	4	2	821	361	361	3	1	42863069
S0007	02	1	4	2	821	312	425	3	1	41613613
S0008	01	1	4	2	516	331	031	1	1	52978772
S0008	02	1	4	2	021	311	311	2	1	50988793
S0009	01	1	4	1	021	312	111	2	1	60238135
S0009	02	1	4	1	011	312	031	2	1	63964849
S0009	03	1	4	1	614	111	111	1	1	92552342
S0009	04	1	4	1	614	211	211	2	1	92552342
S0010	01	1	4	1	021	936	515	3	1	74748980
S0013	01	1	4	2	031	111	111	2	1	47797504
S0015	01	1	4	2	960	021	011	2	2	41613613
S0017	01	1	4	1	531	031	111	2	1	107041608
S0018	01	1	4	1	821	031	311	2	1	74748980
S0019	01	1	4	1	031	910	111	3	1	68593445
S0019	02	1	4	1	021	381	811	3	1	94416205
S0024	01	1	4	2	514	361	321	3	1	41154300
S0028	01	1	4	2	031	939	900	2	2	37466795
S0028	02	1	4	2	021	910	111	2	1	36034258
S0028	03	1	4	2	611	212	920	2	1	48293899
S0035	01	1	4	1	000	000	000	2	1	74748980
S0039	01	1	4	2	732	512	512	2	2	28057693
S0039	02	1	4	2	512	311	000	4	2	37040961
S0040	03	1	4	2	529	000	000	2	1	144806060
S0040	04	1	4	2	432	000	000	2	1	154684983
S0040	05	1	4	2	000	111	111	3	1	85899110
S0049	01	1	1	1	519	352	910	3	1	124503350
S0050	01	1	1	1	519	321	000	2	1	71506090
S0050	02	1	1	1	031	011	000	3	1	70711873
S0053	02	1	1	2	960	000	000	3	1	55737943
S0054	01	1	1	2	361	000	000	2	1	45074025
S0054	02	1	1	2	821	321	361	2	1	43380962
S0064	01	1	1	2	711	000	000	2	1	44358376
S0066	01	1	1	1	021	111	111	2	1	143649569
S0066	04	1	1	1	516	211	212	2	1	205905719
S0067	01	1	1	1	384	000	000	2	1	68241799
S0067	02	1	1	1	739	213	213	2	1	97817048
S0076	01	1	1	2	821	821	000	3	1	41154300
S0077	01	1	1	2	000	000	000	1	1	72263199
S0077	02	1	1	2	000	000	000	2	2	69134794
S0077	03	1	1	2	000	000	211	3	2	132897800
S0078	01	1	1	2	519	111	111	3	2	43334646
S0080	01	1	1	2	514	000	000	2	1	27451599
S0080	02	1	1	2	039	012	012	4	2	34288730
S0086	01	1	1	2	383	000	000	2	1	44561416
S0090	01	1	1	1	711	331	000	2	1	77806964
S0090	02	1	1	1	344	221	000	2	1	82687473
S0099	02	1	1	1	311	339	332	3	1	152361739
S0099	03	1	1	1	732	211	920	3	1	241274420
S0113	01	1	1	1	611	111	111	3	1	85636487
S0117	01	1	1	2	000	000	000	4	2	36059422
S0117	02	1	1	2	519	821	000	2	1	37492960
S0117	03	1	1	2	211	031	000	2	1	45040429
S0118	01	1	1	2	011	312	000	2	2	36137695
S0118	02	1	1	2	711	425	000	2	2	34755976
S0119	01	1	1	2	514	821	821	3	1	33506719
S0120	01	1	1	2	821	000	000	2	1	44358376
S0127	03	1	1	2	611	339	339	2	1	41613613
S0140	01	1	1	2	021	031	000	2	1	42165470
S0141	01	1	1	2	821	361	910	3	1	33506719
S0150	01	1	2	2	611	321	000	1	1	41765613
S0153	01	1	2	1	432	000	000	2	1	91830257
S0155	01	1	2	1	812	821	000	3	1	145019217
S0155	02	1	2	1	711	000	000	3	1	127240299
S0159	01	1	2	2	513	000	000	1	2	42863069
S0159	02	1	2	2	513	312	000	1	2	41613613
S0161	01	1	2	1	111	000	000	2	1	91830257
S0168	01	1	2	2	344	321	321	2	1	38387387
S0170	01	1	2	1	031	031	111	2	1	71506090
S0170	02	1	2	1	324	000	910	2	1	70711873
S0171	01	1	2	1	011	910	111	3	1	82998284
S0174	01	1	2	2	821	321	000	4	1	44358376
S0175	01	1	2	2	021	821	000	4	1	44358376
S0180	01	1	2	2	511	111	111	2	1	213888727
S0180	02	1	2	2	821	339	000	3	1	107291602
S0180	04	1	2	2	515	211	211	2	1	368236714
S0181	01	1	2	2	910	111	111	2	1	27432888
S0183	01	1	2	2	821	321	111	2	1	39244899
S0188	01	1	2	2	021	000	111	3	1	77967850
S0192	01	1	2	2	511	511	000	2	1	52904535
S0192	02	1	2	2	392	321	000	3	1	54969282
S0192	03	1	2	2	734	735	000	2	1	67255712
S0193	01	1	2	1	424	032	032	2	1	76237858
S0193	02	1	2	1	424	000	000	3	1	91486485
S0197	02	1	2	2	011	111	910	3	1	55465334
S0198	02	1	2	2	731	000	321	3	1	41613613
S0201	01	1	2	1	512	000	000	1	2	62533445
S0201	02	1	2	1	513	000	000	1	2	63235804
S0204	01	1	2	2	514	111	111	3	2	41765613
S0205	01	1	2	2	812	111	111	2	1	59982087
S0209	01	1	2	1	910	910	111	3	1	275678702
S0209	04	1	2	1	732	211	212	3	1	170938179
S0217	02	1	2	1	821	343	910	2	1	177050904
S0219	02	1	2	1	910	111	938	3	1	79756143
S0220	01	1	2	2	021	980	980	1	2	40742077
S0220	02	1	2	2	511	821	000	2	2	43902108
S0225	01	1	2	1	910	111	000	3	1	76220783
S0225	02	1	2	1	920	920	000	3	1	109254037
S0225	03	1	2	1	821	211	000	3	1	103776302
S0226	02	1	2	1	522	910	000	1	2	208884552
S0234	01	1	2	1	960	312	312	3	1	76237858
S0234	02	1	2	1	936	031	821	3	1	91486485
S0236	03	1	2	2	938	129	361	2	1	169423875
S0236	04	1	2	2	611	321	339	2	1	180982268
S0244	01	1	3	2	343	910	111	3	1	33506719
S0248	02	1	3	2	611	000	000	1	2	54718167
S0249	01	1	3	1	384	000	000	2	1	68121463
S0252	01	1	3	2	812	000	000	2	1	56423885
S0252	03	1	3	2	341	000	111	3	1	52362548
S0257	01	1	3	1	821	111	111	3	1	58238176
S0257	02	1	3	1	812	031	031	3	1	77838099
S0259	01	1	3	1	512	000	950	1	2	70711873
S0266	01	1	3	1	021	321	000	2	1	76237858
S0266	02	1	3	1	021	031	000	2	1	91486485
S0267	01	1	3	1	519	032	032	2	2	58238176
S0268	01	1	3	2	111	321	111	2	1	41765613
S0269	01	1	3	2	021	000	000	2	1	41613613
S0269	02	1	3	2	021	000	000	2	1	42863069
S0272	01	1	3	2	039	511	511	2	2	50988793
S0275	01	1	3	1	812	000	000	2	1	93689560
S0276	01	1	3	2	612	111	111	1	1	73078442
S0279	01	1	3	2	529	000	000	2	1	50988793
S0280	01	1	3	2	383	312	031	1	1	58015170
S0280	02	1	3	2	383	311	000	1	1	61973066
S0282	01	1	3	1	344	311	032	3	1	74748980
S0286	01	1	3	2	512	950	000	1	2	53095406
S0291	01	1	3	1	821	910	000	3	1	85636487
S0294	01	1	3	2	519	950	950	1	2	53095406
S0295	01	1	3	2	611	960	321	2	2	47797504
S0298	01	1	3	1	615	325	361	2	1	71506090
S0299	01	1	3	1	950	000	312	2	1	74748980
S0300	01	1	3	2	344	321	311	2	1	88612889
S0302	01	1	3	2	950	321	361	2	1	80575553
S0306	01	1	3	1	000	321	821	3	1	74748980
S0316	01	1	3	2	411	000	000	2	2	52978772
S0321	01	1	3	1	731	311	311	2	1	91830257
S0324	01	1	3	2	514	936	031	3	1	41613613
S0329	02	1	3	1	511	343	000	1	1	109058392
S0329	03	1	3	1	021	321	000	2	1	217283136
S0329	04	1	3	1	735	000	000	2	2	258043346
S0333	01	1	3	2	516	312	000	4	2	47797504
S0340	01	1	3	2	021	000	000	2	1	35147093
S0341	02	1	3	2	381	032	000	2	2	78119359
S0343	01	1	3	2	311	312	000	3	1	33506719
S0348	01	1	4	2	511	111	910	2	1	43380962
S0348	02	1	4	2	519	312	950	2	1	78119359
S0349	03	1	4	2	960	111	111	2	1	48150521
S0349	04	1	4	2	615	920	211	3	1	48150521
S0351	02	1	4	2	611	311	312	2	1	101115945
S0357	01	1	4	2	021	111	111	3	2	66944003
S0357	02	1	4	2	615	321	000	3	1	108613195
S0357	04	1	4	2	011	950	000	2	2	64429464
S0360	01	1	4	2	031	000	000	1	1	36137695
S0360	02	1	4	2	021	000	000	2	1	34755976
S0365	01	1	4	2	424	312	000	2	1	41154300
S0367	01	1	4	2	512	321	321	1	1	41613613
S0367	02	1	4	2	732	000	000	1	1	42863069
S0370	01	1	4	1	344	111	910	2	1	90342126
S0374	01	1	4	2	831	311	039	4	2	42165470
S0380	01	1	4	2	513	000	000	1	2	89903625
S0380	02	1	4	2	513	000	000	1	1	93477731
S0382	01	1	4	2	713	000	000	4	1	41154300
S0383	01	1	4	2	361	000	000	2	1	33657201
S0388	01	1	4	2	615	000	111	3	1	47797504
S0392	01	1	4	2	519	021	343	2	2	42165470
S0397	01	1	4	2	512	312	312	1	1	57781514
S0397	02	1	4	2	732	313	321	2	1	65471700
S0401	01	1	4	1	111	910	910	2	1	100134591
S0401	03	1	4	1	011	021	910	1	1	101259275
S0405	01	1	4	2	021	910	111	2	1	33930355
S0405	02	1	4	2	611	311	381	1	1	35254582
S0406	01	1	4	2	812	312	312	4	2	56165181
S0406	02	1	4	2	821	031	031	3	1	63640247
S0406	03	1	4	2	031	312	312	3	1	58398020
S0406	04	1	4	2	523	960	000	1	2	75273800
S0406	05	1	4	2	960	031	031	2	1	70153754
S0413	01	1	4	2	519	000	000	2	2	42937521
S0413	03	1	4	2	381	722	111	3	1	44613277
S0415	01	1	4	2	000	312	811	2	1	38351365
S0419	01	1	4	1	514	321	011	2	1	71300208
S0425	01	1	4	1	812	000	000	2	1	75378235
S0425	02	1	4	1	819	000	000	2	1	76224862
S0425	03	1	4	1	021	920	211	3	2	96770237
S0427	01	1	4	1	512	312	032	1	2	72720392
S0427	02	1	4	1	512	950	000	1	2	87265477
S0434	01	1	1	1	519	321	950	4	2	101720425
S0434	02	1	1	1	411	021	940	3	2	77606634
S0436	01	1	1	2	521	910	000	2	2	63182160
S0458	01	1	1	1	000	000	000	2	1	68206938
S0460	01	1	1	2	000	936	371	2	1	24589066
S0460	02	1	1	2	512	910	000	2	2	32954803
S0460	03	1	1	2	821	211	211	3	1	30713251
S0461	01	1	1	2	812	000	000	2	2	28969239
S0462	01	1	1	2	381	021	000	1	1	42454264
S0471	01	1	1	2	311	331	031	2	1	47616747
S0471	02	1	1	2	011	111	000	2	1	31243929
S0472	01	1	1	2	812	000	425	3	2	31243929
S0472	02	1	1	2	425	000	000	3	2	30049322
S0473	01	1	1	1	950	936	936	2	1	71300208
S0474	01	1	1	1	011	111	111	3	1	67449366
S0474	02	1	1	1	011	111	111	3	1	68206938
S0477	01	1	1	2	021	000	000	1	1	23214487
S0478	01	1	1	2	425	344	000	2	1	28969239
S0485	01	1	1	2	611	321	000	2	1	44083891
S0486	01	1	1	2	519	111	000	1	1	38351365
S0491	02	1	1	1	711	111	111	2	1	67449366
S0494	01	1	1	2	000	960	021		2	30915470
S0494	04	1	1	2	383	960	021	1	2	29754228
S0495	01	1	1	2	021	000	000	2	1	39929773
S0495	02	1	1	2	000	000	000	2	1	44706041
S0497	01	1	1	1	511	032	000	3	1	108812679
S0497	02	1	1	1	821	031	111	3	1	107604099
S0500	02	1	1	2	341	312	000	1	1	86632228
S0500	03	1	1	2	512	000	000	1	1	79409569
S0507	01	1	1	1	711	111	000	3	1	107604099
S0507	02	1	1	1	311	000	000	2	1	108812679
S0507	03	1	1	1	514	111	000	2	1	125137635
S0518	02	1	1	2	514	111	000	1	1	65556757
S0519	01	1	1	2	021	000	000	2	2	31243929
S0519	02	1	1	2	821	332	332	2	1	30049322
S0522	01	1	1	1	616	321	111	2	1	81685387
S0530	01	1	1	1	531	321	362	2	2	102102917
S0531	01	1	1	1	344	311	000	2	2	71300208
S0536	01	1	1	2	021	000	381	2	1	20962662
S0545	01	1	2	1	611	000	000	2	1	87265477
S0545	02	1	2	1	611	000	000	2	1	72720392
S0547	02	1	2	1	383	381	000	2	1	47992621
S0552	01	1	2	2	938	381	381	3	2	33282382
S0552	02	1	2	2	960	000	000	3	2	34605518
S0552	03	1	2	2	031	031	938	3	2	44605774
S0552	04	1	2	2	900	032	032	3	2	44605774
S0557	01	1	2	2	910	111	111	5	2	38532264
S0558	01	1	2	2	021	212	000	1	1	35739299
S0558	02	1	2	2	011	343	000	1	2	36374627
S0562	01	1	2	1	831	321	000	3	2	87593388
S0564	01	1	2	2	519	000	000	2	1	35581185
S0566	01	1	2	2	000	531	000	2	1	38351365
S0567	01	1	2	2	021	341	341	2	1	33329011
S0567	02	1	2	2	021	031	031	2	1	34654002
S0567	03	1	2	2	311	950	950	1	1	41629978
S0571	02	1	2	1	531	910	910	2	1	82721988
S0575	01	1	2	2	424	000	000	1	1	35581185
S0584	01	1	2	2	021	980	980	1	2	28969239
S0589	01	1	2	2	425	425	000	2	2	41324767
S0590	01	1	2	2	344	031	000	3	1	23717927
S0590	02	1	2	2	512	221	000	3	1	31787283
S0592	01	1	2	2	611	936	000	1	2	29290653
S0592	02	1	2	2	021	000	000	1	2	33188968
S0593	01	1	2	1	011	032	111	3	1	79168905
S0604	01	1	2	2	221	920	021	2	1	31154499
S0604	02	1	2	2	011	111	000	3	1	32393042
S0607	01	1	2	2	021	000	111	1	1	37825540
S0611	01	1	2	1	425	910	000	2	1	67449366
S0611	02	1	2	1	000	000	371	3	1	68206938
S0612	01	1	2	2	031	111	111	2	1	63182160
S0613	01	1	2	2	311	111	111	3	1	32393042
S0613	02	1	2	2	425	514	425	5	2	31154499
S0613	03	1	2	2	000	000	531	3	2	41753940
S0614	01	1	2	2	111	021	000	3	2	45251501
S0614	02	1	2	2	011	311	000	2	1	43521317
S0622	01	1	2	2	519	111	111	2	1	30049322
S0622	02	1	2	2	011	311	111	3	2	31243929
S0627	01	1	2	1	812	361	960	2	1	55771943
S0627	02	1	2	1	519	311	339	2	2	55771943
S0628	01	1	2	2	812	312	000	3	1	63182160
S0632	01	1	2	2	512	321	000	1	1	28969239
S0636	01	1	2	2	950	910	910	2	1	54988796
S0638	01	1	2	2	611	529	000	2	1	28969239
S0639	01	1	2	2	021	321	000	2	1	33305688
S0639	02	1	2	2	021	352	000	3	2	34629751
S0639	03	1	2	2	900	212	212	3	1	44637009
S0640	01	1	2	2	611	321	000	2	1	74315258
S0641	03	1	3	1	021	111	381	2	2	205949272
S0641	04	1	3	1	511	021	111	2	2	311955447
S0654	01	1	3	2	512	000	000	2	1	35581185
S0661	01	1	3	2	519	000	000	2	1	35581185
S0665	01	1	3	1	000	000	000	3	1	102277405
S0665	02	1	3	1	938	000	000	2	1	82926175
S0666	01	1	3	1	612	111	000	3	1	121625433
S0669	01	1	3	2	011	312	000	1	1	33305688
S0669	02	1	3	2	529	000	000	1	1	34629751
S0675	01	1	3	1	021	111	000	3	1	81685387
S0684	01	1	3	2	311	371	021	3	1	39929773
S0684	02	1	3	2	021	000	000	2	1	44706041
S0691	01	1	3	1	311	000	000	2	1	87265477
S0708	01	1	3	2	611	111	111	3	1	31243929
S0708	02	1	3	2	111	111	000	2	1	30049322
S0711	01	1	3	2	811	000	312	3	2	33305688
S0711	02	1	3	2	812	000	980	2	1	34629751
S0712	01	1	3	2	611	000	000	2	1	35978298
S0712	02	1	3	2	611	000	000	2	1	37058553
S0714	01	1	3	1	383	331	938	2	1	75039151
S0719	01	1	3	2	021	950	950	1	1	36455423
S0720	01	1	3	2	511	000	000	2	1	35978298
S0720	02	1	3	2	221	722	722	3	1	37058553
S0731	01	1	3	1	519	000	321	1	2	97952121
S0731	02	1	3	1	519	000	000	2	2	96864169
S0731	05	1	3	1	821	960	960	2	1	124353782
S0733	02	1	3	2	910	000	000	2	1	47616747
S0736	01	1	3	2	383	311	000	1	2	30915470
S0736	02	1	3	2	512	321	000	2	2	50158757
S0745	01	1	4	1	615	938	371	1	1	76129812
S0750	01	1	4	2	938	361	311	3	1	56769358
S0750	02	1	4	2	381	000	000	3	1	60642262
S0751	01	1	4	2	529	321	722	1	2	44844314
S0751	02	1	4	2	821	000	000	2	1	48869863
S0751	03	1	4	2	519	321	321	3	1	47445309
S0756	01	1	4	2	940	000	512	3	2	36374627
S0761	01	1	4	1	011	000	111	3	2	79168905
S0762	01	1	4	1	531	324	000	2	2	67110074
S0762	02	1	4	1	980	000	000	2	2	58882581
S0768	01	1	4	2	021	312	221	2	1	31243929
S0768	02	1	4	2	511	821	000	1	1	30049322
S0776	01	1	4	2	021	321	000	2	1	38351365
S0779	01	1	4	1	831	000	000	3	1	87593388
S0780	01	1	4	2	354	312	000	2	2	34178373
S0789	01	1	4	2	512	514	312	4	1	28969239
S0790	01	1	4	2	821	325	361	3	1	24589066
S0790	02	1	4	2	821	129	111	2	1	32954803
S0794	01	1	4	1	513	312	111	2	1	75039151
S0794	02	1	4	1	513	031	111	2	1	60841490
S0800	01	1	4	2	031	321	111	3	1	37506313
S0800	02	1	4	2	383	111	910	2	1	38970101
S0802	01	1	4	1	524	960	960	2	1	165047206
S0811	01	1	4	1	021	031	011	3	1	58470849
S0815	01	1	4	2	611	950	021	2	1	27547791
S0815	02	1	4	2	381	011	021	2	1	28622920
S0816	01	1	4	2	512	514	514	2	1	31137174
S0825	01	1	4	1	722	000	000	2	1	64923697
S0832	01	1	4	2	734	312	312	1	1	42104172
S0836	01	1	1	2	361	000	000	1	1	23780852
S0836	02	1	1	2	719	111	000	1	1	26945864
S0837	01	1	4	2	611	021	021	2	1	31137174
S0870	01	1	1	2	021	361	353	3	1	30087550
S0870	02	1	1	2	361	000	000	3	1	29210499
S0877	01	1	1	2	000	000	000	3	1	23519900
S0878	01	1	1	2	011	000	000	3	1	30087550
S0878	02	1	1	2	831	000	000	3	1	29210499
S0884	01	1	1	2	111	000	111	2	1	29317195
S0890	01	1	1	1	361	332	000	2	1	55239491
S0896	01	1	1	2	950	000	821	2	1	28888087
S0897	01	1	1	1	611	000	000	2	1	71832325
S0899	01	1	1	1	831	000	000	3	1	58470849
S0907	01	1	1	1	111	000	000	2	1	83731092
S0910	02	1	1	2	611	000	000	3	1	35339320
S0910	03	1	1	2	611	000	000	2	1	34309181
S0916	01	1	1	2	950	031	000	2	1	18050555
S0918	01	1	1	2	111	000	000	3	1	39326615
S0926	02	1	1	2	519	321	324	2	1	28888087
S0930	02	1	1	1	516	000	000	3	1	69105152
S0937	01	1	1	1	512	321	321	4	1	71832325
S0939	01	1	1	1	424	000	000	1	2	59635493
S0939	02	1	1	1	950	000	000	1	2	71563417
S0944	01	1	1	2	611	000	000	2	2	33551256
S0952	01	1	2	2	619	960	939	2	1	29532276
S0952	02	1	2	2	611	939	939	2	1	29016458
S0954	01	1	2	1	732	321	361	2	1	73672986
S0955	01	1	2	1	611	321	321	3	1	58470849
S0963	01	1	2	1	611	032	900	3	1	73263744
S0963	02	1	2	1	611	361	031	3	1	73263744
S0966	01	1	2	2	950	321	000	2	1	19256400
S0966	02	1	2	2	950	000	000	2	1	25807847
S0971	01	1	2	1	821	000	000	3	1	121715760
S0971	02	1	2	1	611	321	000	3	1	137439581
S0974	01	1	2	2	831	111	111	2	1	33551256
S0976	01	1	2	2	821	321	000	2	1	30451083
S0976	02	1	2	2	821	321	000	2	1	31639521
S0986	03	1	2	1	221	000	000	2	1	90061171
S0993	01	1	2	1	511	339	321	2	1	70668266
S0993	02	1	2	1	021	312	000	2	1	87159053
S0994	01	1	2	1	511	111	311	1	1	70668266
S0995	01	1	2	1	383	331	000	2	1	56530918
S0995	02	1	2	1	382	111	311	2	1	45835077
S1003	01	1	2	1	960	031	111	2	1	94775505
S1006	02	1	2	2	735	321	361	2	1	27707144
S1006	04	1	2	2	615	516	031	2	1	31459996
S1009	01	1	2	1	611	321	000	2	1	58470849
S1015	01	1	2	2	519	000	000	1	2	37188225
S1015	02	1	2	2	519	000	000	1	2	35791367
S1016	01	1	2	2	519	000	000	1	2	25366702
S1018	01	1	2	1	339	321	000	3	1	42332101
S1023	01	1	2	2	950	311	439	1	1	29597874
S1029	01	1	2	2	425	331	111	2	1	24396810
S1030	01	1	2	2	382	312	000	2	1	26835854
S1032	01	1	2	2	512	339	312	2	1	26299659
S1032	02	1	2	2	821	332	000	2	1	25294095
S1033	01	1	2	1	611	821	000	1	2	183981287
S1033	03	1	2	1	129	352	341	2	1	88242422
S1034	01	1	2	1	831	321	111	4	2	66987377
S1035	01	1	2	1	615	312	729	3	1	173596605
S1035	02	1	2	1	021	910	111	2	1	205468865
S1035	03	1	2	1	511	312	111	1	1	311227766
S1035	04	1	2	1	910	111	111	3	1	205468865
S1039	01	1	2	2	513	361	514	1	2	37270096
S1046	01	1	2	2	382	000	000	2	1	59772663
S1046	02	1	2	2	733	111	000	2	1	35125830
S1046	03	1	2	2	529	000	950	1	1	42196787
S1046	04	1	2	2	732	000	000	1	1	42196787
S1049	02	1	3	1	900	031	321	2	1	59635493
S1050	01	1	3	1	011	936	361	2	1	150371459
S1050	02	1	3	1	938	000	000	2	1	99273446
S1051	01	1	3	1	611	321	361	2	1	50781462
S1051	03	1	3	1	940	213	920	3	1	64468914
S1053	01	1	3	2	611	324	312	2	1	24396810
S1053	02	1	3	2	910	910	111	3	1	25366702
S1062	01	1	3	2	519	321	000	3	1	31137174
S1067	01	1	3	1	021	391	391	2	1	59635493
S1067	02	1	3	1	821	611	611	3	1	71563417
S1070	01	1	3	2	950	332	339	2	1	28888087
S1077	01	1	3	2	021	000	000	2	2	29210499
S1078	01	1	3	2	512	332	311	2	1	33070623
S1078	02	1	3	2	732	321	361	2	1	33761134
S1078	03	1	3	2	512	321	950	2	1	34385341
S1095	01	1	3	2	611	000	000	2	2	52711947
S1095	03	1	3	2	011	000	000	3	2	53812566
S1099	01	1	3	1	611	312	331	2	1	59635493
S1103	01	1	3	2	000	324	000	3	1	28888087
S1116	01	1	3	2	831	611	031	4	1	31137174
S1124	02	1	3	2	936	321	321	2	1	26945864
S1127	01	1	3	2	432	000	031	3	1	42648165
S1127	03	1	3	2	734	000	000	2	1	48424734
S1128	01	1	3	2	344	339	311	2	1	28888087
S1130	01	1	3	1	516	321	111	2	1	83731092
S1141	01	1	3	2	011	980	980	3	2	33551256
S1149	02	1	3	2	344	111	111	2	1	28115625
S1149	04	1	3	2	831	211	211	3	1	36240440
S1150	01	1	3	2	936	000	000	1	1	26318024
S1152	01	1	3	2	950	111	111	2	1	67625677
S1153	01	1	4	1	611	031	111	3	1	61772038
S1158	01	1	4	2	519	821	000	1	1	24396810
S1158	02	1	4	2	512	361	361	2	1	25366702
S1159	01	1	4	2	212	000	000	3	1	28888087
S1166	01	1	4	2	950	429	940	3	1	29317195
S1169	01	1	4	1	812	900	032	2	1	58470849
S1170	01	1	4	1	938	910	311	2	1	68004904
S1171	02	1	4	1	611	312	611	3	1	137439581
S1171	03	1	4	1	936	321	900	2	1	114531663
S1173	01	1	4	2	519	000	000	2	1	28888087
S1175	01	1	4	2	525	939	000	2	2	25366702
S1178	01	1	4	1	111	910	031	2	1	91708521
S1178	03	1	4	1	111	910	910	2	1	124831136
S1181	01	1	4	2	429	312	332	2	1	28888087
S1190	01	1	4	2	512	311	321	2	1	29210499
S1190	02	1	4	2	512	940	361	1	2	30087550
S1191	01	1	4	2	733	339	980	2	1	28888087
S1194	02	1	4	1	000	000	000	2	1	59635493
S1197	01	1	4	2	021	324	311	1	2	30087550
S1197	02	1	4	2	021	312	939	1	2	29210499
S1211	01	1	4	1	344	011	311	3	1	48064744
S1213	01	1	4	2	611	031	031	1	2	35463353
S1213	02	1	4	2	611	031	021	1	2	36873194
S1213	03	1	4	2	831	021	021	1	2	34843941
S1213	04	1	4	2	821	021	021	1	2	44295901
S1217	01	1	4	1	383	910	021	1	1	63251901
S1217	03	1	4	1	384	321	321	2	1	51284428
S1222	01	1	4	2	821	324	371	3	1	38858414
S1222	02	1	4	2	732	329	329	2	1	41872345
S1222	03	1	4	2	611	950	329	1	1	37398821
S1223	01	1	4	2	011	324	324	1	2	43318987
S1223	02	1	4	2	021	511	000	1	2	36495999
S1223	03	1	4	2	021	531	531	2	1	70156252
S1223	04	1	4	2	812	531	531	2	1	70156252
S1225	01	1	4	1	111	910	111	1	1	55065579
S1227	01	1	4	1	322	321	321	1	1	45768812
S1227	02	1	4	1	361	000	000	1	1	59926931
S1227	03	1	4	1	831	936	936	2	1	119395778
S1233	01	1	4	1	960	111	111	1	1	76360782
S1233	02	1	4	1	529	111	111	1	1	61913064
S1233	03	1	4	1	900	960	960	2	1	84296023
S1237	01	1	4	2	011	111	111	2	1	31032245
S1237	02	1	4	2	361	936	936	2	1	33817924
S1237	03	1	4	2	821	011	011	2	1	32832133
S1238	01	1	1	2	383	031	000	1	1	40556077
S1238	02	1	1	2	513	011	000	1	1	41305916
S1238	03	1	1	2	513	000	000	1	1	49620947
S1238	04	1	1	2	513	000	000	1	1	49620947
S1239	01	1	4	2	521	312	960	1	1	24622164
S1251	01	1	1	1	900	031	031	3	1	59048268
S1252	01	1	1	2	425	000	000	2	2	16412795
S1252	03	1	1	2	521	212	212	2	2	21996786
S1256	01	1	1	2	311	321	000	1	2	24896966
S1256	02	1	1	2	021	000	000	2	1	25644502
S1257	01	1	1	1	432	331	000	1	1	54492639
S1257	02	1	1	1	432	321	324	1	1	47812005
S1257	03	1	1	1	516	212	000	2	1	72832010
S1260	01	1	1	2	343	512	000	3	1	25545345
S1260	02	1	1	2	821	111	000	2	1	24144926
S1268	01	1	1	2	611	000	000	2	1	21378115
S1268	02	1	1	2	615	344	000	2	1	21824487
S1274	02	1	1	1	615	211	920	3	1	61205789
S1276	01	1	1	2	311	111	111	3	1	24987906
S1279	03	1	1	2	910	021	031	3	1	25227136
S1283	01	1	1	1	615	362	000	2	1	43827358
S1291	01	1	1	1	512	000	000	2	1	48064744
S1297	01	1	1	1	939	011	939	2	1	56162752
S1297	02	1	1	1	819	361	021	3	1	59797694
S1301	01	1	1	2	821	000	000	1	1	23963772
S1301	02	1	1	2	615	000	000	1	1	23047521
S1301	03	1	1	2	516	211	000	1	1	30888791
S1301	04	1	1	2	615	212	000	1	1	28787767
S1305	01	1	1	1	000	000	000	3	1	58249049
S1305	03	1	1	1	000	000	000	3	1	69712216
S1308	01	1	1	2	611	000	000	2	1	26659209
S1311	01	1	1	2	514	000	000	2	1	20269119
S1311	02	1	1	2	514	000	000	2	1	22966751
S1312	01	1	1	2	212	312	011	2	2	24375536
S1312	02	1	1	2	212	000	000	3	2	21191628
S1313	01	1	1	1	522	000	000	1	2	45468823
S1313	02	1	1	1	722	000	000	1	1	45979516
S1315	01	1	1	1	021	000	000	2	1	38952294
S1315	02	1	1	1	382	031	910	2	2	41774635
S1317	01	1	1	2	523	111	000	1	2	26967293
S1317	02	1	1	2	381	321	000	2	2	25954352
S1328	01	1	1	2	519	000	000	1	1	28596720
S1334	01	1	1	2	511	000	936	2	1	18919132
S1334	02	1	1	2	384	000	000	2	1	19671260
S1334	03	1	1	2	614	361	614	2	1	25355834
S1340	01	1	1	2	011	111	111	3	1	24144926
S1340	02	1	1	2	611	000	000	2	1	25545345
S1351	01	1	1	2	529	000	000	1	1	28596720
S1359	01	1	2	2	611	332	331	2	2	17027279
S1359	02	1	2	2	611	311	000	2	2	21268115
S1359	03	1	2	2	614	221	000	1	2	21268115
S1360	01	1	2	2	512	950	950	1	1	25227136
S1366	01	1	2	2	735	615	000	2	1	24622164
S1371	01	1	2	1	611	111	000	2	1	47116212
S1371	02	1	2	1	512	111	000	1	1	47645409
S1371	04	1	2	1	111	212	000	2	1	60487580
S1373	01	1	2	2	614	000	000	1	1	24896966
S1373	02	1	2	2	614	000	000	1	1	25644502
S1379	01	1	2	1	614	000	000		1	86446914
S1379	02	1	2	1	511	312	910	2	1	92710543
S1381	01	1	2	2	341	000	000	3	1	24622164
S1385	01	1	2	1	531	910	111	2	1	45468823
S1385	02	1	2	1	111	111	111	2	1	45979516
S1400	01	1	2	2	424	000	000	1	1	24622164
S1404	01	1	2	2	361	111	111	3	1	27404510
S1404	02	1	2	2	361	321	111	2	1	27891672
S1404	03	1	2	2	519	111	111	2	2	37381027
S1404	04	1	2	2	361	211	211	2	1	37381027
S1411	01	1	2	1	812	311	000	2	1	48064744
S1423	01	1	2	2	021	900	000	1	1	36521556
S1423	02	1	2	2	021	324	324	1	1	43349322
S1424	01	1	2	2	021	936	361	1	1	25267395
S1424	02	1	2	2	611	000	000	2	1	27535578
S1425	01	1	2	1	722	032	111	2	1	47645409
S1425	02	1	2	1	021	312	000	2	1	47116212
S1428	01	1	2	2	812	311	000	1	1	27470193
S1428	02	1	2	2	039	000	000	2	1	31126221
S1438	01	1	2	2	960	321	331	3	1	22966751
S1438	02	1	2	2	111	910	031	3	1	20269119
S1444	02	1	2	2	910	000	000	2	1	32696411
S1444	05	1	2	2	812	000	000	2	1	39278317
S1445	01	1	2	2	111	821	111	2	1	17027279
S1446	01	1	2	2	424	000	000	2	1	24622164
S1447	01	1	2	2	812	000	000	3	1	24622164
S1449	01	1	3	1	611	111	111	1	1	45408474
S1451	01	1	3	1	021	361	000	2	1	46305204
S1460	01	1	3	2	732	000	000	2	1	21620785
S1460	02	1	3	2	939	321	361	3	1	20794117
S1462	01	1	3	2	383	324	361	2	1	11686989
S1474	02	1	3	1	611	321	950	2	2	50778418
S1476	01	1	3	2	000	000	000	2	2	24896966
S1476	02	1	3	2	980	000	939	2	2	25644502
S1482	01	1	3	1	512	936	000	2	2	48064744
S1483	01	1	3	1	221	960	111	2	1	53369174
S1494	02	1	3	2	732	312	000	2	1	24896966
S1501	01	1	3	2	831	031	611	2	1	24622164
S1504	01	1	3	2	615	000	000	1	2	17015623
S1513	01	1	3	1	611	000	000	2	1	49022116
S1513	02	1	3	1	611	311	312	2	1	58827218
S1516	01	1	3	2	615	111	111	3	1	48207466
S1519	01	1	3	2	611	321	339	2	1	39686880
S1526	01	1	3	2	519	321	000	1	2	24896966
S1529	01	1	3	1	512	000	000	2	1	58827218
S1535	01	1	3	2	000	021	000	2	2	24622164
S1545	01	1	4	1	512	910	321	3	1	45979516
S1545	02	1	4	1	000	011	910	3	1	45468823
S1554	01	1	3	1	032	000	000	3	1	48064744
S1555	01	1	4	1	021	312	000	2	1	58827218
S1555	02	1	4	1	021	321	000	2	1	49022116
S1556	01	1	4	2	021	321	111	2	1	23714309
S1556	04	1	4	2	519	615	711	2	1	29620626
S1557	01	1	4	2	615	000	000	2	1	28596720
S1572	01	1	4	2	344	031	910	3	1	31696616
S1575	01	1	4	2	611	960	000	2	1	19865256
S1576	02	1	4	2	529	980	980	1	2	23047521
S1576	03	1	4	2	000	011	212	3	2	28787767
S1580	01	1	4	2	812	900	000	2	1	25545345
S1586	01	1	4	1	425	321	000	2	1	45979516
S1604	01	1	4	2	950	031	111	2	1	41959176
S1604	02	1	4	2	519	950	111	3	1	68076600
S1606	01	1	4	2	021	321	821	1	1	68076600
S1608	01	1	4	2	812	936	936	2	2	28559054
S1608	02	1	4	2	519	361	361	1	2	53715782
S1608	03	1	4	2	615	312	312	2	1	35672009
S1625	01	1	4	1	939	321	311	2	1	70711636
S1625	02	1	4	1	722	111	111	2	1	69926244
S1625	03	1	4	1	821	111	111	1	1	94509473
S1625	04	1	4	1	619	211	211	2	1	89770996
S1626	01	1	4	1	021	312	312	1	1	112299736
S1626	02	1	4	1	821	439	439	2	1	170102638
S1631	01	1	4	2	514	321	321	2	1	57878109
S1639	01	1	1	2	021	111	111	3	1	45026436
S1639	02	1	1	2	615	311	000	2	1	47637995
S1645	01	1	4	2	011	321	321	1	1	35131824
S1650	01	1	1	1	424	000	000	2	1	63721824
S1656	01	1	1	2	980	324	000	1	2	43535659
S1656	02	1	1	2	733	321	321	2	1	41900380
S1656	03	1	1	2	980	324	000	1	2	53266509
S1659	01	1	1	1	821	321	000	2	1	66143174
S1661	01	1	1	2	344	322	322	2	1	68076600
S1662	01	1	1	2	611	936	111	3	1	33078356
S1665	01	1	1	1	371	000	000	3	1	66143174
S1668	01	1	1	2	383	311	111	2	1	45948002
S1668	02	1	1	2	383	000	111	1	2	49082655
S1671	01	1	1	2	821	000	000	2	1	32594196
S1672	01	1	1	2	821	000	000	1	1	31249929
S1672	02	1	1	2	382	312	000	1	1	32492266
S1672	03	1	1	2	821	312	221	3	1	41881837
S1672	04	1	1	2	732	011	000	1	1	39033077
S1676	01	1	1	2	615	000	000	2	1	32594196
S1684	01	1	1	2	000	000	936	3	1	32295011
S1684	02	1	1	2	722	111	000	2	1	52396991
S1686	01	1	1	2	611	000	000	1	1	32957972
S1686	02	1	1	2	611	000	000	2	1	33947541
S1687	01	1	1	2	529	000	000	1	1	45674905
S1687	02	1	1	2	950	000	000	2	1	43928532
S1687	03	1	1	2	111	000	000	2	1	43161266
S1697	01	1	1	1	513	950	000	1	2	66143174
S1701	01	1	1	2	361	032	032	1	1	32957972
S1701	02	1	1	2	900	000	939	1	1	33947541
S1703	01	1	1	2	731	312	000	2	1	33078356
S1705	01	1	1	1	311	000	321	3	1	47886761
S1710	01	1	1	2	011	312	821	2	1	28559054
S1710	02	1	1	2	821	312	821	2	1	29694416
S1710	03	1	1	2	821	212	821	2	1	35672009
S1711	01	1	1	2	525	000	000	2	1	26537314
S1727	01	1	1	2	519	329	000	2	1	32594196
S1730	01	1	1	1	011	910	111	3	1	86332114
S1730	02	1	1	1	936	032	032	3	1	90898717
S1730	03	1	1	1	711	324	032	3	1	75748057
S1730	04	1	1	1	960	211	212	3	1	109601761
S1736	01	1	1	2	950	312	312	2	1	33947541
S1736	02	1	1	2	950	321	321	2	1	32957972
S1741	01	1	1	2	950	111	000	3	1	57878109
S1754	01	1	2	1	529	000	000	1	2	63273636
S1754	02	1	2	1	529	000	000	1	2	62570858
S1755	01	1	2	1	821	000	000	3	1	66143174
S1756	01	1	2	2	821	111	111	2	1	40383112
S1756	02	1	2	2	821	111	111	2	1	72720905
S1759	01	1	2	2	821	321	391	2	1	33791904
S1764	01	1	2	2	425	311	392	3	1	32957972
S1764	02	1	2	2	341	032	000	3	1	33947541
S1765	02	1	2	2	611	515	515	2	1	57384732
S1765	04	1	2	2	515	212	031	2	1	130720876
S1770	01	1	2	1	831	000	000	3	1	67460639
S1770	02	1	2	1	512	611	000	3	1	80953701
S1771	01	1	2	1	383	031	111	2	2	87042625
S1780	01	1	2	2	821	021	111	3	1	34507577
S1780	03	1	2	2	920	214	011	3	1	45301908
S1781	01	1	2	2	938	821	000	3	1	24114567
S1781	02	1	2	2	611	331	000	3	1	24618076
S1798	01	1	2	2	611	021	361	3	1	32594196
S1799	01	1	2	2	021	031	000	2	1	32594196
S1800	01	1	2	2	900	381	936	2	1	28320161
S1800	02	1	2	2	383	381	900	1	1	27256404
S1802	01	1	2	1	344	111	111	2	1	111600305
S1802	02	1	2	1	344	312	111	2	1	111600305
S1803	01	1	2	1	611	900	000	2	1	81257894
S1804	01	1	2	2	821	111	111	2	1	28299806
S1808	02	1	2	2	611	312	000	2	1	31497377
S1809	01	1	2	1	514	321	000	2	1	66143174
S1810	01	1	2	1	515	321	900	2	2	90299271
S1811	01	1	2	1	021	111	111	2	1	76928253
S1811	02	1	2	1	511	111	111	2	1	94879839
S1813	01	1	2	2	519	111	111	2	1	26537314
S1822	01	1	2	2	361	312	936	3	2	28539124
S1822	02	1	2	2	525	000	000	1	2	29673693
S1822	03	1	2	2	361	311	936	2	2	38248757
S1825	01	1	2	1	344	425	425	4	2	66143174
S1831	02	1	2	2	361	312	936	2	2	149413031
S1831	04	1	2	2	021	910	111	2	1	156174092
S1833	01	1	2	1	821	910	910	3	2	47886761
S1839	01	1	2	2	713	111	111	2	1	67507262
S1839	04	1	2	2	960	311	111	1	1	109527053
S1840	01	1	2	2	711	312	000	2	1	33947541
S1843	01	1	2	1	812	111	111	3	1	62487810
S1844	01	1	2	2	021	321	111	2	1	43981702
S1844	03	1	2	2	381	111	111	2	2	45698210
S1845	01	1	2	2	531	343	111	3	1	33078356
S1848	01	1	2	2	011	980	980	2	1	28621046
S1848	02	1	2	2	980	011	980	2	2	27526725
S1855	01	1	3	2	512	425	000	2	2	37855613
S1856	01	1	3	2	021	362	362	1	1	41959176
S1856	02	1	3	2	732	362	362	2	1	40383112
S1865	03	1	3	1	960	910	000	2	1	184835798
S1870	01	1	3	2	732	000	000	3	1	35131824
S1874	01	1	3	1	615	111	111	3	1	93554663
S1874	02	1	3	1	611	000	000	3	1	99609670
S1874	03	1	3	1	032	910	111	3	1	94605444
S1875	01	1	3	1	383	321	324	2	1	66395092
S1875	02	1	3	1	383	324	936	2	1	70414957
S1875	03	1	3	1	732	324	324	2	1	90398403
S1877	01	1	3	2	512	000	000	1	2	30402802
S1880	01	1	3	2	729	512	000	2	1	35131824
S1883	01	1	3	1	611	111	111	2	1	82903136
S1889	01	1	3	1	950	722	722	2	1	51632668
S1890	02	1	3	1	821	111	111	2	1	79941091
S1892	02	1	3	2	950	312	000	2	1	48285336
S1892	04	1	3	2	936	000	950	2	1	165720645
S1893	01	1	3	2	732	381	619	1	2	21726841
S1893	02	1	3	2	732	031	000	1	2	29118787
S1895	01	1	3	2	950	311	312	2	1	51774108
S1903	01	1	3	2	011	000	000	2	1	68253143
S1904	01	1	3	2	000	111	000	3	1	28621046
S1906	01	1	3	1	616	331	312	2	1	37010077
S1914	01	1	3	1	311	950	950	3	2	62570858
S1914	02	1	3	1	612	311	000	2	1	52281984
S1919	01	1	3	2	383	321	324	2	2	23443017
S1919	02	1	3	2	383	324	311	1	2	23876454
S1921	01	1	3	1	529	910	910	2	1	62487810
S1923	01	1	3	1	910	111	000	1	2	73442741
S1925	01	1	3	2	011	111	111	3	1	33078356
S1931	02	1	3	1	960	321	312	2	1	169812438
S1938	01	1	3	1	831	111	000	2	2	79941091
S1938	02	1	3	1	950	111	111	2	2	98595738
S1939	01	1	3	1	615	312	111	3	1	156051910
S1939	02	1	3	1	381	384	910	2	1	70573866
S1940	01	1	3	2	611	321	321	2	1	26537314
S1945	01	1	4	1	960	910	516	2	1	73442741
S1948	01	1	3	2	513	312	111	1	2	60967817
S1948	02	1	3	2	513	031	111	1	2	63391585
S1948	04	1	3	2	513	000	111	1	2	62240818
S1949	01	1	4	2	519	910	111	2	1	33395043
S1950	01	1	4	2	731	000	000	2	1	40475423
S1957	01	1	4	2	821	324	339	2	1	42518111
S1958	01	1	4	2	950	321	000	2	1	32957972
S1958	02	1	4	2	611	322	000	2	1	33947541
S1960	01	1	4	2	383	339	311	2	1	78262703
S1962	01	1	4	1	111	111	111	2	1	75777210
S1969	01	1	4	1	111	111	111	2	1	73442741
S1973	02	1	4	2	411	031	000	2	1	28154191
S1975	01	1	4	2	960	311	324	2	1	63815820
S1978	01	1	4	1	511	111	111	2	1	94879839
S1978	02	1	4	1	511	111	111	2	1	76928253
S1981	01	1	4	2	519	321	000	1	2	33078356
S1992	01	1	4	2	021	821	980	2	2	30117822
S1992	02	1	4	2	519	980	000	1	2	31293254
S1993	01	1	4	1	383	000	910	2	1	64973682
S1998	01	1	4	2	000	000	000	3	1	35131824
S2003	01	2	4	1	910	111	312	3	1	137015936
S2004	01	2	4	2	821	031	611	3	2	83687042
S2010	01	1	4	1	021	331	111	2	1	163719522
S2010	02	1	4	1	940	321	424	2	1	184657895
S2013	01	1	4	2	611	311	311	2	1	83687042
S2017	01	1	4	1	519	339	111	2	1	206433668
S2021	01	1	4	2	512	321	111	2	1	113758663
S2021	02	1	4	2	512	111	111	2	1	113458136
S2021	03	1	4	2	739	211	211	2	1	149259153
S2022	01	1	4	2	311	361	936	3	1	132033184
S2022	02	1	4	2	512	321	031	2	1	112788412
S2022	03	1	4	2	531	111	111	3	1	162950045
S2022	04	1	4	2	735	221	221	3	1	162950045
S2025	01	1	4	1	611	321	312	2	1	186714649
S2028	01	1	4	2	519	910	111	2	1	113982913
S2028	02	1	4	2	311	312	312	2	1	163746205
S2028	03	1	4	2	031	111	111	3	1	111451945
S2029	01	1	4	2	512	312	311	2	1	100854043
S2042	01	1	4	1	021	312	111	2	1	270797748
S2042	02	1	4	1	011	111	111	2	1	292202019
S2042	03	1	4	1	821	211	211	2	1	350288206
S2043	01	1	4	1	381	321	381	2	1	400573239
S2043	02	1	4	1	511	111	111	2	1	270197858
S2043	03	1	4	1	739	212	212	2	1	377341685
S2045	01	1	4	2	021	111	910	2	1	141503662
S2045	02	1	4	2	821	321	311	3	1	134190745
S2045	03	1	4	2	221	031	031	2	1	157087337
S2047	01	1	4	2	611	321	321	2	1	113982913
S2047	02	1	4	2	021	031	031	3	1	120194575
S2047	03	1	4	2	361	000	000	2	1	120512946
S2068	01	2	4	2	611	321	321	2	1	84621051
S2068	02	2	4	2	611	821	361	2	1	97454285
S2070	01	2	4	2	936	321	321	2	2	109622622
S2070	02	2	4	2	936	311	311	2	2	109333021
S2078	01	1	1	2	361	432	940	4	2	105651871
S2092	01	1	1	2	000	000	000	2	1	109865009
S2092	02	1	1	2	344	936	000	2	1	104187180
S2092	03	1	1	2	000	000	000	2	1	150523492
S2092	04	1	1	2	000	000	000	2	1	150523492
S2098	01	1	1	1	425	329	000	1	2	186714649
S2099	01	1	1	1	425	000	000	2	1	186714649
S2100	01	1	1	2	711	111	311	1	1	105651871
S2101	01	1	1	2	812	000	000	2	1	83687042
S2109	01	1	1	2	344	111	111	2	1	102478780
S2110	01	1	1	2	519	321	000	2	1	83687042
S2112	01	1	1	2	611	000	000	2	1	83687042
S2113	01	1	1	1	821	111	111	2	1	196885481
S2113	02	1	1	1	516	212	211	2	1	238590805
S2113	03	1	1	1	821	211	211	2	1	253658693
S2119	01	1	1	2	960	000	000	1	2	86252821
S2119	02	1	1	2	950	000	000	1	2	117860793
S2121	01	1	1	1	821	321	000	2	1	159953676
S2121	02	1	1	1	821	000	000	2	1	154196473
S2126	01	1	1	2	821	321	000	2	1	68807817
S2126	03	1	1	2	722	212	212	2	1	99409476
S2132	01	1	1	2	000	111	000	2	1	131202169
S2132	02	1	1	2	960	000	000	2	1	132138236
S2132	03	1	1	2	611	032	032	3	1	114737658
S2133	01	1	1	2	611	936	000	3	1	84087302
S2133	02	1	1	2	821	361	936	2	1	88669760
S2134	01	1	1	2	950	960	312	2	2	114731664
S2134	02	1	1	2	950	332	960	2	2	78090769
S2152	01	1	1	2	011	821	821	5	2	78354407
S2152	02	1	1	2	531	321	332	4	1	72447323
S2153	01	1	1	1	425	000	000	3	1	214378770
S2157	01	1	1	2	512	000	950	2	1	81064897
S2162	01	1	1	1	211	311	344	2	1	510741444
S2162	04	1	1	1	611	722	000	2	1	824486751
S2164	02	1	1	2	321	312	000	2	1	130848587
S2164	03	1	1	2	021	221	221	4	1	136272616
S2164	04	1	1	2	111	000	000	2	1	94323214
S2173	02	1	1	2	511	000	000	2	1	84216447
S2179	01	1	1	1	383	000	000	2	1	129025795
S2179	02	1	1	1	381	000	000	2	1	131618306
S2181	02	1	1	2	950	000	000	2	2	92133810
S2184	01	1	1	2	821	321	000	2	1	122765427
S2184	02	1	1	2	821	321	000	2	1	200099787
S2186	01	1	1	1	920	000	000	2	1	214378770
S2189	02	1	1	2	000	392	000	3	1	400798648
S2189	03	1	1	2	000	939	031	4	1	348019617
S2190	01	1	1	2	424	000	000	2	1	66370100
S2192	01	1	1	2	000	000	000	2	1	81064897
S2198	01	2	1	2	000	111	000	1	2	98278670
S2198	02	2	1	2	611	321	000	1	2	93199623
S2209	01	1	1	1	519	321	000	2	1	206433668
S2215	01	1	1	2	732	321	000	2	1	113678881
S2218	01	1	1	1	910	910	111	3	1	233321999
S2218	03	1	1	1	311	910	910	3	1	216230784
S2220	01	1	1	2	000	821	032	5	1	84621051
S2220	02	1	1	2	021	312	000	4	1	97454285
S2222	01	1	1	2	611	000	000	3	1	83687042
S2227	01	1	2	1	821	000	212	2	1	224699302
S2231	01	1	2	2	611	321	000	2	1	101787463
S2234	01	1	2	1	940	936	000	3	1	177017121
S2236	01	1	2	2	611	312	331	3	1	93016074
S2236	02	1	2	2	960	325	032	3	1	107122458
S2239	01	1	2	2	950	331	031	2	1	187575936
S2247	01	2	2	2	819	391	329	3	1	87179931
S2248	01	2	2	2	511	000	000	1	2	91930926
S2250	01	1	2	1	960	960	211	2	1	287502777
S2250	03	1	2	1	611	331	311	2	1	261194559
S2251	01	1	2	1	900	111	311	2	1	162568000
S2252	01	1	2	2	732	000	000	3	1	97454285
S2252	02	1	2	2	713	000	000	2	1	84621051
S2255	01	1	2	2	939	425	425	3	1	81064897
S2256	01	1	2	2	950	321	312	2	1	153766729
S2256	02	1	2	2	950	321	339	2	1	162611538
S2256	03	1	2	2	383	011	011	2	1	265046398
S2256	04	1	2	2	732	031	950	2	1	435853400
S2257	01	1	2	1	321	000	000	2	1	186714649
S2259	01	1	2	1	936	000	000	3	1	270109510
S2259	02	1	2	1	821	312	000	3	1	248061672
S2259	03	1	2	1	111	221	221	2	1	253045967
S2268	01	1	2	2	331	324	321	3	1	83687042
S2270	01	1	2	2	321	321	324	3	1	102478780
S2271	01	1	2	2	515	821	821	2	1	100854043
S2274	02	1	2	1	831	000	000	3	1	575111606
S2274	05	1	2	1	950	950	000	2	1	652817409
S2275	01	1	2	1	611	000	000	3	1	186714649
S2276	01	1	2	2	831	321	321	2	1	97454285
S2283	01	1	2	1	383	910	910	3	1	133582711
S2283	03	1	2	1	821	031	011	3	1	187398678
S2287	01	1	2	2	732	361	312	2	1	97454285
S2287	02	1	2	2	611	321	339	3	1	84621051
S2289	01	1	2	1	611	331	331	3	1	223645347
S2290	01	1	2	1	831	339	321	4	1	186714649
S2291	01	1	2	1	950	321	361	3	1	223645347
S2292	01	1	2	2	910	910	111	3	1	203473619
S2292	02	1	2	2	938	938	331	3	1	124835344
S2292	03	1	2	2	732	211	920	3	1	149075444
S2297	01	1	2	1	821	111	000	2	1	292405160
S2297	04	1	2	1	531	000	000	1	2	270986008
S2306	01	1	2	1	311	021	910	3	1	232923945
S2310	01	1	2	2	522	960	000	2	2	95887606
S2320	01	1	2	2	812	031	321	2	1	83687042
S2323	01	1	2	1	615	312	111	2	1	223645347
S2334	01	1	2	2	384	321	321	2	1	104448098
S2334	02	1	2	2	514	312	321	2	1	170243713
S2335	01	1	2	2	732	321	324	2	1	84621051
S2335	02	1	2	2	732	332	000	2	1	97454285
S2344	01	1	2	2	383	381	381	2	1	53586216
S2345	01	1	2	1	615	332	332	4	1	342375586
S2345	02	1	2	1	611	021	331	4	1	372806090
S2345	03	1	2	1	129	611	950	4	1	376860576
S2349	02	1	2	2	344	324	321	2	1	102478780
S2351	01	1	2	2	511	212	212	3	2	112720647
S2352	01	1	2	2	950	212	212	2	1	105651871
S2370	01	1	2	1	821	321	000	2	1	168458032
S2370	04	1	2	1	519	212	212	2	1	236324089
S2375	01	1	2	2	511	321	000	2	1	123563778
S2387	01	1	2	1	381	321	000	2	1	250380901
S2389	01	1	2	2	021	111	111	2	1	86448872
S2395	01	1	2	1	519	000	000	2	1	222808118
S2395	02	1	2	1	519	321	000	2	1	190433703
S2411	02	1	3	1	900	312	321	2	1	197032715
S2413	01	1	3	2	719	000	000	2	1	97454285
S2413	02	1	3	2	940	312	321	2	1	84621051
S2414	01	1	3	2	514	321	000	3	1	83687042
S2419	01	1	3	1	611	000	311	2	1	186714649
S2423	01	1	3	2	950	111	910	2	1	181176882
S2423	02	1	3	2	021	321	331	3	1	167518084
S2423	03	1	3	2	950	111	111	2	1	212090587
S2426	01	1	3	1	021	111	111	2	1	168458032
S2426	03	1	3	1	732	324	000	2	1	236324089
S2432	01	1	3	2	021	111	111	2	1	91995125
S2436	01	1	3	2	521	111	111	2	2	81064897
S2438	01	1	3	2	514	321	341	2	1	94887503
S2446	01	1	3	2	519	111	111	2	1	102478780
S2450	01	2	3	1	519	321	000	2	2	159068615
S2464	01	1	3	2	731	000	000	2	1	83687042
S2468	01	1	3	2	519	352	352	3	2	66370100
S2472	01	1	3	2	611	331	000	2	1	113378564
S2474	01	1	3	1	519	000	000	2	1	186714649
S2476	01	1	3	2	821	111	111	2	1	85033557
S2476	02	1	3	2	021	332	000	2	1	90546525
S2482	01	1	3	1	021	321	321	3	2	162568000
S2483	01	1	3	1	812	361	936	4	1	186600981
S2485	01	1	3	2	960	312	312	3	1	115515369
S2485	04	1	3	2	611	000	031	3	1	123004559
S2493	01	1	3	2	713	312	312	3	1	84621051
S2493	02	1	3	2	611	000	000	3	1	97454285
S2494	01	1	3	2	531	321	960	1	2	66415368
S2494	02	1	3	2	616	960	000	2	2	92133810
S2509	01	1	3	2	950	000	000	1	2	66415368
S2510	01	1	3	2	960	960	324	2	2	68807817
S2510	03	1	3	2	611	960	324	2	2	95452702
S2516	01	1	3	2	812	321	000	2	1	84087302
S2516	02	1	3	2	512	000	000	2	1	88669760
S2522	01	1	3	1	950	332	000	2	1	186714649
S2529	01	1	3	1	519	516	000	2	2	232923945
S2530	01	1	3	1	021	331	331	1	1	181678341
S2530	02	1	3	1	511	960	960	1	1	197825998
S2530	03	1	3	1	211	111	000	3	1	254870414
S2530	04	1	3	1	615	920	000	2	1	239730547
S2533	01	1	3	2	512	000	000	1	1	83687042
S2538	01	1	3	1	021	900	000	1	1	162568000
S2539	01	1	3	1	511	111	111	2	1	259349855
S2547	01	1	3	1	615	111	111	2	1	403872557
S2547	03	1	3	1	611	321	000	2	1	381667168
S2553	01	1	3	1	611	332	000	2	1	223645347
S2560	01	1	3	2	514	321	000	3	1	83687042
S2561	01	1	3	1	940	312	321	2	1	116769524
S2561	02	1	3	1	383	361	936	2	1	124143950
S2570	01	1	3	1	821	900	900	2	1	190433703
S2579	01	2	4	1	812	111	111	3	1	197825998
S2579	04	2	4	1	960	920	324	2	1	254870414
S2582	01	2	4	2	611	331	331	2	1	84087302
S2583	01	2	4	2	512	516	000	1	1	137777179
S2586	03	1	4	1	611	391	000	3	1	230521413
S2588	01	1	4	2	611	031	031	4	1	100854043
S2593	02	1	4	1	940	343	000	2	1	160548989
S2598	02	1	4	2	311	312	515	1	2	113982913
S2601	01	2	4	1	615	111	111	2	1	239812680
S2601	02	2	4	1	611	321	000	2	1	212310829
S2606	01	2	4	2	519	331	000	2	1	102478780
S2607	01	2	4	2	611	000	000	3	1	97454285
S2607	02	2	4	2	611	312	000	2	1	84621051
S2610	01	1	4	1	611	321	000	2	1	190433703
S2610	02	1	4	1	519	324	000	2	1	222808118
S2613	01	1	4	2	811	111	111	2	1	105651871
S2629	02	1	4	2	821	351	351	3	2	125241428
S2630	01	1	4	2	616	321	000	2	1	81064897
S2634	01	1	4	1	722	000	311	2	1	213576343
S2634	02	1	4	1	821	321	000	2	1	189083289
S2644	01	1	4	2	311	321	321	2	1	212658434
S2644	03	1	4	2	516	111	910	2	1	289550872
S2649	01	2	4	1	511	312	938		1	198369803
S2650	01	2	4	1	615	111	111	2	1	125105461
S2651	01	2	4	1	711	111	111	2	1	160548989
S2654	01	2	4	2	732	321	000	2	1	81964311
S2656	01	2	4	2	611	321	000	2	1	83687042
S2663	01	2	4	2	611	324	936	1	1	73534829
S2666	01	2	4	1	343	031	611	2	1	196462358
S2666	02	2	4	1	821	312	311	2	1	173931946
S2667	01	2	4	1	021	011	031	1	1	221119869
S2667	02	2	4	1	960	021	111	2	1	236030553
S2667	03	2	4	1	312	021	312	2	2	286027793
S2670	01	2	4	2	031	011	910	3	1	77913085
S2670	02	2	4	2	021	011	910	2	1	73886533
S2672	01	2	4	2	910	011	910	3	1	77913085
S2672	02	2	4	2	910	011	021	3	1	73886533
S2673	01	1	4	1	383	311	938	2	1	124942243
S2673	02	1	4	1	381	111	111	3	1	133367421
S2674	01	1	4	1	021	312	111	2	1	223031443
S2674	02	1	4	1	011	031	111	3	1	206694029
S2679	01	1	4	2	512	031	031	2	1	85631945
S2679	02	1	4	2	950	031	311	3	1	74355532
S2691	01	1	4	1	384	361	011	3	1	145932473
S2691	02	1	4	1	111	910	111	3	1	270154831
S2692	04	1	4	2	611	011	021	3	1	202040586
S2692	05	1	4	2	950	611	031	3	1	202040586
S2693	01	1	4	2	311	021	361	3	1	73534829
S2694	01	1	4	2	611	821	021	3	1	115285818
S2694	02	1	4	2	732	312	940	2	1	116108328
S2694	03	1	4	2	021	425	031	3	1	100818643
S2702	01	2	4	2	032	031	039	3	1	73534829
S2706	01	2	4	1	512	031	011	2	1	171753106
S2711	01	2	4	2	512	011	311	1	2	76690417
S2711	02	2	4	2	512	011	311	1	2	72021085
S2715	01	1	4	1	519	111	111	2	1	206694029
S2715	02	1	4	1	000	111	111	2	1	223031443
S2717	01	1	4	2	611	321	339	2	1	100155458
S2717	02	1	4	2	021	111	111	2	1	105613573
S2717	03	1	4	2	519	111	111	2	1	105893322
S2723	01	1	4	1	519	321	000	2	1	238568014
S2723	02	1	4	1	021	111	111	2	1	259772052
S2723	03	1	4	1	950	111	111	2	1	262597227
S2724	01	1	4	2	344	321	111	2	1	92835068
S2726	01	1	4	2	000	000	000	2	1	73534829
S2727	01	1	4	2	950	111	111	2	1	71230781
S2732	01	1	4	2	821	321	332	2	1	74665925
S2732	02	1	4	2	936	000	000	2	1	79506730
S2732	03	1	4	2	516	212	212	2	1	107872925
S2754	03	1	1	1	383	000	221	2	1	367193418
S2755	01	1	1	1	812	000	000	3	1	162832646
S2755	02	1	1	1	011	321	371	2	1	149541341
S2756	01	1	1	2	821	344	000	3	1	90046910
S2758	01	1	1	2	611	312	361	3	1	72021085
S2758	02	1	1	2	733	000	000	3	1	76690417
S2760	01	1	1	2	960	000	000	2	1	74355532
S2760	02	1	1	2	960	311	000	2	1	85631945
S2763	01	1	1	1	938	011	331	3	1	139974578
S2763	04	1	1	1	950	000	000	2	1	223100847
S2765	02	1	1	2	514	111	000	3	1	89665954
S2766	01	1	1	2	344	312	331	3	1	121063202
S2769	01	1	1	1	519	031	000	2	1	172763404
S2775	03	1	1	2	615	011	111	2	1	97121641
S2779	01	2	1	1	324	980	980	3	2	197200486
S2782	01	2	1	2	361	011	354	2	1	80835044
S2782	02	2	1	2	821	936	312	2	1	76657485
S2782	03	2	1	2	960	000	000	2	1	106342046
S2783	01	2	1	2	950	910	000	3	1	81836116
S2783	02	2	1	2	821	000	000	2	1	86295892
S2790	01	2	1	2	821	321	000	2	1	62379072
S2791	01	2	1	2	021	000	000	2	1	73534829
S2793	02	1	1	1	361	011	111	2	1	181847334
S2795	02	1	1	1	311	000	000	3	1	199076609
S2795	03	1	1	1	021	211	021	2	1	253722268
S2796	01	1	1	2	938	312	000	2	1	91548061
S2796	02	1	1	2	031	111	111	2	1	96537104
S2796	03	1	1	2	722	920	211	3	1	132263238
S2796	04	1	1	2	722	920	000	3	1	132263238
S2800	01	1	1	2	344	312	000	2	1	99400861
S2802	01	2	1	1	735	000	900	3	1	204954386
S2802	02	2	1	1	324	339	900	3	1	175174150
S2805	01	2	1	2	513	321	321	2	1	83981145
S2806	01	2	1	2	960	329	000	2	1	96324120
S2814	01	3	1	2	312	000	000	3	1	90046910
S2819	02	2	1	1	311	331	000	2	1	168732266
S2819	04	2	1	1	615	615	221	2	1	217387315
S2820	02	2	1	2	324	331	910	2	1	64017742
S2820	03	2	1	2	920	312	111	2	1	88807735
S2833	01	2	1	1	000	011	910	3	1	311267546
S2833	04	2	1	1	031	000	000	3	1	434697080
S2834	01	2	1	1	021	111	000	3	1	212263341
S2834	02	2	1	1	531	213	212	3	1	343044515
S2836	02	2	1	2	733	321	000	3	1	116642548
S2838	01	2	1	2	950	000	000	2	1	73886533
S2838	02	2	1	2	950	321	312	2	1	77913085
S2845	01	2	1	2	513	000	000	2	2	86416795
S2845	02	2	1	2	513	000	000	2	2	81950771
S2845	03	2	1	2	519	000	129	2	1	113685084
S2848	01	2	1	2	519	000	000	2	1	90046910
S2860	01	1	1	2	920	000	000	2	1	74355532
S2860	02	1	1	2	615	000	000	2	1	85631945
S2861	01	1	1	2	950	938	000	2	1	118672547
S2861	02	1	1	2	381	000	311	3	1	72808103
S2865	02	2	1	1	383	312	321	2	1	183245910
S2865	03	2	1	1	615	211	000	3	1	236086062
S2867	01	2	1	1	821	512	000	2	1	171753106
S2869	02	2	1	2	383	000	000	2	1	99238789
S2875	01	1	1	1	936	324	321	3	1	149541341
S2876	01	1	1	2	519	361	940	2	1	88619272
S2882	01	2	1	1	615	321	000	2	1	228184359
S2882	02	2	1	1	344	910	111	2	1	248465493
S2882	03	2	1	1	711	111	111	2	1	232769261
S2892	02	2	1	2	722	000	000	2	1	64243816
S2892	03	2	1	2	920	211	920	2	1	88018957
S2896	01	2	1	2	514	321	322	2	1	71230781
S2898	01	1	1	1	615	000	000	2	1	149541341
S2901	02	1	1	2	960	000	000	2	2	117564581
S2901	04	1	1	2	611	950	000	2	1	95556769
S2905	02	1	1	1	831	000	000	3	1	162832646
S2906	02	1	1	1	424	312	331	3	1	238568014
S2908	01	1	1	2	611	000	000	1	2	121063202
S2909	02	1	1	2	950	000	000	2	2	90217439
S2909	04	1	1	2	950	000	000	2	2	90217439
S2913	01	1	2	1	381	312	321	2	1	196897378
S2914	01	1	2	1	938	910	312	3	1	90611934
S2915	01	1	2	1	612	000	000	2	1	214259626
S2922	01	1	2	1	940	910	111	2	1	290831804
S2933	01	2	2	2	383	321	000	2	1	99238789
S2933	02	2	2	2	383	321	321	2	1	109876829
S2934	01	2	2	2	021	000	111	2	1	90046910
S2938	01	2	2	1	611	331	321	3	1	175174150
S2940	01	2	2	2	111	321	383	3	1	106114657
S2940	02	2	2	2	812	910	111	3	1	117489766
S2940	03	2	2	2	733	211	920	2	1	139229694
S2943	01	2	2	2	311	011	011	4	1	73534829
S2948	01	1	2	2	531	311	000	3	1	86356322
S2948	04	1	2	2	519	950	950	3	1	81893423
S2955	03	1	2	1	831	211	212	3	1	234284199
S2956	01	1	2	2	011	011	000	3	1	105613573
S2956	02	1	2	2	821	312	032	3	1	100155458
S2956	03	1	2	2	960	111	000	2	1	105893322
S2959	01	1	2	2	352	514	811	2	1	77913085
S2959	02	1	2	2	950	321	000	2	1	73886533
S2960	01	1	2	2	021	032	939	5	2	117911844
S2960	03	1	2	2	519	032	939	4	2	138030812
S2962	01	2	2	1	938	938	938	3	1	134060694
S2964	01	2	2	2	424	312	000	2	1	83376543
S2965	01	2	2	2	221	031	111	2	1	86485135
S2965	02	2	2	2	311	312	000	1	1	77913085
S2974	01	1	2	2	031	361	021	2	2	88619272
S2975	02	1	2	2	514	039	039	4	2	76690417
S2977	02	1	2	1	910	011	910	4	1	193844084
S2978	01	1	2	1	940	311	311	2	1	171753106
S2979	01	1	2	1	341	821	821	2	1	171753106
S2981	01	1	2	2	732	031	000	2	1	73534829
S2982	01	1	2	2	940	321	910	2	1	68849104
S2982	02	1	2	2	713	936	311	2	1	63658618
S2987	02	3	2	1	900	341	000	3	1	259772052
S2995	02	1	2	1	831	039	611	4	1	230956714
S2995	03	1	2	1	960	212	211	3	1	317619462
S2997	02	1	2	2	936	910	324	2	1	76657485
S3000	03	1	2	2	831	031	514	4	1	159391762
S3013	01	1	2	2	381	938	384	2	1	78727375
S3014	02	1	2	2	411	221	000	2	1	89500578
S3014	03	1	2	2	936	212	000	2	1	93210621
S3014	04	1	2	2	936	000	000	2	1	93210621
S3015	01	1	2	2	910	111	111	3	2	90046910
S3026	02	2	2	1	812	331	339	3	1	167003945
S3027	01	2	2	1	938	321	321	3	1	156197745
S3036	01	2	2	2	519	312	000	2	2	90046910
S3037	01	2	2	2	529	321	000	2	2	81743312
S3037	02	2	2	2	611	321	000	2	2	81959833
S3040	01	2	2	2	611	312	000	2	1	90046910
S3042	01	2	2	1	425	331	425	2	1	282406137
S3042	04	2	2	1	021	111	111	2	1	265726018
S3045	01	2	2	2	619	519	000	1	2	74355532
S3045	02	2	2	2	512	321	344	3	1	85631945
S3047	01	2	2	2	514	611	000	3	1	85631945
S3047	02	2	2	2	311	312	000	3	1	74355532
S3049	01	2	2	1	512	392	939	4	2	282371711
S3049	02	2	2	1	900	900	032	4	1	318484717
S3049	05	2	2	1	821	920	031	3	2	396129745
S3050	03	2	2	1	821	039	039	5	2	232769261
S3052	02	2	2	2	341	000	000	2	1	124337619
S3053	01	2	2	2	940	361	324	2	1	76603990
S3053	03	2	2	2	516	211	212	3	1	110672926
S3057	01	2	2	1	515	324	339	2	1	197200486
S3058	01	2	2	1	512	311	324	3	1	171753106
S3062	01	2	2	2	812	000	000	2	1	73534829
S3063	01	2	2	2	611	343	343	2	2	164113953
S3063	02	2	2	2	611	321	000	1	2	189002710
S3068	01	1	2	2	411	312	000	1	1	73534829
S3072	02	1	2	2	812	031	611	4	1	74355532
S3075	01	2	3	1	011	940	910	4	2	214897811
S3075	03	2	3	1	831	000	000	2	1	295534718
S3077	01	2	3	2	936	321	111	2	1	99046319
S3077	02	2	3	2	936	361	515	2	1	99046319
S3078	02	2	3	2	519	331	331	2	1	81950771
S3078	03	2	3	2	950	321	321	2	1	113685084
S3078	04	2	3	2	614	000	000	2	1	113685084
S3080	01	2	3	2	950	321	332	1	1	72021085
S3084	03	2	3	2	938	910	111	2	1	93087730
S3091	03	1	3	1	722	000	000	2	1	234284199
S3094	03	1	3	2	516	000	000	2	1	138030812
S3097	03	1	3	1	711	332	321	3	1	181437817
S3098	03	1	3	1	900	321	321	2	1	237715481
S3102	01	1	3	2	950	111	321	2	1	71230781
S3104	01	1	3	2	432	821	000	2	1	87009131
S3104	02	1	3	2	000	000	000	3	1	76291935
S3106	01	1	3	1	021	361	111	2	1	256299627
S3107	01	1	3	1	611	032	032	3	2	147136504
S3109	01	1	3	2	611	031	000	2	1	73534829
S3111	01	1	3	2	529	021	514	2	1	76279224
S3119	01	1	3	2	950	321	000	2	1	116642548
S3129	02	1	3	1	960	311	000	2	1	176239132
S3132	01	1	3	2	821	910	111	3	1	107158181
S3132	02	1	3	2	519	910	111	3	1	96537104
S3133	01	1	3	2	611	321	321	2	1	73534829
S3139	02	1	3	1	812	000	000	2	1	153676635
S3140	01	1	3	2	615	321	312	2	1	73534829
S3145	03	2	3	1	515	000	000	2	1	221355545
S3152	01	2	3	2	341	322	312	2	2	80778634
S3156	02	2	3	2	344	021	936	3	1	90703367
S3161	02	1	3	1	344	432	432	4	2	245184945
S3164	01	1	3	2	321	321	312	2	1	68849104
S3164	02	1	3	2	311	361	000	4	1	63658618
S3172	01	1	3	2	511	936	000	3	1	149591167
S3173	01	1	3	2	383	321	000	3	1	58632291
S3175	01	1	3	2	512	312	391	3	1	87009131
S3178	02	2	3	1	321	321	321	2	1	149541341
S3185	01	1	3	1	000	000	000	2	1	258718591
S3185	03	1	3	1	011	111	000	4	1	313521731
S3189	01	1	3	2	611	000	000	1	2	85631945
S3189	02	1	3	2	512	732	000	1	2	74355532
S3194	01	2	3	1	611	312	111	3	1	214756618
S3194	02	2	3	1	611	312	111	2	1	233844288
S3198	01	2	3	2	383	000	000	2	1	106285454
S3198	02	2	3	2	950	312	000	1	2	95995123
S3198	03	2	3	2	950	000	000	2	1	125952172
S3199	02	2	3	2	011	000	000	3	2	124446174
S3211	01	1	3	1	611	000	000	3	1	171753106
S3215	01	1	3	2	732	000	000	2	1	74355532
S3216	02	1	3	2	021	111	111	3	2	80956905
S3217	01	1	3	1	615	311	000	3	1	162832646
S3217	02	1	3	1	000	000	311	3	1	149541341
S3222	01	1	3	2	424	000	000	2	1	85631945
S3222	02	1	3	2	940	000	000	2	1	74355532
S3224	01	1	3	2	021	321	000	3	1	108574052
S3227	01	2	3	1	424	000	000	2	1	169861161
S3234	01	2	3	1	512	111	111	2	1	228343490
S3234	02	2	3	1	821	311	000	2	2	248638768
S3236	01	2	3	2	611	111	111	2	1	73886533
S3236	02	2	3	2	611	321	000	2	1	77913085
S3242	01	1	3	1	511	111	111	3	1	162832646
S3244	01	1	4	2	512	312	000	2	2	133998469
S3244	02	1	4	2	523	311	381	1	2	121025024
S3244	03	1	4	2	936	031	212	2	2	158793115
S3247	01	1	4	2	383	312	000	2	1	78727375
S3247	02	1	4	2	011	311	381	2	1	118672547
S3249	01	1	4	1	384	111	111	2	1	167003945
S3249	02	1	4	1	384	111	111	2	1	181847334
S3249	03	1	4	1	960	031	211	1	1	234284199
S3250	01	1	4	1	711	111	111	2	1	223031443
S3250	02	1	4	1	960	212	212	1	1	206694029
S3251	01	1	4	1	021	111	111	1	1	197200486
S3252	01	1	4	2	021	000	000	3	1	73534829
S3258	01	1	4	1	021	111	000	2	1	248465493
S3262	01	1	4	2	611	000	000	2	1	80835044
S3265	01	1	4	1	032	910	910	2	1	150600591
S3265	02	1	4	1	032	910	910	2	1	169861161
S3269	01	1	4	2	735	111	000	3	1	77913085
S3269	02	1	4	2	611	311	000	3	1	73886533
S3273	01	1	4	1	611	000	000	3	1	171753106
S3280	03	1	4	2	821	339	339	3	2	147510590
S3280	04	1	4	2	713	311	000	2	2	174805475
S3290	01	1	4	1	611	339	311	2	1	171753106
S3291	01	1	4	1	938	381	383	4	1	143529604
S3295	01	1	4	2	611	361	936	2	1	73534829
S3299	01	1	4	1	011	000	000	2	1	214259626
S3300	01	1	4	2	514	000	000	3	1	74355532
S3300	02	1	4	2	614	936	000	3	1	85631945
S3303	01	1	4	2	611	011	000	2	1	106808728
S3303	02	1	4	2	512	615	615	3	1	106526561
S3303	03	1	4	2	611	516	000	2	1	140140362
S3303	04	1	4	2	361	516	000	3	1	145949561
S3317	01	1	4	2	021	311	000	2	1	96343186
S3320	01	1	4	2	519	111	111	2	1	116976489
S3320	02	1	4	2	611	339	000	2	1	92392961
S3329	01	2	4	1	821	111	910	3	1	90670815
S3336	02	2	4	2	383	391	391	3	1	47989637
S3337	01	3	4	1	021	371	371	3	1	234921337
S3337	02	3	4	1	021	910	910	2	1	126900013
S3345	01	2	4	1	383	910	910	3	1	96677151
S3345	02	2	4	1	384	344	381	3	1	89595393
S3350	02	2	4	2	021	321	311	2	1	57843280
S3350	03	2	4	2	821	312	312	1	1	79040370
S3357	01	2	4	2	960	312	936	1	1	44340592
S3359	01	2	4	2	111	910	111	3	1	59937489
S3365	01	2	4	2	821	321	321	2	1	63126794
S3365	02	2	4	2	321	936	311	2	1	85952003
S3372	01	1	4	2	513	312	312	1	1	118100331
S3372	02	1	4	2	513	910	910	1	1	124536377
S3372	03	1	4	2	513	111	111	1	1	124866249
S3372	04	1	4	2	519	950	733	1	1	163833066
S3373	01	1	4	2	950	321	321	1	1	46980626
S3373	02	1	4	2	936	111	111	1	1	44552665
S3375	01	1	4	2	513	321	321	1	1	49380720
S3375	02	1	4	2	512	321	321	1	1	52071793
S3375	03	1	4	2	950	000	000	1	1	71342352
S3375	04	1	4	2	513	111	111	1	1	68502728
S3376	01	1	4	2	021	312	312	2	1	46223515
S3376	02	1	4	2	021	371	371	1	1	48742531
S3376	03	1	4	2	021	212	212	1	1	64122938
S3386	01	2	1	1	519	000	000	2	1	225681891
S3395	01	2	1	1	111	940	111	2	1	135048886
S3395	02	2	1	1	111	000	000	2	1	152320521
S3395	03	2	1	1	821	031	000	2	1	130188079
S3398	01	2	1	2	910	000	000	2	1	85889234
S3398	02	2	1	2	212	615	000	2	1	100544273
S3398	03	2	1	2	522	031	031	1	1	100544273
S3401	01	2	1	1	111	950	000	2	1	107548351
S3401	02	2	1	1	311	910	000	2	1	125831958
S3408	01	2	1	2	950	000	950	1	1	59554604
S3408	02	2	1	2	425	331	950	1	1	73499897
S3416	01	1	1	2	519	000	000	1	1	36432056
S3426	01	2	1	1	719	111	000	2	1	121071443
S3430	01	2	1	2	531	311	000	2	1	44835465
S3430	02	2	1	2	529	000	000	2	1	51635003
S3434	01	3	1	1	341	000	000	3	1	126304787
S3439	01	3	1	2	000	111	111	3	1	77889733
S3439	02	3	1	2	512	000	950	2	1	86239231
S3439	03	3	1	2	212	000	000	2	1	106432990
S3439	04	3	1	2	512	212	212	2	1	106432990
S3440	01	3	1	2	341	000	000	1	1	53722943
S3440	02	3	1	2	611	000	950	1	1	45892444
S3444	01	1	1	2	511	000	000	2	1	58442085
S3444	02	1	1	2	960	322	000	2	1	54036177
S3444	03	1	1	2	938	329	000	3	1	61626970
S3444	04	1	1	2	011	615	211	3	1	84433677
S3445	01	1	1	2	821	000	000	3	1	99821584
S3445	02	1	1	2	000	031	391	4	1	105261504
S3448	01	1	1	2	611	821	000	3	1	42951279
S3453	01	2	1	2	611	321	000	1	1	55741891
S3460	01	2	1	2	000	000	000	2	1	58082253
S3460	02	2	1	2	000	000	000	2	1	57928811
S3461	01	2	1	2	021	831	000	1	1	44340592
S3473	01	1	1	1	519	312	000	3	1	121071443
S3491	01	2	1	1	512	000	000	2	2	90670815
S3497	01	2	1	1	424	000	000	1	1	92461389
S3498	01	2	1	1	424	000	000	3	1	125831958
S3498	02	2	1	1	424	000	000	3	1	107548351
S3502	01	2	1	2	021	000	939	1	1	53436325
S3503	01	2	1	2	521	031	000	1	1	72999612
S3504	01	2	1	2	512	312	111	2	1	46223515
S3508	02	2	1	2	511	910	000	1	1	53494220
S3508	03	2	1	2	611	000	000	2	1	63881545
S3515	01	2	1	1	821	821	000	3	1	854557531
S3515	03	2	1	1	021	111	000	2	1	854557531
S3518	01	2	1	2	021	000	000	2	1	48742531
S3522	01	1	2	1	411	910	000	2	1	174345103
S3522	03	1	2	1	950	950	950	3	1	192769095
S3525	01	1	2	2	000	000	392	3	1	71099383
S3526	01	1	2	2	531	311	000	2	1	44835465
S3526	02	1	2	2	000	000	000	3	1	51635003
S3529	03	2	2	1	519	516	000	2	1	209650844
S3543	01	1	2	2	611	321	000	1	1	48708516
S3547	01	2	2	1	361	000	000	2	1	107402150
S3547	02	2	2	1	821	000	000	2	1	175827583
S3551	01	2	2	2	611	000	000	1	2	48428002
S3551	02	2	2	2	812	000	000	3	1	45803915
S3553	01	3	2	1	519	000	000	3	1	105447998
S3559	01	3	2	2	525	332	000	1	1	46223515
S3559	02	3	2	2	613	111	000	2	1	48742531
S3559	03	3	2	2	614	940	614	2	1	64122938
S3561	01	3	2	1	821	011	111	2	1	91811061
S3561	02	3	2	1	344	312	344	2	1	99971272
S3570	02	3	2	1	611	000	000	2	1	104286436
S3582	01	1	2	2	021	331	311	2	1	44835465
S3584	01	1	2	2	513	940	000	1	1	44340592
S3593	01	3	2	1	821	321	111	2	1	91811061
S3593	02	3	2	1	821	940	111	3	1	99971272
S3594	01	3	2	1	910	312	000	1	1	120434577
S3594	02	3	2	1	611	000	000	1	1	110604038
S3595	01	3	2	1	940	722	000	2	1	107548351
S3596	01	3	2	2	021	361	000	2	1	58856563
S3596	02	3	2	2	000	361	000	2	1	62672402
S3602	02	2	2	1	381	031	381	3	1	122702670
S3603	01	2	2	1	512	531	000	3	1	212938166
S3604	01	2	2	2	000	000	000	3	1	54297172
S3611	01	3	2	1	000	000	000	1	1	104286436
S3611	02	3	2	1	940	411	000	3	1	92461389
S3613	01	3	2	2	021	383	938	3	1	35378500
S3615	01	3	2	2	529	331	311	2	1	54297172
S3618	01	2	2	1	021	111	000	3	1	110681317
S3618	02	2	2	1	021	938	938	2	2	120518725
S3618	03	2	2	1	429	032	032	2	1	146047639
S3618	04	2	2	1	531	031	211	2	1	146047639
S3619	02	2	2	1	411	940	000	2	1	104286436
S3625	01	2	2	1	000	000	513	2	2	107548351
S3625	02	2	2	1	513	000	371	2	1	125831958
S3631	01	2	2	2	616	960	000	1	2	52834907
S3631	02	2	2	2	021	900	000	1	2	52695328
S3631	03	2	2	2	513	000	000	1	2	69323015
S3634	01	3	2	1	351	821	000	3	1	125831958
S3634	02	3	2	1	611	031	000	2	1	107548351
S3635	01	3	2	1	111	910	111	2	2	142427564
S3635	02	3	2	1	111	111	111	2	2	152031823
S3639	01	3	2	2	519	000	111	1	1	72999612
S3645	02	1	2	2	719	000	000	2	1	51635003
S3649	02	2	2	1	611	321	381	2	1	291204977
S3649	03	2	2	1	950	821	000	2	1	301660532
S3649	04	2	2	1	614	000	614	1	1	320711506
S3652	02	2	3	2	611	000	000	2	1	51635003
S3662	02	2	3	2	525	339	361	2	1	42774019
S3663	03	2	3	2	519	341	821	2	1	86021807
S3663	04	2	3	2	391	321	321	3	1	74694055
S3664	01	2	3	2	519	311	000	2	1	55978397
S3665	01	2	3	1	611	000	000	2	1	191863330
S3670	01	2	3	2	613	111	111	3	1	54297172
S3675	01	3	3	1	344	111	111	3	1	110372162
S3675	02	3	3	1	111	000	910	2	1	120182740
S3678	01	3	3	2	311	321	000	3	1	81117686
S3680	01	3	3	2	344	111	111	3	1	55978397
S3683	01	2	3	1	000	322	031	1	2	126304787
S3685	01	2	3	2	021	312	000	1	2	46191258
S3685	02	2	3	2	812	361	000	2	2	48708516
S3685	03	2	3	2	732	011	000	2	2	66734405
S3687	02	2	3	2	021	950	000	2	1	44552665
S3688	01	2	3	2	611	000	000	1	1	53436325
S3691	01	3	3	1	111	312	000	3	1	111645359
S3691	02	3	3	1	812	312	936	2	1	102532245
S3691	03	3	3	1	529	429	000	3	1	143839027
S3692	01	3	3	2	519	000	000	2	1	46980626
S3692	02	3	3	2	021	000	000	1	2	44552665
S3694	01	3	3	2	936	312	000	2	1	44340592
S3703	01	2	3	2	950	936	324	1	1	44552665
S3703	02	2	3	2	529	936	324	1	1	46980626
S3705	01	2	3	1	021	032	032	3	1	125831958
S3705	02	2	3	1	021	392	312	3	1	107548351
S3707	02	2	3	1	021	111	031	3	1	132028946
S3707	04	2	3	1	734	321	000	2	1	181570659
S3712	01	2	3	2	344	321	000	2	2	44552665
S3712	02	2	3	2	344	321	321	2	1	46980626
S3716	01	2	3	2	939	312	000	2	1	53436325
S3717	01	2	3	2	529	000	000	2	1	45700039
S3717	02	2	3	2	713	611	000	1	1	62447150
S3725	01	2	3	2	000	000	000	2	1	44340592
S3730	02	1	3	1	611	821	000	3	1	107548351
S3731	01	1	3	1	021	000	000	2	1	236222001
S3731	02	1	3	1	812	938	311	1	2	216940249
S3733	01	1	3	2	000	321	000	2	1	55062079
S3733	03	1	3	2	000	000	000	2	1	63412537
S3734	01	1	3	2	021	000	000	4	1	54297172
S3741	01	3	3	2	514	321	361	3	1	42951279
S3743	01	3	3	2	519	312	000	2	1	42951279
S3746	02	3	3	1	011	615	000	3	1	91811061
S3748	01	3	3	2	812	910	111	3	1	52736476
S3748	02	3	3	2	011	212	212	3	1	69377147
S3748	05	3	3	2	519	938	938	2	1	50011052
S3750	01	3	3	2	384	515	000	1	1	64088813
S3750	02	3	3	2	384	311	381	2	1	57883871
S3754	01	2	3	1	521	000	000	1	2	102603718
S3754	04	2	3	1	211	011	000	2	1	143939294
S3757	01	2	3	2	381	000	000	2	1	126721747
S3757	04	2	3	2	611	516	000	2	1	105847460
S3763	02	2	4	1	221	000	129	3	1	98632453
S3766	02	2	3	2	011	312	322	3	1	131104521
S3766	03	2	3	2	011	000	000	2	1	109508279
S3766	04	2	3	2	011	111	111	2	1	130772222
S3771	01	1	4	1	344	000	000	2	1	90670815
S3773	01	1	4	2	711	361	111	2	1	47377788
S3773	03	1	4	2	950	031	211	2	1	64739723
S3775	01	1	4	2	732	821	324	2	1	71292429
S3775	03	1	4	2	910	910	111	2	2	49346165
S3782	02	2	4	2	936	321	000	2	1	74974045
S3783	01	2	4	2	614	354	000	1	1	93531149
S3783	05	2	4	2	111	900	000	3	1	93531149
S3790	01	2	4	2	525	321	000	2	1	60280906
S3790	02	2	4	2	000	000	000	2	1	65009524
S3790	04	2	4	2	614	212	000	2	1	85522879
S3807	01	3	4	2	531	000	000	1	2	51635003
S3807	02	3	4	2	950	312	000	1	2	44835465
S3810	01	1	4	1	940	000	615	2	1	98632453
S3810	02	1	4	1	519	311	936	1	2	108566979
S3815	01	1	4	2	344	000	529	1	1	49346165
S3815	02	1	4	2	344	000	529	2	1	52035355
S3815	04	1	4	2	529	212	000	1	2	71292429
S3817	02	2	4	1	324	980	722	3	2	126900013
S3821	01	2	4	2	011	000	000	2	1	53436325
S3824	01	2	4	2	611	312	311	3	1	42951279
S3825	01	2	4	1	831	031	031	3	1	105447998
S3833	01	2	4	1	713	311	000	2	1	92461389
S3833	02	2	4	1	711	000	321	2	1	104286436
S3839	01	2	4	2	950	311	000	2	1	53930886
S3840	01	2	4	2	519	332	000	1	2	53930886
S3840	02	2	4	2	734	021	344	2	1	63132962
S3843	01	2	4	1	611	312	000	3	1	107548351
S3843	02	2	4	1	611	321	000	3	1	125831958
S3844	01	2	4	2	940	323	000	1	1	51635003
S3844	02	2	4	2	936	321	000	1	1	44835465
S3849	01	3	4	1	021	936	354	2	1	99279931
S3852	01	3	4	2	341	936	936	2	1	32425131
S3857	01	2	4	1	812	821	111	2	1	71270397
S3864	01	2	4	2	821	960	960	2	2	33635270
S3864	02	2	4	2	614	031	324	2	2	44248673
S3864	03	2	4	2	732	000	031	2	2	46082901
S3871	01	1	4	2	511	910	111	2	1	42299299
S3871	02	1	4	2	733	311	000	2	2	46833631
S3871	03	1	4	2	821	031	221	2	2	57800184
S3872	01	1	4	2	021	321	311	2	1	32425131
S3877	01	2	4	2	615	011	111	2	1	40935558
S3881	01	2	4	1	960	821	000	3	1	95166342
S3882	01	2	4	1	615	938	384	2	1	84156260
S3882	02	2	4	1	425	011	512	2	1	108859640
S3882	03	2	4	1	614	211	000	2	1	115734527
S3883	01	2	4	1	960	322	995	2	2	78580877
S3883	02	2	4	1	361	995	111	2	1	72166670
S3884	01	2	4	2	519	312	312	2	1	37759346
S3884	02	2	4	2	950	329	000	2	1	32787020
S3894	01	3	4	2	344	321	329	2	1	34355720
S3894	02	3	4	2	936	329	332	3	2	32580215
S3897	01	1	1	1	383	111	111	2	1	95475021
S3902	01	1	1	2	512	321	344	1	2	40935558
S3903	01	1	4	2	611	011	311	1	2	39706122
S3910	01	1	1	2	513	361	031	3	2	34355720
S3910	02	1	1	2	424	361	391	1	2	32580215
S3913	01	3	1	1	531	936	361	3	1	71270397
S3925	01	1	1	2	512	000	000	3	1	32425131
S3929	01	2	1	1	392	000	391	3	1	106153095
S3929	02	2	1	1	021	031	000	3	1	102332333
S3929	03	2	1	1	344	353	353	2	1	119729198
S3936	02	2	1	2	341	000	000	2	1	41505347
S3936	03	2	1	2	311	321	321	1	1	36039730
S3937	01	2	1	1	512	321	311	2	1	86938599
S3941	01	2	1	2	021	352	352	3	2	46570231
S3941	02	2	1	2	021	332	000	3	2	44163479
S3942	01	2	1	2	344	311	000	2	1	46167507
S3942	02	2	1	2	344	111	111	3	1	39438266
S3947	01	3	1	1	000	000	000	1	1	71270397
S3950	01	3	1	2	621	000	000	1	1	54826586
S3950	02	3	1	2	519	312	519	2	1	60858644
S3950	03	3	1	2	611	312	000	1	1	60864590
S3953	01	2	1	1	711	111	111	2	1	78580877
S3953	02	2	1	1	511	531	012	4	1	72166670
S3956	01	2	1	2	812	936	111	2	1	31409163
S3958	01	2	1	2	383	311	321	2	1	59210893
S3958	04	2	1	2	513	031	000	1	2	73082843
S3958	05	2	1	2	311	000	000	1	2	49462189
S3969	01	1	1	1	424	429	940	2	1	82885773
S3976	01	1	1	2	000	000	000	2	1	36039730
S3976	02	1	1	2	000	000	000	3	1	41505347
S3976	03	1	1	2	000	111	111	3	1	38978275
S3983	01	1	1	2	425	000	000	3	1	39076606
S3984	01	1	1	2	960	000	000	2	1	55563967
S3984	02	1	1	2	611	021	611	1	1	58592005
S3987	01	3	1	1	021	111	111	2	1	78580877
S3987	02	3	1	1	021	031	111	2	2	84421805
S3991	01	3	1	2	611	321	000	3	2	31409163
S3997	01	2	1	2	011	324	900	2	1	39706122
S4017	01	2	1	1	032	312	011	2	2	82885773
S4020	01	2	1	2	341	321	000	2	1	48450111
S4026	01	1	1	1	512	331	331	2	2	84156260
S4026	02	1	1	1	512	312	312	2	2	115734527
S4026	03	1	1	1	000	000	000	2	2	108859640
S4027	01	1	2	1	111	331	311	2	1	60823678
S4027	02	1	2	1	111	031	111	2	1	85327486
S4027	03	1	2	1	011	011	011	2	1	85327486
S4036	01	1	2	2	611	331	321	2	2	31757647
S4036	02	1	2	2	341	980	980	1	2	33816586
S4039	01	1	2	2	611	312	000	2	1	39706122
S4047	01	2	2	2	616	312	000	1	2	54093346
S4054	01	2	2	2	384	031	331	2	1	43759274
S4065	01	2	2	1	511	321	000	3	1	80650071
S4065	02	2	2	1	311	111	000	2	1	87818288
S4065	03	2	2	1	615	031	212	2	1	113141264
S4065	04	2	2	1	614	212	031	2	1	106420422
S4073	01	2	2	1	938	000	000	2	1	75649927
S4073	02	2	2	1	383	312	000	2	1	69474960
S4081	01	1	2	1	920	212	212	5	2	91296208
S4081	02	1	2	1	936	821	361	4	2	86276635
S4088	01	1	2	2	950	321	000	2	1	39076606
S4096	01	1	2	2	939	011	031	2	1	46693586
S4096	03	1	2	2	611	332	312	2	1	44163479
S4097	01	1	2	1	221	361	936	1	1	84536724
S4097	02	1	2	1	711	361	361	1	1	98908271
S4098	01	1	2	1	021	111	111	2	1	95020066
S4101	02	1	2	2	960	331	000	2	2	42751921
S4111	01	3	2	2	611	312	000	1	1	52302907
S4116	01	2	2	2	821	611	611	4	1	34355720
S4116	02	2	2	2	936	311	391	3	1	32580215
S4124	01	2	2	2	111	031	111	2	1	46167507
S4131	01	2	2	1	612	111	421	2	2	78580877
S4131	02	2	2	1	021	111	111	3	1	72166670
S4140	01	1	3	2	615	910	111	3	1	68827497
S4140	02	1	3	2	021	031	611	3	1	69318549
S4140	03	1	3	2	531	821	531	3	1	60190360
S4140	04	1	3	2	722	111	111	3	1	68645668
S4144	01	1	3	2	611	980	011	2	2	52337213
S4144	02	1	3	2	611	980	980	2	2	57947574
S4144	03	1	3	2	611	980	980	2	2	68670007
S4147	01	3	3	1	910	910	000	3	1	69891978
S4149	01	3	3	2	615	321	111	2	1	51433450
S4149	02	3	3	2	341	031	111	2	1	56946930
S4159	01	1	3	2	111	111	111	3	1	39706122
S4167	01	1	3	2	615	312	129	1	1	30027035
S4167	02	1	3	2	611	311	039	2	1	30100394
S4168	01	1	3	2	011	960	960	2	2	75405030
S4168	02	1	3	2	011	615	615	2	2	67969388
S4183	01	1	3	2	523	936	361	2	2	51955040
S4183	02	1	3	2	523	940	936	2	2	49270001
S4183	03	1	3	2	519	936	321	2	2	68349134
S4183	04	1	3	2	529	950	950	2	1	68349134
S4183	05	1	3	2	361	021	311	1	2	71182392
S4184	01	1	3	2	361	000	031	2	1	79959500
S4184	02	1	3	2	515	361	000	3	1	117477220
S4184	03	1	3	2	516	312	311	3	1	95485762
S4184	04	1	3	2	611	321	331	3	1	95485762
S4184	05	1	3	2	614	325	212	2	1	214318248
S4184	06	1	3	2	735	011	011	3	1	214318248
S4189	01	1	3	2	031	938	938	1	1	107161996
S4189	02	1	3	2	000	000	000	3	1	157443373
S4189	03	1	3	2	612	111	311	2	1	127970346
S4194	01	1	3	1	361	111	111	3	1	167376763
S4196	01	1	3	2	021	332	332	2	1	40265478
S4196	02	1	3	2	731	615	000	3	1	40265478
S4196	03	1	3	2	613	341	341	2	1	46371953
S4197	01	1	3	2	344	321	341	2	1	70393078
S4197	02	1	3	2	613	000	000	1	1	74956862
S4198	01	1	3	2	611	000	000	1	1	58592005
S4198	04	1	3	2	519	519	519	1	2	77080352
S4202	01	2	3	1	611	311	000	3	1	98908271
S4202	02	2	3	1	311	000	321	2	1	84536724
S4206	01	2	3	2	000	936	000	1	1	27222247
S4206	02	2	3	2	021	000	936	1	1	27222247
S4209	01	2	3	1	000	329	111	2	1	92802780
S4209	02	2	3	1	000	000	111	2	1	174226106
S4222	01	2	3	2	521	939	361	2	2	39706122
S4229	01	1	3	2	021	111	111	3	2	31409163
S4231	02	1	3	2	821	312	000	2	1	81163109
S4231	03	1	3	2	021	000	519	1	1	70475173
S4234	01	1	3	1	384	000	000	3	1	88121210
S4234	02	1	3	1	311	321	000	3	1	95086446
S4234	03	1	3	1	936	920	211	3	1	113988469
S4250	01	1	3	1	812	000	000	2	1	98908271
S4250	02	1	3	1	514	000	936	2	1	84536724
S4254	01	1	3	2	522	000	032	2	1	32425131
S4255	01	1	4	2	021	000	000	2	1	37759346
S4255	02	1	4	2	311	312	000	2	1	32787020
S4264	01	2	4	2	611	000	000	2	1	64684915
S4264	02	2	4	2	611	341	341	2	1	39685555
S4271	01	1	4	2	032	950	950	3	2	51645409
S4276	01	2	4	2	021	611	611	2	2	39706122
S4277	03	2	4	2	361	000	000	2	1	36933597
S4278	03	2	4	2	611	311	000	2	1	43236906
S4280	01	2	4	2	111	111	000	2	1	38978275
S4285	01	1	4	2	511	910	111	3	1	47566325
S4285	02	1	4	2	129	312	129	3	1	77530066
S4292	01	3	4	2	383	312	000	2	2	36044656
S4292	02	3	4	2	381	381	000	2	2	36140131
S4295	01	3	4	2	950	611	611	3	1	39076606
S4296	01	3	4	2	611	000	000	1	1	39076606
S4298	01	1	4	1	615	111	111	4	1	95166342
S4309	01	2	4	2	711	312	000	1	2	31409163
S4313	01	1	4	1	612	000	111	2	1	55536418
S4315	01	1	4	1	722	321	362	1	1	98908271
S4315	02	1	4	1	821	362	362	3	1	84536724
S4324	01	2	4	2	381	361	361	3	1	11701922
S4334	01	2	4	2	821	353	353	1	1	21523448
S4334	02	2	4	2	812	371	371	3	2	23891472
S4334	03	2	4	2	821	325	321	2	1	29488775
S4342	01	2	4	2	021	332	111	2	1	18979425
S4348	01	2	4	2	021	421	995	2	2	20759923
S4348	02	2	4	2	021	312	936	2	1	19687049
S4355	01	2	4	1	011	531	531	3	1	60984545
S4355	02	2	4	1	821	531	531	3	1	52123383
S4356	01	2	4	2	821	361	111	1	1	18979425
S4360	01	2	4	2	513	950	031	1	2	19593338
S4366	01	3	1	2	519	000	000	2	1	40014023
S4366	02	3	1	2	344	361	000	3	1	36397792
S4366	03	3	1	2	361	311	000	3	1	31604761
S4373	01	2	1	2	611	936	936	2	1	27026234
S4373	02	2	1	2	821	900	032	3	1	28778422
S4380	01	3	1	2	382	111	311	3	1	17018902
S4383	01	3	1	2	339	361	361	2	2	31604761
S4383	02	3	1	2	960	000	000	1	1	36397792
S4383	03	3	1	2	821	000	000	2	1	40014023
S4384	01	3	1	2	611	311	312	2	1	24261339
S4386	01	2	1	1	111	312	000	1	1	184316577
S4386	02	2	1	1	519	011	111	3	1	97603152
S4386	04	2	1	1	324	031	615	3	1	136924169
S4386	05	2	1	1	021	950	000	2	1	198160194
S4388	01	2	1	2	512	111	000	3	2	41420146
S4388	02	2	1	2	021	111	910	3	1	37335732
S4388	03	2	1	2	021	311	221	3	1	30346571
S4395	01	2	1	1	511	391	514	3	1	44811476
S4403	01	2	1	1	900	111	111	1	1	44496294
S4403	02	2	1	1	611	361	361	2	1	48451146
S4404	01	2	1	2	512	332	000	2	1	19687049
S4405	01	2	1	2	938	011	111	2	1	11701922
S4407	01	2	1	2	519	312	000	2	1	19812014
S4407	02	2	1	2	341	000	000	2	1	22816612
S4409	01	2	1	1	613	821	950	2	1	58677358
S4411	01	2	1	1	511	111	111	3	1	50206588
S4411	02	2	1	1	021	031	111	2	1	46108448
S4411	03	2	1	1	512	311	211	2	1	64683986
S4411	04	2	1	1	615	031	920	2	1	64683986
S4412	01	2	1	2	111	312	111	2	1	23992978
S4419	01	2	1	1	344	821	039	2	1	51105445
S4422	01	2	1	2	421	936	936	2	2	20759923
S4423	01	2	1	2	344	311	000	2	1	23183563
S4423	02	2	1	2	512	312	331	2	1	20327968
S4434	01	3	2	1	611	031	111	2	1	84099450
S4434	02	3	2	1	960	361	000	2	2	92986696
S4434	03	3	2	1	032	312	939	2	2	79475563
S4445	02	2	2	2	950	021	021	1	2	23268850
S4449	01	2	2	1	424	321	000	1	1	52123383
S4450	01	2	2	1	021	000	000	2	1	52123383
S4452	01	2	2	2	936	321	321	2	1	19812014
S4452	02	2	2	2	391	032	516	2	1	22816612
S4458	01	2	2	1	712	325	000	3	1	58457727
S4459	01	2	2	1	021	111	111	3	1	89838350
S4459	02	2	2	1	021	321	938	3	1	83257546
S4459	03	2	2	1	920	211	000	3	1	114498585
S4459	04	2	2	1	614	920	000	2	1	114498585
S4460	01	2	2	2	611	940	311	3	2	19812014
S4460	02	2	2	2	940	940	940	3	2	22816612
S4470	02	3	2	2	383	821	936	2	1	43281214
S4470	03	3	2	2	614	212	212	2	1	78959597
S4471	01	3	2	2	021	000	321	2	2	19593338
S4473	01	3	2	1	812	424	424	2	2	51105445
S4477	01	3	2	2	431	936	431	2	1	23992978
S4481	01	3	2	1	616	321	311	3	1	46108448
S4481	02	3	2	1	000	000	111	3	1	50206588
S4481	03	3	2	1	812	111	111	2	1	64683986
S4481	04	3	2	1	615	311	221	3	1	64683986
S4482	01	3	2	1	936	312	936	2	1	47802286
S4484	01	3	2	2	011	111	111	2	1	18979425
S4490	01	3	3	1	039	512	000	2	1	52123383
S4493	01	3	3	2	812	325	000	1	1	23612584
S4503	01	2	3	2	950	324	111	2	1	23225537
S4503	02	2	3	2	383	321	324	2	2	20976890
S4506	01	3	3	1	821	000	000	2	1	50914226
S4506	02	3	3	1	811	936	000	2	1	50914226
S4507	01	3	3	1	940	332	940	3	1	49726963
S4507	02	3	3	1	021	031	111	2	1	54146719
S4507	03	3	3	1	611	000	000	2	1	65616363
S4507	04	3	3	1	950	341	341	3	1	69760278
S4509	01	3	3	2	960	111	111	3	1	20759923
S4509	02	3	3	2	960	311	000	4	1	19687049
S4510	01	3	3	2	000	031	031	3	2	17220401
S4513	01	2	3	1	111	111	111	3	1	44496294
S4513	02	2	3	1	939	900	311	2	1	48451146
S4529	01	2	3	1	000	910	111	2	1	66363406
S4529	02	2	3	1	910	321	321	2	2	61502179
S4537	01	2	3	1	529	000	936	1	2	128093206
S4537	02	2	3	1	432	000	000	1	2	109497898
S4537	03	2	3	1	000	321	312	3	1	178887081
S4537	04	2	3	1	000	339	339	1	2	132692322
S4537	05	2	3	1	000	000	000	2	2	132692322
S4542	01	2	3	2	519	321	343	1	2	18979425
S4544	01	2	3	2	021	432	311	2	2	24330977
S4547	01	3	3	1	950	311	111	2	1	56502714
S4548	01	3	3	2	615	021	021	2	2	18979425
S4551	01	3	3	2	344	615	000	3	2	31079380
S4551	02	3	3	2	734	615	000	3	2	34410977
S4553	01	3	4	1	910	940	432	3	2	48451146
S4553	02	3	4	1	000	432	939	3	2	44496294
S4559	01	3	4	2	821	031	031	3	1	19593338
S4563	01	2	4	1	511	910	111	2	1	54146719
S4563	02	2	4	1	311	312	312	3	1	49726963
S4566	01	2	4	2	525	331	361	2	1	29792900
S4566	02	2	4	2	516	936	129	3	1	31416506
S4572	01	2	4	2	429	321	382	2	2	12851586
S4573	01	2	4	2	512	000	000	2	1	18934007
S4574	01	2	4	2	821	000	000	3	1	19812014
S4577	01	2	4	1	383	381	111	3	1	58587168
S4577	02	2	4	1	381	361	910	3	1	54295563
S4578	01	2	4	1	611	000	000	2	1	44811476
S4581	01	2	4	2	111	111	111	2	2	21805214
S4581	04	2	4	2	615	000	000	5	2	22993520
S4585	01	2	4	1	311	012	000	3	1	42394210
S4585	02	2	4	1	211	821	212	3	1	64467672
S4590	01	2	4	2	513	950	000	2	2	19190001
S4590	02	2	4	2	513	950	950	1	2	20434144
S4593	01	2	4	1	424	311	900	3	1	99226655
S4593	02	2	4	1	812	821	111	2	1	108045967
S4607	01	1	4	2	513	331	311	1	2	43433754
S4607	02	1	4	2	612	111	111	2	2	45800738
S4607	03	1	4	2	612	212	212	2	2	62750525
S4607	04	1	4	2	513	021	392	1	2	60252880
S4609	01	1	4	1	424	329	031	2	2	102048405
S4618	01	1	1	1	512	432	000	3	2	102048405
S4619	01	1	1	1	821	812	812	2	1	121775197
S4619	02	1	1	1	512	000	000	2	1	104081044
S4623	01	1	1	2	511	312	311	1	2	40628401
S4623	02	1	1	2	392	311	311	1	1	42842504
S4623	03	1	1	2	511	950	212	2	2	58697517
S4624	01	1	1	2	000	000	000	1	2	39187145
S4624	02	1	1	2	000	000	000	3	2	41322705
S4626	02	2	1	1	910	111	111	2	2	153352309
S4627	01	2	1	1	000	000	000	3	1	179154458
S4627	03	2	1	1	821	111	000	1	1	182754203
S4629	01	2	1	2	381	321	381	3	2	40452849
S4629	02	2	1	2	381	332	381	4	2	40452849
S4631	01	2	1	2	021	321	361	2	2	40628401
S4634	01	1	1	1	111	000	000	2	1	117168159
S4642	01	1	1	1	021	031	111	2	1	89396006
S4657	01	1	1	1	311	000	000	3	1	108271544
S4657	02	1	1	1	383	000	000	3	1	160514534
S4664	01	1	1	2	383	311	000	2	1	30027588
S4674	01	2	2	1	021	362	000	3	1	108045967
S4674	02	2	2	1	615	000	000	2	1	99226655
S4674	03	2	2	1	613	211	000	2	1	139201726
S4678	01	2	2	2	525	322	311	1	1	41915105
S4678	03	2	2	2	011	960	525	2	2	57426910
S4679	01	2	2	2	111	011	039	2	2	87415879
S4685	02	2	2	2	821	000	111	2	1	46963390
S4694	01	3	2	2	611	000	000	2	1	39000612
S4701	01	2	2	2	011	000	000	2	1	41322705
S4701	02	2	2	2	519	000	000	2	1	39187145
S4710	01	2	2	2	611	821	531	4	1	184655017
S4710	02	2	2	2	514	331	000	2	1	184655017
S4710	05	2	2	2	821	321	000	3	1	184655017
S4711	01	2	2	2	812	321	722	2	1	58252681
S4720	01	1	2	2	519	311	611	2	2	40462897
S4723	02	3	2	1	511	000	000	2	1	104081044
S4729	01	2	2	1	344	311	000	3	1	106791841
S4729	03	2	2	1	938	381	381	2	1	108937606
S4738	01	3	2	1	341	312	000	3	1	117168159
S4750	01	3	2	2	613	000	411	2	1	47758113
S4752	01	3	2	2	936	312	000	2	2	167706067
S4752	02	3	2	2	525	000	000	2	2	196321285
S4752	03	3	2	2	511	439	439	3	2	196321285
S4752	04	3	2	2	344	910	000	2	2	177313877
S4752	05	3	2	2	000	821	000	3	1	176845449
S4755	01	2	2	1	381	312	312	3	2	107038217
S4755	03	2	2	1	821	211	000	4	2	141240449
S4756	01	2	2	2	611	111	111	3	1	48106277
S4756	03	2	2	2	311	032	611	2	1	50727898
S4766	01	1	2	2	031	995	000	2	1	47000938
S4771	01	3	3	1	361	111	000	2	1	116077039
S4771	02	3	3	1	344	936	361	1	1	190029205
S4771	03	3	3	1	960	311	000	2	1	139201726
S4774	01	3	3	2	021	361	000	1	1	50952390
S4777	01	3	3	1	722	111	000	2	1	96748247
S4777	02	3	3	1	344	821	111	3	1	88851117
S4781	01	3	3	2	021	000	111	3	1	41322705
S4782	03	3	3	2	423	354	354	2	1	100260695
S4783	01	3	3	2	383	011	383	2	2	51083868
S4783	02	3	3	2	383	381	000	3	2	46138037
S4785	01	2	3	1	514	111	111	2	2	88851117
S4786	01	2	3	1	910	111	000	3	2	88851117
S4787	01	2	3	1	938	111	000	2	1	116988065
S4789	01	2	3	2	960	312	000	2	1	30951507
S4789	02	2	3	2	615	995	000	2	1	42937054
S4790	01	2	3	2	341	000	000	2	1	79648061
S4807	01	3	3	2	021	321	000	2	1	52004903
S4807	03	3	3	2	950	000	000	2	1	59891724
S4810	02	1	3	1	511	910	910	2	1	141302729
S4811	01	1	3	1	821	411	411	3	2	99295824
S4811	02	1	3	1	352	111	000	2	1	108121284
S4811	03	1	3	1	111	031	910	1	1	131024106
S4811	04	1	3	1	519	920	211	2	1	139298761
S4815	01	1	3	2	424	000	000	1	2	39435888
S4819	01	3	3	1	611	000	000	2	1	117168159
S4823	01	3	3	2	512	332	000	2	1	48292285
S4823	02	3	3	2	512	031	000	2	1	48765657
S4839	02	1	4	2	382	339	339	1	2	56240504
S4841	01	3	3	1	343	312	000	2	1	124668541
S4842	03	3	3	1	211	910	111	3	1	144270421
S4860	01	1	4	2	021	000	000	2	1	39000612
S4861	01	1	4	2	611	361	000	2	1	93252361
S4861	02	1	4	2	611	000	000	1	1	57212284
S4872	01	1	4	2	011	329	329		1	42361428
S4872	02	1	4	2	011	111	111	2	1	62237793
S4875	01	3	4	1	731	031	031	2	1	79094430
S4881	01	1	4	1	615	361	615	2	2	78983347
S4881	02	1	4	1	615	381	615	2	2	91402513
S4886	01	1	4	2	821	324	111	2	1	30371288
S4886	02	1	4	2	361	312	821	2	1	37486684
S4886	03	1	4	2	734	212	734	2	1	35994610
S4893	01	2	4	2	812	361	311	3	1	30908223
S4893	02	2	4	2	611	361	936	3	1	32912091
S4905	01	3	1	1	910	910	000	3	1	74986447
S4905	02	3	1	1	722	000	000	3	1	68865637
S4907	01	3	1	1	361	311	311	3	1	80669863
S4907	02	3	1	1	519	021	011	3	1	94384030
S4913	01	2	1	1	425	000	940	3	1	90813263
S4915	01	2	1	1	424	821	000	2	2	94384030
S4915	02	2	1	1	021	361	321	2	2	80669863
S4916	01	2	1	2	960	821	000	2	2	42658397
S4921	01	2	1	1	021	000	111	2	1	82961872
S4921	02	2	1	1	021	031	111	2	1	90335563
S4921	03	2	1	1	211	819	000	1	1	109470919
S4927	01	2	1	2	344	339	000	2	1	35144988
S4927	03	2	1	2	613	311	311	2	1	48754403
S4927	04	2	1	2	513	311	311	2	1	50775406
S4931	01	1	1	1	021	000	000	2	1	90813263
S4932	01	1	1	2	361	000	311	2	1	37340421
S4932	02	1	1	2	361	311	000	2	1	32741081
S4935	01	1	1	2	383	000	000	2	1	42658397
S4935	02	1	1	2	383	311	000	1	1	38528302
S4939	01	3	1	1	821	321	361	2	1	89190692
S4939	02	3	1	1	011	321	361	3	1	98615957
S4941	01	3	1	2	612	000	000	2	2	37257474
S4941	02	3	1	2	000	000	000	3	1	40573918
S4946	01	1	1	1	212	362	362	2	2	107890771
S4946	02	1	1	1	821	936	936	3	1	76907382
S4946	03	1	1	1	615	371	371	2	2	83742946
S4948	01	1	1	2	821	000	000	3	2	25027745
S4953	01	2	1	1	611	312	000	3	1	93039800
S4953	04	2	1	1	324	011	000	2	1	129933654
S4954	01	2	1	1	821	321	353	2	1	94738689
S4957	01	2	1	2	031	000	000	2	1	30569060
S4960	02	2	1	2	011	321	321	2	1	50602481
S4963	01	1	1	1	339	361	312	3	1	189931950
S4963	02	1	1	1	938	000	000	2	1	310936753
S4963	03	1	1	1	615	321	000	2	1	227769898
S4963	04	1	1	1	021	920	000	3	1	227769898
S4963	05	1	1	1	831	212	324	3	1	227769898
S4963	06	1	1	1	821	011	920	3	1	227769898
S4964	03	1	1	2	381	000	000	2	1	35989909
S4966	01	1	1	2	331	361	936	3	1	31910063
S4966	02	1	1	2	031	000	000	3	1	36749394
S4969	01	1	1	1	424	321	000	2	1	74986447
S4971	01	1	1	1	519	000	000	2	2	89508301
S4972	01	1	1	2	611	031	000	3	1	38644100
S4973	02	1	1	2	021	000	000	2	1	37966181
S4973	03	1	1	2	812	000	000	2	1	37966181
S4974	01	1	1	2	821	000	531	4	1	31205949
S4974	02	1	1	2	960	000	000	2	1	83642398
S4974	03	1	1	2	212	212	000	2	1	37265413
S4975	01	1	1	2	936	312	000	2	1	38507483
S4975	02	1	1	2	611	000	000	2	1	34690780
S4975	03	1	1	2	960	000	000	2	1	45637242
S4976	03	1	1	2	519	312	000	2	2	35994610
S4979	01	2	1	1	021	432	343	4	2	145034157
S4979	02	2	1	1	821	111	111	4	1	157924861
S4979	03	2	1	1	614	432	343	2	2	159642387
S4980	01	2	1	2	611	000	000	2	1	33436806
S4980	02	2	1	2	011	000	000	2	1	31708790
S4990	01	2	1	2	960	000	000	1	2	38644100
S4991	01	2	1	2	611	000	000	2	1	51540360
S4991	02	2	1	2	821	000	000	2	1	31621094
S5001	01	2	2	1	512	311	000	2	2	94738689
S5003	01	2	2	1	361	000	312	3	1	90813263
S5013	01	2	2	2	519	611	425	1	1	30908223
S5013	02	2	2	2	611	425	000	2	1	32912091
S5019	01	3	2	1	910	011	111	3	1	152063104
S5019	02	3	2	1	381	312	339	3	1	133176055
S5035	01	2	2	1	611	321	111	2	1	75662926
S5035	02	2	2	1	616	312	940	2	1	72939595
S5035	03	2	2	1	512	000	000	2	1	106144966
S5036	01	2	2	2	611	821	000	2	1	38031422
S5052	01	3	2	2	831	031	000	3	1	38031422
S5055	01	3	2	2	311	331	361	2	1	42385891
S5061	01	3	2	2	611	940	111	2	2	39840652
S5072	01	1	2	2	321	821	000	2	1	31910063
S5072	02	1	2	2	611	425	000	2	1	36749394
S5074	01	2	2	1	960	936	936	2	1	76960993
S5074	02	2	2	1	615	910	910	2	1	83801322
S5074	03	2	2	1	021	212	212	3	2	107965980
S5074	04	2	2	1	611	311	311	2	1	101552561
S5090	01	2	2	1	616	331	000	1	2	80669863
S5097	01	2	3	1	731	000	000	1	1	79094430
S5101	01	2	3	2	000	910	000	3	1	30569060
S5102	01	2	3	2	611	111	111	2	1	38383408
S5108	01	2	3	2	811	312	000	2	1	38031422
S5109	01	2	3	2	821	312	381	2	2	37408027
S5109	02	2	3	2	021	321	381	3	2	33786262
S5110	01	2	3	2	519	321	000	1	1	25027745
S5110	02	2	3	2	950	980	324	2	2	36158609
S5113	01	2	3	1	821	910	111	3	1	91677240
S5113	02	2	3	1	938	936	312	2	1	106092366
S5113	03	2	3	1	960	000	000	2	1	116842242
S5116	01	2	3	2	611	000	000	2	1	31557854
S5118	03	2	3	2	515	221	920	2	1	70522773
S5118	04	2	3	2	960	361	936	2	1	70522773
S5118	05	2	3	2	614	936	361	2	1	158288699
S5122	02	2	3	1	611	321	000	1	1	86090246
S5124	01	2	3	2	519	000	000	1	2	30495908
S5127	01	2	3	2	529	000	000	1	1	31708790
S5127	02	2	3	2	519	321	321	2	1	33436806
S5142	01	1	3	2	515	000	429	1	2	36749394
S5142	02	1	3	2	311	429	000	2	2	31910063
S5144	01	1	3	2	519	354	000	3	1	32912091
S5144	02	1	3	2	519	322	000	2	1	30908223
S5156	01	2	3	2	344	111	111	2	1	38644100
S5162	01	2	3	1	514	321	111	3	1	71360721
S5162	02	2	3	1	514	111	111	3	1	77703295
S5162	03	2	3	1	734	211	000	3	1	100109547
S5162	04	2	3	1	614	011	000	2	1	100109547
S5163	02	2	3	1	512	000	000	2	2	80560200
S5175	01	2	3	2	021	000	000	2	1	35144988
S5175	02	2	3	2	936	312	000	2	1	37060264
S5187	01	3	3	1	381	321	311	3	1	172289804
S5187	02	3	3	1	381	381	000	3	1	116214294
S5187	03	3	3	1	011	312	111	3	1	185230116
S5191	01	3	4	2	812	312	000	1	1	31708790
S5191	02	3	4	2	621	312	000	1	1	33436806
S5202	01	1	4	1	021	111	111	2	1	66616364
S5202	03	1	4	1	021	381	111	1	1	61736607
S5204	01	1	4	2	383	111	111	1	1	38528302
S5204	02	1	4	2	615	936	111	2	1	42658397
S5208	01	1	4	2	821	000	111	2	1	38644100
S5209	01	3	4	1	614	111	000	2	1	81433915
S5213	01	3	4	2	311	000	000	1	1	37956347
S5213	02	3	4	2	938	321	000	3	1	38056885
S5214	01	3	4	2	424	111	000	1	1	30908223
S5214	02	3	4	2	424	000	000	1	2	32912091
S5219	01	3	4	1	821	000	000	3	1	83019838
S5219	02	3	4	1	821	000	000	3	1	90398680
S5219	03	3	4	1	950	000	000	2	1	109547407
S5220	01	3	4	2	021	821	000	3	1	36749394
S5220	02	3	4	2	711	321	000	2	2	31910063
S5229	01	2	4	2	615	910	111	3	1	45324614
S5231	01	2	4	2	021	311	311	3	1	30495908
S5231	02	2	4	2	000	000	000	3	1	30495908
S5248	02	3	4	2	021	321	311	1	2	11360208
S5256	01	3	4	2	613	960	960	2	2	12419883
S5256	02	3	4	2	613	960	960	1	2	11778023
S5256	03	3	4	2	613	000	000	2	2	17016193
S5262	01	3	1	2	513	000	000	2	2	13166090
S5262	02	3	1	2	513	329	000	2	2	11432318
S5272	01	2	1	2	344	111	111	3	1	17934035
S5273	01	3	1	1	011	311	111	2	1	28599651
S5274	01	3	1	1	424	429	429	2	1	29835878
S5280	02	3	1	2	831	000	000	2	1	13166090
S5291	01	2	1	1	361	039	039	3	1	42151991
S5291	03	2	1	1	512	312	000	2	1	42998950
S5296	01	2	1	2	732	939	371	3	1	13166090
S5296	02	2	1	2	732	032	032	2	1	11432318
S5310	01	2	1	2	939	000	424	2	1	13166090
S5310	02	2	1	2	940	321	424	2	1	11432318
S5315	01	3	1	1	000	000	000	3	1	26373010
S5320	02	3	1	2	519	000	000	2	2	11979299
S5321	01	2	2	1	611	312	111	2	1	56231345
S5321	02	2	2	1	732	000	000	2	1	63422869
S5321	03	2	2	1	611	111	111	2	1	61229214
S5331	01	2	2	1	611	000	000	2	1	28599651
S5335	01	2	2	2	021	000	000	2	1	11306133
S5339	01	3	2	1	344	312	000	3	1	27112240
S5343	01	3	2	2	523	515	000	1	2	13844900
S5350	01	3	2	2	311	321	000	2	1	13777700
S5350	02	3	2	2	021	000	000	2	1	13777700
S5351	01	3	2	2	613	312	000	3	1	11979299
S5357	01	3	2	2	821	000	000	1	1	9943670
S5358	01	3	2	2	821	012	012	3	2	11778023
S5367	01	3	2	2	821	000	000	3	1	13844900
S5376	02	3	2	2	519	000	000	2	1	12428557
S5377	01	3	2	1	341	341	341	3	1	29724186
S5393	01	3	2	1	424	111	111	2	1	21841347
S5394	01	3	2	1	611	000	000	1	1	21841347
S5398	02	3	2	2	513	011	000	3	1	15076029
S5398	03	3	2	2	611	000	311	3	1	17362389
S5400	01	3	2	2	011	311	519	3	1	11786248
S5400	04	3	2	2	734	031	000	2	2	16350311
S5403	01	3	3	1	821	900	900	4	2	24909061
S5407	02	3	3	2	613	938	311	1	1	13427050
S5416	01	2	3	2	519	311	000	3	1	13625398
S5420	01	2	3	2	519	936	000	2	1	13166090
S5420	02	2	3	2	522	000	000	2	1	11432318
S5424	01	2	3	2	519	940	515	1	2	18613720
S5430	01	3	3	2	383	361	000	3	1	8966611
S5437	01	3	3	2	611	000	000	2	1	13625398
S5438	01	3	3	2	513	321	000	2	2	10951881
S5440	01	3	3	2	516	321	000	3	1	13751503
S5443	01	2	3	1	000	000	000	2	1	25555294
S5445	01	2	3	2	000	000	000	3	1	13844900
S5447	01	2	3	2	383	312	000	1	1	8704887
S5448	01	2	3	2	512	031	031	4	1	11306133
S5453	01	3	3	2	812	940	111	2	1	18613720
S5461	01	2	3	2	432	321	000	3	1	11306133
S5465	01	3	3	1	732	039	000	2	1	24909061
S5472	01	3	3	2	021	324	000	1	2	11360208
S5472	02	3	3	2	021	950	950	1	2	11979299
S5489	01	2	4	1	821	331	311	2	1	26888221
S5489	02	2	4	1	821	936	000	2	1	29013507
S5489	03	2	4	1	733	111	111	2	1	36977588
S5495	01	2	4	2	611	391	391	4	2	11360208
S5495	02	2	4	2	000	032	032	4	2	11979299
S5498	01	2	4	1	011	011	111	2	1	143463319
S5503	01	2	4	2	344	321	031	1	1	88706503
S5503	02	2	4	2	344	321	321	1	1	102869739
S5505	01	2	4	1	021	000	000	2	1	156894632
S5505	02	2	4	1	311	514	329	2	1	151247533
S5505	03	2	4	1	311	000	000	2	1	156894632
S5505	04	2	4	1	324	321	321	2	1	207027628
S5515	01	2	1	1	611	011	129	1	1	256236676
S5515	02	2	1	1	611	329	329	2	1	241376032
S5516	01	2	4	2	311	312	312	2	2	108375297
S5516	02	2	4	2	960	512	000	2	2	116876586
S5516	03	2	4	2	960	321	321	2	2	160129890
S5516	04	2	4	2	614	321	613	2	2	153756274
S5517	01	2	1	2	529	011	361	1	1	69807502
S5517	02	2	1	2	021	361	311	1	2	74333321
S5519	01	2	4	2	011	329	329	2	2	75518410
S5521	01	1	1	1	900	031	311	2	2	130116741
S5523	01	1	1	1	031	000	391	2	1	192562314
S5523	03	1	1	1	344	312	000	3	1	209677344
S5526	01	1	1	2	612	111	000	3	2	87279299
S5529	01	1	1	1	344	329	111	2	1	236814786
S5529	02	1	1	1	531	329	111	2	1	219467719
S5529	03	1	1	1	821	321	212	2	1	283890668
S5530	01	1	1	1	711	000	000	2	1	173092698
S5538	02	1	1	1	511	000	000	3	1	180574579
S5539	01	1	1	1	424	312	039	2	2	151322670
S5543	01	1	1	2	821	312	321	2	2	72070199
S5544	01	1	1	2	525	321	361	3	1	130404332
S5544	02	1	1	2	611	431	000	2	1	111396977
S5544	03	1	1	2	519	000	000	2	2	118619160
S5545	01	2	1	1	384	111	000	2	1	160399955
S5545	02	2	1	1	519	111	111	2	1	151580977
S5547	01	2	1	1	611	000	000	2	1	180574579
S5547	02	2	1	1	611	321	000	2	1	154336772
S5549	01	2	1	2	514	321	000	2	1	89961059
S5549	03	2	1	2	529	000	000	1	1	124797247
S5550	01	2	1	2	512	000	000	1	1	126789443
S5550	02	2	1	2	512	000	000	1	1	140380814
S5550	03	2	1	2	732	000	000	1	1	173252355
S5550	04	2	1	2	732	000	000	1	1	166356428
S5554	01	2	1	1	611	000	000	3	1	181253110
S5557	01	2	1	2	383	111	111	2	1	87017765
S5557	02	2	1	2	936	000	000	2	1	96345755
S5558	01	2	1	2	000	321	000	2	1	85895540
S5559	01	2	1	2	936	000	000	2	1	104498732
S5559	02	2	1	2	021	311	000	2	1	96897775
S5562	01	3	1	1	021	000	000	2	1	158721822
S5562	02	3	1	1	936	000	000	2	1	172829092
S5569	01	2	1	1	950	031	732	2	1	181253110
S5574	01	2	1	2	519	311	311	1	2	90467194
S5575	01	2	1	2	611	312	722	2	2	195344215
S5575	02	2	1	2	344	332	000	2	1	185248815
S5579	01	1	1	1	021	111	111	3	1	212335226
S5579	02	1	1	1	612	321	960	2	1	195003245
S5581	01	1	1	2	361	000	000	2	1	72070199
S5584	01	1	1	2	611	321	331	1	1	79440780
S5586	01	3	2	1	511	111	111	1	1	119615843
S5587	02	3	2	1	322	312	000	2	1	164706996
S5588	01	3	2	2	344	111	111	3	1	117342298
S5593	01	2	2	1	514	352	352	2	2	180574579
S5593	02	2	2	1	021	321	000	2	1	154336772
S5601	01	1	2	1	111	000	000	2	1	173743024
S5605	01	1	2	2	111	111	111	2	1	117342298
S5610	01	2	2	1	021	321	000	2	2	175243987
S5614	01	2	2	2	425	321	000	2	1	87279299
S5617	01	1	2	1	938	111	111	2	1	158832721
S5617	02	1	2	1	021	111	111	2	1	172949849
S5618	01	1	2	1	512	322	000	2	1	151322670
S5620	01	1	2	2	519	111	111	2	1	79431996
S5620	04	1	2	2	821	211	211	2	2	110190949
S5626	01	3	2	1	900	321	331	3	1	151322670
S5629	01	3	2	2	021	212	212	3	1	111742483
S5629	02	3	2	2	032	000	000	1	1	97719961
S5629	03	3	2	2	812	311	341	3	1	112539714
S5631	01	3	2	2	950	000	000	1	2	71274720
S5632	01	3	2	2	611	311	311	1	1	69041488
S5636	01	2	2	2	519	516	936	3	1	87279299
S5642	01	3	2	1	519	000	000	2	1	151322670
S5645	01	3	2	2	611	341	341	2	1	113630061
S5647	01	3	2	2	611	322	000	2	1	69807502
S5647	02	3	2	2	519	311	000	2	1	74333321
S5649	01	2	2	1	021	321	000	2	1	152216631
S5650	01	2	2	1	611	321	000	2	1	151322670
S5651	01	2	2	1	511	322	381	2	1	160550663
S5651	02	2	2	1	514	111	111	2	1	138736106
S5657	01	2	3	1	821	111	111	2	1	167303926
S5660	01	2	3	2	021	312	000	2	1	71274720
S5662	01	2	3	2	512	321	000	2	1	72070199
S5662	02	2	3	2	732	000	000	2	1	83000029
S5665	01	2	3	1	821	341	341	2	1	180574579
S5665	02	2	3	1	821	321	000	2	1	154336772
S5669	01	2	3	2	821	111	111	2	1	58691221
S5670	01	2	3	2	519	321	000	2	1	117342298
S5675	01	1	3	1	021	950	950	2	1	108261952
S5681	01	2	3	1	512	000	000	2	1	173743024
S5684	01	2	3	2	821	312	722	2	1	89981763
S5689	01	1	3	1	615	111	111	2	1	196501328
S5690	01	1	3	1	361	111	111	2	1	167303926
S5691	01	1	3	1	936	321	000	2	1	132686296
S5692	01	1	3	2	611	321	000	2	1	74783299
S5697	01	2	3	1	713	000	000	3	1	151322670
S5699	01	2	3	1	512	011	000	1	2	192427931
S5699	03	2	3	1	512	000	000	2	2	209531017
S5702	01	2	3	2	938	000	111	3	1	88956531
S5702	02	2	3	2	383	000	111	4	1	144993451
S5709	01	2	3	2	980	324	515	2	2	71615615
S5709	02	2	3	2	980	324	000	1	2	75518410
S5710	01	2	3	2	519	000	361	2	2	69041488
S5714	01	1	3	1	384	910	910	3	1	126870569
S5717	01	1	3	2	950	111	910	3	1	118654194
S5717	02	1	3	2	950	321	324	2	1	107930931
S5721	01	2	4	1	938	311	111	2	1	126838853
S5721	02	2	4	1	821	361	000	2	1	138112350
S5723	01	2	4	1	512	361	361	2	1	173743024
S5730	02	2	4	1	611	000	000	2	1	154336772
S5748	01	3	4	2	910	111	111	2	1	106499741
S5751	01	3	4	2	000	531	000	3	2	114287799
T0001	01	1	4	1	511	000	000	2	1	60266927
T0001	02	1	4	1	960	111	111	1	1	76511057
T0002	01	1	4	1	812	000	111	3	1	92407491
T0002	02	1	4	1	614	000	321	2	1	173783757
T0003	01	1	4	1	021	324	111	2	1	70711873
T0003	02	1	4	1	021	111	111	2	1	71506090
T0012	01	1	4	2	511	111	111	2	1	34009396
T0012	02	1	4	2	511	311	111	3	1	34613972
T0012	03	1	4	2	614	211	211	1	1	46390400
T0014	01	1	4	2	512	381	381	1	1	32664542
T0014	02	1	4	2	525	821	938	2	1	33268475
T0016	01	1	4	2	344	821	936	2	2	41765613
T0021	03	1	4	2	611	311	311	2	1	45741985
T0022	01	1	4	2	611	950	950	2	1	43600760
T0022	02	1	4	2	614	011	950	2	1	70739986
T0022	04	1	4	2	722	011	221	2	2	53346160
T0025	01	1	4	1	531	111	111	3	1	85636487
T0026	01	1	4	1	619	311	111	1	1	76818860
T0027	01	1	4	1	000	000	021	2	1	63784377
T0027	02	1	4	1	612	910	910	2	1	78668775
T0029	01	1	4	2	513	332	031	2	2	33878475
T0029	02	1	4	2	432	513	000	2	2	38387387
T0032	01	1	4	2	512	381	381	1	1	34680642
T0032	02	1	4	2	512	031	821	2	1	37370537
T0041	01	1	1	1	960	000	000	2	1	85636487
T0042	01	1	1	1	531	000	000	1	2	90342126
T0043	01	1	4	1	514	000	000	3	1	121160757
T0044	02	1	4	2	111	011	111	2	1	69684936
T0051	02	1	1	1	021	032	032	3	1	145757454
T0051	03	1	1	1	821	000	000	3	1	121463144
T0052	01	1	1	2	512	329	329	2	2	41154300
T0055	01	1	1	2	392	391	000	3	1	58707264
T0055	02	1	1	2	512	011	000	2	2	37821734
T0055	03	1	1	2	000	000	000	3	1	49652769
T0056	01	1	1	2	512	950	950	2	2	34105512
T0056	02	1	1	2	512	950	950	2	2	99917089
T0060	01	1	1	2	611	000	111	2	1	80575553
T0062	01	1	1	2	519	312	950	2	1	83357713
T0062	02	1	1	2	511	936	000	1	1	47112789
T0062	03	1	1	2	821	910	910	1	1	48985752
T0063	01	1	1	2	525	321	329	2	1	37492960
T0065	01	1	1	1	611	000	000	2	1	105181420
T0065	02	1	1	1	821	321	331	2	1	92286495
T0065	03	1	1	1	812	000	000	2	1	110745071
T0069	01	1	1	2	821	111	111	2	1	41765613
T0070	01	1	1	2	000	111	111	2	1	42574969
T0070	03	1	1	2	511	321	000	2	1	27935745
T0071	01	1	1	2	611	000	000	2	1	65371367
T0071	02	1	1	2	514	311	000	2	1	55075003
T0073	01	1	1	1	000	821	000	3	1	74748980
T0075	01	1	1	1	000	514	000	4	2	54117248
T0079	01	1	1	2	514	000	000	2	1	41613613
T0079	02	1	1	2	514	722	000	2	1	42863069
T0082	01	1	1	1	311	111	000	3	1	68931607
T0085	01	1	1	2	615	111	111	3	1	47797504
T0088	02	1	1	2	519	000	000	2	1	80575553
T0091	01	1	1	1	812	312	936	1	1	85636487
T0093	02	1	1	2	615	111	111	3	1	105623710
T0094	01	1	1	2	613	000	000	1	2	42165470
T0096	01	1	1	2	021	000	000	2	1	101115945
T0097	01	1	1	1	960	514	011	2	1	121160757
T0102	01	1	1	2	615	950	950	2	1	80575553
T0103	01	1	1	2	511	980	980	2	2	34755976
T0104	01	1	1	2	950	910	111	2	1	73078442
T0105	01	1	1	1	519	950	950	1	2	107041608
T0107	02	1	1	1	000	000	000	2	1	63006601
T0109	01	1	1	2	344	311	111	4	1	66668149
T0109	02	1	1	2	910	031	910	2	1	69684936
T0110	01	1	1	2	821	000	000	2	1	42863069
T0110	02	1	1	2	021	950	000	2	1	41613613
T0111	01	1	1	2	000	000	000	2	1	50875084
T0111	02	1	1	2	000	000	000	1	2	38536729
T0112	01	1	1	2	732	371	371	1	2	40053842
T0112	02	1	1	2	021	371	371	2	2	38522390
T0112	03	1	1	2	732	000	734	1	2	51628546
T0112	04	1	1	2	011	031	734	2	1	48116826
T0114	01	1	1	1	513	000	000	1	2	119134356
T0114	02	1	1	1	513	000	000	2	1	155987365
T0114	03	1	1	1	513	000	000	1	1	196255118
T0114	04	1	1	1	513	111	000	1	1	297271521
T0116	02	1	1	2	960	111	111	3	1	52978772
T0123	01	1	1	1	940	424	424	2	1	91830257
T0124	01	1	1	2	519	111	111	2	1	27451599
T0124	02	1	1	2	950	920	000	2	2	34288730
T0128	01	1	1	2	616	311	000	2	1	101115945
T0130	01	1	2	1	615	111	111	3	1	85636487
T0131	01	1	1	1	910	950	950	2	1	70618021
T0133	01	1	1	2	960	361	361	2	1	44358376
T0134	01	1	1	2	523	000	000	2	1	37466795
T0134	02	1	1	2	523	000	000	2	1	36034258
T0134	03	1	1	2	614	000	000	2	1	48293899
T0135	01	1	1	2	512	950	950	1	1	41154300
T0137	02	1	1	1	311	000	000	2	1	181839060
T0137	04	1	1	1	021	000	000	2	1	453736234
T0138	01	1	1	1	111	000	000	4	1	130170843
T0138	03	1	1	1	021	111	000	1	1	289748046
T0139	01	1	1	1	424	000	000	1	1	94878495
T0142	01	1	1	2	000	111	111	3	2	42072019
T0143	01	1	1	2	821	000	312	1	1	40993579
T0143	02	1	1	2	000	000	381	2	1	40249410
T0143	03	1	1	2	512	512	000	1	2	52839847
T0146	01	1	2	1	511	000	000	2	1	50299637
T0147	01	1	2	1	531	311	910	2	1	111423905
T0147	02	1	2	1	531	910	111	3	1	90342126
T0148	01	1	2	2	432	000	531	2	1	75552002
T0149	01	1	2	2	011	111	111	2	1	35575508
T0149	02	1	2	2	021	936	000	3	1	39135237
T0149	03	1	2	2	011	000	111	3	1	35575508
T0151	01	1	2	2	611	950	950	1	2	42165470
T0152	01	1	2	2	383	331	000	1	1	46386660
T0152	02	1	2	2	938	321	000	2	1	83531945
T0152	03	1	2	2	711	031	000	1	1	58969762
T0154	01	1	2	1	381	111	111	2	1	126910914
T0156	01	1	2	2	519	111	000	2	2	49591232
T0158	01	1	2	2	511	000	111	2	1	27432888
T0160	01	1	2	2	341	321	000	2	1	33878475
T0162	01	1	2	1	514	910	111	3	1	71228140
T0162	04	1	2	1	514	321	936	2	1	93261846
T0164	01	1	2	2	514	039	012	4	2	33506719
T0165	01	1	2	2	711	900	000	2	1	80575553
T0173	01	1	2	2	512	111	000	3	1	34447290
T0173	02	1	2	2	111	000	000	2	1	42146758
T0177	01	1	2	1	384	321	111	2	1	75401338
T0178	01	1	2	1	821	321	000	3	1	76818860
T0179	01	1	2	1	611	312	000	2	1	76237858
T0179	02	1	2	1	611	000	000	2	1	91486485
T0185	01	1	2	1	384	311	000	1	1	58595442
T0185	02	1	2	1	384	321	000	1	1	72268977
T0189	01	1	2	2	938	910	910	3	1	36015444
T0189	02	1	2	2	938	910	910	2	1	36681331
T0189	03	1	2	2	614	031	211	2	1	44065417
T0191	03	1	2	2	311	519	000	5	2	116901881
T0191	04	1	2	2	000	432	000	4	2	159459608
T0196	01	1	2	2	021	000	111	3	1	33506719
T0199	01	1	2	2	519	321	000	3	1	41765613
T0200	01	1	2	2	733	425	425	3	1	34755976
T0202	01	1	2	1	361	936	936	1	2	128947439
T0203	01	1	2	1	383	324	381	2	1	59409666
T0203	02	1	2	1	910	311	000	2	2	63006601
T0207	01	1	2	2	821	361	000	2	2	41154300
T0210	02	1	2	1	950	321	321	2	1	70711873
T0212	01	1	2	2	611	000	000	3	1	35732088
T0213	01	1	2	2	614	111	381	3	1	43380962
T0213	02	1	2	2	732	519	910	3	2	45074025
T0214	01	1	2	2	000	900	032	4	2	41154300
T0215	02	1	2	2	938	910	111	2	1	78119359
T0221	01	1	2	2	950	321	321	2	1	47797504
T0224	01	1	2	2	821	031	000	2	2	36059422
T0224	03	1	2	2	821	031	513	2	2	45040429
T0228	01	1	2	2	821	000	000	2	1	369675024
T0228	02	1	2	2	519	111	311	2	1	174440304
T0228	05	1	2	2	821	000	000	2	1	325542419
T0231	01	1	2	2	021	311	950	1	2	91819350
T0231	02	1	2	2	519	000	950	1	2	85955328
T0232	01	1	2	2	344	312	331	2	1	41154300
T0233	01	1	2	1	936	111	000	2	1	199763199
T0238	01	1	2	2	900	910	111	2	1	65371367
T0239	01	1	2	2	324	312	950	2	2	34447290
T0239	02	1	2	2	000	000	324	1	1	42146758
T0242	01	1	3	1	613	111	111	3	1	121160757
T0243	01	1	3	1	722	329	111	3	1	99614672
T0245	01	1	3	2	821	111	111	3	1	37466795
T0245	02	1	3	2	021	910	111	2	1	36034258
T0245	03	1	3	2	615	936	219	2	2	48293899
T0250	01	1	3	1	021	381	321	2	1	112168781
T0250	02	1	3	1	950	960	960	2	1	118959996
T0250	03	1	3	1	821	950	000	1	1	152720306
T0250	04	1	3	1	950	321	031	2	1	160781503
T0253	01	1	3	2	611	995	361	2	1	41613613
T0253	02	1	3	2	361	995	361	2	1	42863069
T0255	01	1	3	2	821	312	000	1	1	40356628
T0258	01	1	3	1	000	000	000	3	1	76237858
T0258	02	1	3	1	011	000	000	3	1	91486485
T0260	01	1	3	2	821	381	111	2	1	37225964
T0260	02	1	3	2	812	311	321	1	1	37914233
T0262	01	1	3	2	721	515	515	2	2	46184011
T0262	02	1	3	2	361	321	000	3	1	51708391
T0270	01	1	3	2	519	321	000	2	2	33506719
T0273	01	1	3	1	821	111	111	2	1	70618021
T0277	01	1	3	2	512	111	111	1	1	73078442
T0278	01	1	3	2	361	000	000	2	1	41581309
T0278	02	1	3	2	821	000	000	2	1	47115396
T0278	03	1	3	2	021	000	000	3	1	45741985
T0281	01	1	3	1	821	936	111	1	2	199763199
T0283	01	1	3	1	021	111	111	3	1	85636487
T0284	02	1	3	2	522	111	111	1	2	69684936
T0287	01	1	3	2	950	321	821	1	2	37466795
T0290	01	1	3	1	000	000	000	3	1	74748980
T0293	01	1	3	2	021	000	000	1	1	83599363
T0297	01	1	3	1	910	910	111	3	1	68121463
T0297	03	1	3	1	960	000	000	2	1	92070204
T0303	01	1	3	2	111	936	324	3	1	34768721
T0304	01	1	3	2	343	000	000	3	1	41154300
T0305	01	1	3	1	616	111	111	2	1	115740806
T0305	02	1	3	1	011	111	000	2	1	122748288
T0305	03	1	3	1	000	000	039	3	1	122748288
T0305	04	1	3	1	733	821	615	2	1	157583697
T0315	01	1	3	1	612	311	111	2	2	199763199
T0315	02	1	3	1	111	910	000	2	1	131881285
T0318	01	1	3	2	519	000	000	5	1	40053842
T0318	02	1	3	2	519	331	000	1	2	38522390
T0318	03	1	3	2	529	324	000	5	2	48116826
T0318	04	1	3	2	311	324	000	1	2	51628546
T0319	01	1	3	2	821	940	000	1	2	53095406
T0322	01	1	3	1	511	000	000	2	1	141039090
T0325	02	1	3	2	611	722	000	3	1	61257584
T0326	01	1	3	2	512	361	000	3	1	53095406
T0328	01	1	3	2	950	000	000	1	1	80575553
T0330	01	1	3	1	432	031	031	2	1	77361467
T0330	02	1	3	1	432	000	000	2	1	71506090
T0336	01	1	3	2	821	000	000	2	1	44358376
T0337	01	1	3	1	611	000	000	1	2	71506090
T0338	01	1	3	1	000	000	000	2	1	91830257
T0339	01	1	3	1	523	361	381	2	2	85685338
T0339	02	1	3	1	381	381	381	2	2	69473383
T0342	01	1	3	2	021	361	000	2	1	40081891
T0342	02	1	3	2	021	361	936	1	2	38549366
T0344	01	1	3	2	513	000	000	3	2	61043336
T0344	02	1	3	2	513	111	111	3	1	40053842
T0344	03	1	3	2	513	212	212	2	1	117343593
T0344	04	1	3	2	513	324	000	2	1	165051657
T0347	01	1	4	1	211	012	012	3	2	87010099
T0347	04	1	4	1	732	311	000	1	1	132542450
T0352	01	1	4	2	950	821	361	3	1	42863069
T0352	02	1	4	2	339	514	031	3	1	41613613
T0353	01	1	4	1	021	111	111	2	1	90342126
T0353	02	1	4	1	511	111	111	4	1	111423905
T0354	01	1	4	1	938	910	938	2	1	98367632
T0354	02	1	4	1	938	384	111	3	1	79756143
T0355	01	1	4	1	519	321	311	3	1	76237858
T0358	01	1	4	2	611	221	000	2	2	33506719
T0362	01	1	4	1	011	031	721	4	1	74748980
T0363	01	1	4	1	519	032	000	3	1	76237858
T0363	02	1	4	1	519	000	392	4	1	91486485
T0366	01	1	4	2	621	000	000	2	1	41613613
T0366	02	1	4	2	621	000	000	2	1	42863069
T0369	01	1	4	1	831	000	000	2	1	85315947
T0372	02	1	4	2	611	821	000	4	1	36137695
T0376	01	1	4	2	021	339	382	2	2	22688490
T0377	01	1	4	1	425	910	000	2	1	70618021
T0381	01	1	4	2	021	031	000	2	1	41154300
T0384	01	1	4	2	821	000	000	1	1	25715028
T0385	01	1	4	1	343	021	312	2	2	85636487
T0386	01	1	4	1	215	000	000	2	1	74748980
T0387	01	1	4	1	111	111	311	2	1	58238176
T0389	01	1	4	2	311	910	111	1	1	59660294
T0395	01	1	4	1	383	311	321	2	1	79756143
T0395	02	1	4	1	425	111	000	2	1	98367632
T0398	01	1	4	2	519	321	312	2	1	44358376
T0400	01	1	4	2	512	312	000	2	1	38994199
T0400	02	1	4	2	732	812	324	2	1	53189904
T0402	01	1	4	1	611	111	361	2	1	125796540
T0402	02	1	4	1	021	111	111	3	1	106283024
T0403	01	1	4	1	425	940	425	1	2	106283024
T0403	02	1	4	1	021	219	324	1	2	86173917
T0404	01	1	4	2	111	311	960	2	1	34891534
T0407	01	1	4	2	940	939	940	2	2	34605518
T0407	02	1	4	2	021	339	960	2	2	33282382
T0407	03	1	4	2	614	221	221	3	1	44605774
T0407	04	1	4	2	513	960	960	2	1	44605774
T0408	01	1	4	2	221	321	111	2	2	36109714
T0412	01	1	4	2	211	312	312	1	1	35978298
T0412	02	1	4	2	531	111	111	1	1	37058553
T0414	02	1	4	2	381	312	311	1	1	141059752
T0414	03	1	4	2	531	039	039	3	1	157501627
T0414	04	1	4	2	611	212	212	2	1	147442820
T0416	01	1	4	2	111	614	111	2	1	67607732
T0416	02	1	4	2	212	031	381	3	1	72220050
T0416	03	1	4	2	732	031	211	3	1	174886983
T0421	01	1	4	2	323	039	111	3	2	31176256
T0422	01	1	4	2	519	311	111	1	2	30049322
T0423	01	1	4	2	611	331	331	2	2	44706041
T0423	03	1	4	2	021	344	344	2	1	39929773
T0424	01	1	4	2	519	039	011	2	1	147596694
T0424	02	1	4	2	381	331	381	2	1	229101023
T0424	03	1	4	2	910	910	910	3	1	142052693
T0424	04	1	4	2	381	936	381	2	1	147596694
T0431	01	1	4	2	732	311	936	3	1	38351365
T0433	01	1	1	1	950	733	000	2	1	143275848
T0433	02	1	1	1	011	211	211	1	1	143275848
T0433	03	1	1	1	529	000	000	2	2	143275848
T0435	01	1	1	1	031	000	000	1	1	87593388
T0437	01	1	4	2	611	000	000	2	1	37058553
T0437	02	1	4	2	011	000	000	2	1	35978298
T0438	01	1	1	2	383	321	311	1	2	55780638
T0439	01	1	4	2	613	000	000	2	1	41188471
T0439	02	1	4	2	611	321	321	2	1	39613636
T0439	03	1	4	2	021	321	960	2	1	41188471
T0440	01	1	1	2	514	000	000	2	1	35581185
T0441	01	1	1	1	512	000	000	3	2	68206938
T0442	01	1	1	1	711	381	938	2	1	48531661
T0442	02	1	1	1	938	011	384	1	1	52505745
T0447	02	1	1	2	513	950	950	2	2	35978298
T0449	01	1	1	1	821	111	111	2	1	72720392
T0449	02	1	1	1	615	344	519	2	1	87265477
T0451	01	1	1	1	511	936	000	2	1	69893136
T0451	02	1	1	1	821	329	111	2	1	70678157
T0451	03	1	1	1	021	000	212	2	2	89728492
T0451	04	1	1	1	000	031	920	2	1	89728492
T0452	01	1	1	2	031	312	000	1	2	36374627
T0452	02	1	1	2	631	325	000	1	2	35739299
T0453	01	1	1	2	821	821	000	2	2	35581185
T0454	01	1	1	2	021	321	000	1	2	23214487
T0455	01	1	1	2	519	615	361	2	1	27741023
T0456	01	1	1	2	424	000	000	2	1	35978298
T0456	02	1	1	2	811	312	936	2	2	37058553
T0457	01	1	1	1	729	936	729	2	2	190546515
T0457	02	1	1	1	000	324	111	2	2	125796540
T0464	01	1	1	2	011	321	000	1	2	31176256
T0464	02	1	1	2	021	000	000	1	2	32415664
T0464	03	1	1	2	514	821	221	3	1	38941055
T0467	01	1	1	1	111	821	000	2	1	77153636
T0467	02	1	1	1	821	312	000	2	1	81824873
T0468	01	1	1	2	384	384	384	4	2	61698807
T0468	02	1	1	2	910	111	392	4	2	64151634
T0468	03	1	1	2	021	211	211	3	1	77065591
T0468	04	1	1	2	021	032	512	3	2	82690086
T0469	01	1	1	2	615	000	321	2	2	79385175
T0469	02	1	1	2	511	000	111	3	1	74315258
T0475	01	1	1	1	000	000	000	2	2	81379636
T0475	02	1	1	1	821	000	000	2	1	72204714
T0476	01	1	1	2	513	111	111	1	2	51581098
T0476	02	1	1	2	221	000	000	2	1	39071519
T0480	01	1	1	2	940	000	000	1	1	37058553
T0480	02	1	1	2	021	000	000	1	1	35978298
T0481	01	1	1	1	383	940	940	1	1	55244130
T0481	02	1	1	1	384	938	000	1	2	52090341
T0483	01	1	1	1	383	111	111	2	1	68934628
T0488	01	1	1	2	000	000	000	2	1	37058553
T0488	02	1	1	2	960	900	000	2	1	35978298
T0489	01	1	1	1	614	344	111	2	1	99829534
T0489	03	1	1	1	615	211	212	3	1	116096244
T0490	01	1	1	1	821	511	000	4	1	72720392
T0490	02	1	1	1	722	000	000	2	1	87265477
T0493	01	1	1	2	611	312	361	3	1	51212104
T0493	02	1	1	2	511	000	000	2	1	53248034
T0493	03	1	1	2	311	031	000	1	1	50317621
T0493	04	1	1	2	519	950	950	1	1	68635578
T0496	01	1	1	2	432	000	000	1	1	28969239
T0498	01	1	1	1	021	371	371	1	1	72720392
T0498	02	1	1	1	021	361	324	1	1	87265477
T0502	01	1	1	2	031	000	011	1	1	44083891
T0502	02	1	1	2	512	361	361	2	1	45804388
T0504	01	1	1	2	611	000	000	2	1	37058553
T0504	02	1	1	2	611	312	000	2	1	35978298
T0505	01	1	1	1	614	000	000	2	1	212903576
T0505	02	1	1	1	514	000	000	2	1	162603749
T0505	03	1	1	1	111	000	031	2	1	267864108
T0505	04	1	1	1	821	000	000	2	1	503751706
T0506	01	1	1	1	611	995	324	2	2	106283024
T0506	02	1	1	1	021	361	000	3	1	86173917
T0508	01	1	1	2	950	111	111	2	1	29754228
T0508	02	1	1	2	519	311	111	2	2	53580675
T0510	01	1	1	2	383	000	000	2	1	156521166
T0510	02	1	1	2	514	000	000	2	1	143471761
T0510	03	1	1	2	821	000	000	2	1	135606509
T0510	05	1	1	2	383	321	381	1	1	216020580
T0511	02	1	1	2	939	939	000	5	2	57393737
T0512	01	1	1	2	614	321	000	2	1	44083891
T0513	01	1	1	1	021	332	031	2	1	72720392
T0514	01	1	1	1	344	910	910	2	1	88139977
T0514	02	1	1	1	732	900	000	2	1	82937642
T0514	03	1	1	1	821	211	000	2	1	120004551
T0515	01	1	1	1	021	000	000	2	1	71300208
T0517	01	1	1	2	611	321	000	1	1	35581185
T0525	01	1	1	2	940	939	939	2	1	45372590
T0525	02	1	1	2	920	000	000	1	1	42875588
T0526	01	1	1	2	011	321	321	2	2	39929773
T0526	02	1	1	2	021	000	312	1	2	44706041
T0529	01	1	1	1	111	000	000	2	1	55551181
T0529	02	1	1	1	732	000	000	1	2	74246801
T0532	01	1	1	2	512	381	381	1	2	38970101
T0532	02	1	1	2	512	381	381	1	2	37506313
T0533	01	1	1	2	519	331	000	1	1	31243929
T0533	02	1	1	2	519	000	111	2	2	30049322
T0535	01	1	1	2	611	000	000	1	2	30049322
T0538	01	1	2	1	021	311	111	2	2	111133713
T0538	02	1	2	1	000	980	980	4	2	93894690
T0538	03	1	2	1	611	000	000	2	2	175987243
T0539	01	1	2	1	950	821	000	1	2	72720392
T0539	02	1	2	1	000	821	000	1	2	87265477
T0542	01	1	2	2	519	900	900	1	2	31176256
T0542	02	1	2	2	613	321	900	1	2	32415664
T0542	03	1	2	2	936	950	000	3	1	38941055
T0543	01	1	2	2	611	000	000	1	1	44706041
T0543	02	1	2	2	734	000	000	1	1	39929773
T0544	01	1	2	2	531	321	111	3	2	107233327
T0544	04	1	2	2	011	910	000	4	1	59548427
T0544	05	1	2	2	512	111	111	1	1	61872470
T0546	02	1	2	1	615	111	111	3	1	199247026
T0549	01	1	2	2	980	111	000	2	1	38894520
T0549	02	1	2	2	950	011	111	2	1	67409445
T0551	01	1	2	2	344	422	940	2	1	44083891
T0551	02	1	2	2	611	331	312	1	2	45804388
T0553	01	1	2	1	515	361	000	2	1	154597296
T0553	04	1	2	1	711	000	000	2	1	151800469
T0554	01	1	2	1	383	000	910	2	1	78431567
T0555	01	1	2	1	021	000	000	2	1	71300208
T0559	02	1	2	2	519	000	000	2	1	87422825
T0568	01	1	2	2	021	329	000	3	1	28000622
T0568	02	1	2	2	812	321	321	2	1	30802399
T0569	01	1	2	1	011	511	511	5	1	74217103
T0570	01	1	2	1	021	361	111	3	1	76224862
T0570	02	1	2	1	920	211	000	2	1	101878162
T0570	03	1	2	1	516	215	211	3	1	96770237
T0570	04	1	2	1	614	910	000	3	1	75378235
T0572	01	1	2	2	011	936	936	2	1	31154499
T0572	02	1	2	2	980	324	980	2	1	32393042
T0572	03	1	2	2	211	212	920	2	1	41753940
T0576	01	1	2	2	613	324	324	1	2	20467387
T0576	02	1	2	2	519	980	324	1	2	21281066
T0580	01	1	2	2	519	615	000	2	1	28969239
T0582	01	1	2	2	519	000	000	3	1	35581185
T0583	01	1	2	2	384	111	910	2	1	37506313
T0586	01	1	2	1	021	000	031	1	1	87043659
T0586	02	1	2	1	381	910	111	2	1	70574705
T0587	02	1	2	1	910	031	111	3	1	67359843
T0588	01	1	2	2	361	936	000	2	2	44083891
T0588	02	1	2	2	821	719	000	1	1	79385175
T0594	01	1	2	1	519	950	000	2	2	86173917
T0595	01	1	2	1	611	000	000	2	2	67359843
T0596	01	1	2	2	011	311	000	2	2	36455423
T0597	01	1	2	2	381	312	000	1	2	37506313
T0597	02	1	2	2	381	021	000	2	2	67540437
T0598	01	1	2	2	734	011	950	2	1	67409445
T0598	02	1	2	2	950	722	950	2	1	67409445
T0600	01	1	2	2	021	000	000	2	1	36109714
T0601	01	1	2	1	383	000	021	1	1	71581451
T0602	01	1	2	1	619	111	111	2	1	183052329
T0603	01	1	2	1	711	722	000	2	1	87593388
T0606	01	1	2	2	950	361	000	1	1	74315258
T0606	02	1	2	2	519	111	111	1	1	79385175
T0608	02	1	2	2	011	031	111	2	1	48438222
T0610	01	1	2	1	812	000	000	2	1	71300208
T0618	01	1	2	1	424	936	000	2	1	71300208
T0621	01	1	2	2	344	391	391	3	1	79385175
T0621	02	1	2	2	344	111	111	2	1	74315258
T0623	01	1	2	2	611	311	000	2	1	41324767
T0624	01	1	2	2	021	381	950	1	2	29754228
T0624	02	1	2	2	021	381	519	2	1	30915470
T0625	01	1	2	1	432	000	000	2	1	116659808
T0625	03	1	2	1	432	000	000	2	1	143882948
T0626	01	1	2	1	021	321	321	1	1	79168905
T0633	01	1	2	1	021	995	995	1	2	108812679
T0633	02	1	2	1	021	311	000	2	2	107604099
T0633	03	1	2	1	611	980	000	2	1	125137635
T0634	01	1	2	1	031	031	000	1	1	81685387
T0637	01	1	2	2	519	031	111	2	1	36455423
T0642	01	1	3	1	519	000	000	3	2	75378235
T0642	02	1	3	1	021	910	000	2	1	76224862
T0643	01	1	3	1	383	000	000	1	1	76129812
T0646	01	1	3	2	615	514	221	3	1	41324767
T0647	01	1	3	2	950	950	000	4	1	38351365
T0648	03	1	3	2	611	000	000	2	1	46240051
T0649	01	1	3	1	611	111	111	2	2	56045887
T0649	02	1	3	1	383	384	900	3	2	55423387
T0649	03	1	3	1	732	361	960	2	2	71152293
T0650	01	1	3	1	311	938	032	2	2	82926175
T0650	02	1	3	1	511	910	000	2	2	102277405
T0655	01	1	3	2	611	321	311	1	2	31154499
T0655	02	1	3	2	611	321	321	2	1	32393042
T0655	03	1	3	2	111	324	324	2	1	41753940
T0656	01	1	3	2	950	321	000	2	2	35581185
T0657	01	1	3	1	821	000	431	1	2	79168905
T0658	01	1	3	1	615	936	111	2	1	75378235
T0658	02	1	3	1	111	311	111	2	1	76224862
T0658	03	1	3	1	615	000	000	1	2	96770237
T0658	04	1	3	1	732	031	000	2	2	101878162
T0659	01	1	3	1	910	111	111	3	1	106283024
T0659	02	1	3	1	000	000	000	2	2	125796540
T0662	01	1	3	2	431	321	321	1	2	41324767
T0663	01	1	3	2	950	000	000	1	2	31154499
T0667	01	1	3	1	936	000	111	3	1	104818342
T0667	02	1	3	1	812	000	000	2	1	110362788
T0667	03	1	3	1	111	910	000	2	1	97736697
T0670	01	1	3	2	339	000	000	2	1	35581185
T0671	02	1	3	2	732	312	000	2	1	37061612
T0681	01	1	3	1	980	000	111	3	1	81379636
T0681	02	1	3	1	821	000	000	3	1	72204714
T0687	01	1	3	2	900	000	111	1	1	53542143
T0687	03	1	3	2	425	000	000	2	1	51494967
T0689	01	1	3	1	531	000	000	2	1	71300208
T0692	01	1	3	2	711	321	361	2	1	37058553
T0694	01	1	3	2	616	960	960	1	2	35978298
T0695	01	1	3	2	613	312	960	1	1	36109714
T0696	01	1	3	2	611	821	000	1	2	25614025
T0696	02	1	3	2	950	821	000	1	2	26632308
T0697	01	1	3	1	383	000	000	2	2	183365155
T0697	02	1	3	1	000	381	381	3	1	121055492
T0698	01	1	3	1	344	331	000	2	1	71300208
T0699	02	1	3	1	812	312	111	4	2	81685387
T0700	01	1	3	2	519	321	615	2	2	36109714
T0702	01	1	3	2	611	312	000	1	1	28969239
T0704	01	1	3	2	525	000	000	2	1	38937648
T0705	01	1	3	1	519	324	980	2	2	71300208
T0706	01	1	3	1	021	312	339	2	2	86173917
T0706	02	1	3	1	936	321	000	2	2	106283024
T0707	01	1	3	1	938	331	111	2	1	113752386
T0707	02	1	3	1	732	212	000	1	1	163051425
T0707	03	1	3	1	614	331	000	2	1	163051425
T0707	05	1	3	1	511	111	000	2	2	140297065
T0713	01	1	3	1	938	371	000	2	1	618220629
T0713	03	1	3	1	531	111	000	2	1	571428408
T0713	04	1	3	1	511	111	000	2	1	472162065
T0713	06	1	3	1	021	910	000	2	2	472162065
T0713	08	1	3	1	011	312	000	2	2	725449160
T0716	02	1	3	2	950	910	111	3	1	31243929
T0717	01	1	3	2	511	329	111	2	1	37466269
T0717	02	1	3	2	812	329	311	2	1	37466269
T0718	01	1	3	2	381	321	000	3	1	33201874
T0718	02	1	3	2	733	000	000	2	1	34555950
T0721	01	1	3	1	615	910	111	3	1	67359843
T0722	03	1	3	1	821	111	111	3	1	154923204
T0726	01	1	3	2	611	312	940	2	1	35224785
T0728	01	1	3	2	383	312	000	1	2	37506313
T0728	02	1	3	2	383	312	000	1	2	38970101
T0730	01	1	3	1	111	936	111	2	1	183052329
T0735	01	1	3	2	950	936	111	2	1	36374627
T0735	02	1	3	2	950	321	936	2	1	35739299
T0737	01	1	3	1	615	111	000	2	1	55658350
T0738	01	1	3	1	021	339	000	2	1	115383310
T0738	03	1	3	1	021	339	000	2	1	109586642
T0740	01	1	3	2	900	900	000	3	1	35581185
T0741	01	1	3	2	021	000	000	3	2	38351365
T0744	01	1	3	2	021	361	361	2	1	28426694
T0744	02	1	3	2	384	722	000	3	1	27339804
T0744	03	1	3	2	722	021	212	2	1	36641402
T0747	01	1	4	1	383	031	311	2	1	76076351
T0747	02	1	4	1	381	111	111	3	1	93829141
T0752	03	1	4	2	519	321	000	2	1	94900159
T0754	01	1	4	1	812	910	000	3	2	102102917
T0755	01	1	4	1	211	031	000	2	2	87593388
T0757	01	1	4	2	615	361	000	2	1	32415664
T0765	01	1	4	2	341	341	000	2	1	37058553
T0765	02	1	4	2	611	312	000	2	1	35978298
T0766	01	1	4	2	021	950	000	2	1	28969239
T0767	01	1	4	2	811	312	000	3	1	103365736
T0767	02	1	4	2	311	936	936	2	1	113708638
T0767	05	1	4	2	344	821	000	2	1	101560326
T0769	01	1	4	1	429	111	111	3	1	125611211
T0769	02	1	4	1	000	000	000	3	1	118197190
T0769	05	1	4	1	011	324	910	2	1	154923204
T0770	01	1	4	1	529	000	000	2	1	71300208
T0773	01	1	4	2	900	960	000	1	2	31243929
T0773	02	1	4	2	031	000	000	1	2	30049322
T0775	01	1	4	2	812	321	000	1	1	31176256
T0778	01	1	4	1	021	000	000	3	1	71300208
T0781	01	1	4	2	615	331	000	2	1	69664013
T0782	01	1	4	2	519	821	821	2	2	35978298
T0782	02	1	4	2	519	531	000	1	1	37058553
T0783	01	1	4	2	514	821	821	3	2	35978298
T0783	02	1	4	2	514	321	000	4	2	37058553
T0784	01	1	4	2	831	312	000	2	2	36455423
T0786	01	1	4	1	344	111	111	2	1	116900202
T0786	02	1	4	1	614	031	111	2	1	134438513
T0786	03	1	4	1	519	111	111	2	1	134438513
T0787	01	1	4	1	522	000	000	1	2	87265477
T0787	02	1	4	1	522	000	000	1	2	72720392
T0788	01	1	4	2	711	910	910	2	1	33282382
T0788	02	1	4	2	615	031	000	2	1	34605518
T0788	03	1	4	2	821	111	221	3	1	44605774
T0788	04	1	4	2	831	910	910	2	1	44605774
T0791	01	1	4	2	523	000	000	2	1	37058553
T0791	02	1	4	2	523	312	000	2	1	35978298
T0792	01	1	4	2	021	311	311	1	2	35978298
T0792	02	1	4	2	021	311	312	2	2	37058553
T0796	01	1	4	2	352	000	936	3	1	36374627
T0796	02	1	4	2	021	000	000	1	2	35739299
T0799	01	1	4	2	424	514	514	4	1	35978298
T0799	02	1	4	2	424	514	514	3	1	37058553
T0801	01	1	4	1	344	312	031	3	1	58470849
T0803	01	1	4	1	011	311	361	2	1	60514413
T0803	02	1	4	1	339	311	936	2	1	46217497
T0806	01	1	4	2	821	111	111	3	1	36755669
T0806	02	1	4	2	424	615	311	2	1	39606507
T0806	03	1	4	2	344	936	324	3	1	40795700
T0809	01	1	4	1	615	111	111	2	1	144603182
T0810	01	1	4	1	960	011	111	3	1	45736653
T0813	01	1	4	2	021	011	021	2	1	74142117
T0813	02	1	4	2	021	321	311	3	1	74142117
T0813	03	1	4	2	021	221	519	2	1	42779199
T0814	01	1	4	2	021	311	936	2	1	52048752
T0814	02	1	4	2	011	936	339	2	1	50058676
T0814	03	1	4	2	021	221	021	3	1	67089729
T0814	04	1	4	2	431	021	021	2	1	62526355
T0814	05	1	4	2	936	361	021	2	1	67089729
T0814	06	1	4	2	950	821	031	2	1	67089729
T0817	01	1	4	1	821	321	311	2	1	98655146
T0817	02	1	4	1	519	031	531	2	2	67581352
T0818	01	1	4	1	511	311	111	2	1	103161417
T0818	02	1	4	1	812	311	111	2	1	156260645
T0821	01	1	4	2	711	311	515		1	30087550
T0821	02	1	4	2	711	361	361	2	1	29210499
T0822	01	1	4	2	383	129	129	3	1	28775269
T0823	01	1	4	2	424	950	950	1	1	31137174
T0824	01	1	4	2	381	910	111	3	1	21622563
T0824	03	1	4	2	383	361	129	3	1	20795827
T0826	01	1	4	1	031	111	111	2	2	61772038
T0829	01	1	4	2	212	920	212	2	1	27749154
T0830	01	1	4	2	383	321	321	2	1	15720083
T0830	02	1	4	2	383	312	312	1	1	15119028
T0831	01	1	4	2	021	000	000	1	2	29317195
T0833	01	1	4	1	423	011	011	1	1	66987377
T0840	01	1	4	2	021	000	000	1	2	60335979
T0840	02	1	4	2	021	321	311	1	2	64452205
T0841	01	1	1	1	611	000	000	1	2	45736653
T0841	02	1	1	1	960	000	000	1	2	45736653
T0842	01	1	1	1	611	321	321	2	1	58470849
T0843	01	1	1	1	936	831	000	3	1	71832325
T0845	01	1	1	2	529	384	384	2	2	18050555
T0846	01	1	1	2	513	000	000	1	2	25263267
T0846	02	1	1	2	513	000	000	1	2	25730358
T0846	03	1	1	2	732	000	950	1	2	33165881
T0847	01	1	1	2	611	324	324	2	1	30087550
T0847	02	1	1	2	731	321	321	2	1	29210499
T0849	01	1	1	1	910	031	000	3	1	84401677
T0850	02	1	1	1	611	312	312	3	1	114015764
T0851	01	1	1	1	960	429	429	3	1	89868237
T0854	01	1	1	2	611	000	000	2	1	31137174
T0857	01	1	1	1	722	032	111	4	2	86168120
T0858	01	1	1	1	821	321	311	2	1	137571404
T0858	03	1	1	1	344	000	000	2	1	135082593
T0859	01	1	1	1	519	000	000	2	1	58470849
T0861	01	1	1	2	021	111	111	2	1	26299659
T0861	02	1	1	2	511	111	111	2	1	25294095
T0861	03	1	1	2	821	212	211	2	1	33899698
T0862	01	1	1	2	514	321	000	2	1	28888087
T0863	01	1	1	2	611	312	321	2	1	29187824
T0863	02	1	1	2	611	000	000	2	1	33072453
T0863	03	1	1	2	611	000	000	2	1	32108393
T0864	01	1	1	2	611	321	000	2	1	44944100
T0864	02	1	1	2	021	321	000	2	1	50925745
T0865	02	1	1	1	021	910	000	3	1	94276726
T0866	01	1	1	1	000	000	129	3	1	61815098
T0866	02	1	1	1	511	331	000	3	1	62509388
T0866	04	1	1	1	711	960	615	2	2	83546778
T0871	01	1	1	2	812	995	995	3	1	23519900
T0872	01	1	1	2	031	940	940	5	2	29317195
T0873	02	1	1	1	611	000	000	2	1	59212603
T0874	01	1	1	1	021	311	311	2	1	70668266
T0876	01	1	1	2	424	936	000	2	1	29210499
T0879	01	1	1	2	000	000	000	2	2	53225020
T0879	02	1	1	2	512	000	000	2	2	31278061
T0880	01	1	1	2	513	039	039	2	2	28888087
T0881	01	1	1	1	344	000	000	2	1	71832325
T0882	01	1	1	1	611	361	721	2	1	59635493
T0882	02	1	1	1	611	000	361	2	1	71563417
T0886	01	1	1	2	611	312	000	3	1	21317810
T0886	03	1	1	2	513	516	000	2	2	26627251
T0887	01	1	1	2	521	000	000	1	1	28888087
T0894	01	1	1	2	950	000	000	2	1	33551256
T0895	01	1	1	2	425	000	000	1	2	28888087
T0898	01	1	1	1	512	000	000	2	1	58470849
T0900	01	1	1	2	611	000	000	3	1	53033408
T0902	01	1	1	2	111	000	000	3	1	37270096
T0903	01	1	1	2	512	321	111	2	1	19256400
T0903	02	1	1	2	512	936	211	2	1	25807847
T0904	01	1	1	2	821	000	000	3	1	28888087
T0905	01	1	1	1	381	995	111	2	1	39269947
T0905	02	1	1	1	384	910	000	2	1	45161541
T0908	01	1	1	2	031	111	111	3	1	38361240
T0908	02	1	1	2	938	000	111	2	1	36894504
T0908	03	1	1	2	614	212	212	2	2	46083497
T0908	04	1	1	2	011	211	011	2	1	49446819
T0908	05	1	1	2	614	211	960	2	1	46083497
T0909	01	1	1	2	383	361	950	1	1	30451083
T0909	02	1	1	2	032	936	950	1	2	31639521
T0914	01	1	1	1	021	129	129	3	1	59865469
T0914	02	1	1	1	311	111	111	2	1	64203103
T0914	03	1	1	1	021	032	032	1	1	81508176
T0915	01	1	1	1	311	321	111	3	1	41959902
T0915	02	1	1	1	614	011	000	3	1	64468914
T0915	03	1	1	1	614	031	211	2	1	67871845
T0917	01	1	1	2	513	980	980	2	2	19269534
T0917	02	1	1	2	980	000	000	2	2	24068829
T0920	01	1	1	2	980	000	000	1	2	30710261
T0921	01	1	1	1	000	031	331	4	1	59635493
T0921	02	1	1	1	000	936	000	4	1	71563417
T0922	01	1	1	1	031	000	000	1	1	55034664
T0922	02	1	1	1	011	021	000	3	1	48287580
T0924	01	1	1	2	000	000	000	2	1	53033408
T0925	01	1	1	2	732	111	000	3	1	24834754
T0928	01	1	1	2	361	000	000	2	1	36408749
T0928	02	1	1	2	950	000	000	2	1	39677061
T0928	03	1	1	2	513	312	000	2	2	38520477
T0931	01	1	1	1	361	910	000	3	1	70668266
T0931	02	1	1	1	531	032	111	4	2	87159053
T0932	01	1	1	2	424	031	424	2	1	52711947
T0932	02	1	1	2	519	821	000	2	2	59727420
T0934	01	1	1	2	938	011	910	2	1	44998718
T0934	02	1	1	2	938	361	321	3	1	27735067
T0935	01	1	1	2	950	321	322	2	1	26693287
T0935	02	1	1	2	950	321	321	2	1	27735067
T0936	01	1	1	2	516	939	111	3	1	108091509
T0936	04	1	1	2	821	910	111	2	1	103958647
T0936	06	1	1	2	734	212	939	2	1	129850723
T0938	01	1	1	1	611	960	000	1	2	49285615
T0941	01	1	1	2	519	000	000	1	2	37188225
T0941	02	1	1	2	611	000	000	2	2	35791367
T0942	01	1	1	2	432	311	000	3	1	25294095
T0946	01	1	2	1	611	311	311	1	2	55239491
T0947	01	1	2	1	611	311	000	2	1	38979707
T0947	04	1	2	1	611	000	000	2	1	59890021
T0948	01	1	2	2	980	324	324	2	1	30087550
T0951	01	1	2	2	000	000	000	2	2	28598729
T0956	01	1	2	2	611	000	000	3	1	38933656
T0957	01	1	2	2	960	111	111	2	1	51297103
T0959	01	1	2	2	512	321	000	2	1	30111152
T0959	03	1	2	2	512	000	000	2	1	30646429
T0959	04	1	2	2	713	000	000	1	2	38279269
T0960	01	1	2	2	950	321	321	3	1	31137174
T0961	01	1	2	1	936	000	000	2	1	58252071
T0961	02	1	2	1	936	000	000	2	1	58252071
T0964	01	1	2	2	936	312	311	3	1	31137174
T0967	01	1	2	2	512	311	311	1	2	28622920
T0967	02	1	2	2	411	950	324	1	2	27547791
T0969	01	1	2	1	611	111	111	3	1	83731092
T0970	01	1	2	1	383	312	111	2	1	67025589
T0970	02	1	2	1	910	000	381	2	1	54344121
T0973	01	1	2	2	611	321	000	3	1	22733487
T0973	02	1	2	2	611	000	000	3	1	20176733
T0977	01	1	2	1	424	312	000	2	1	321149002
T0978	01	1	2	1	711	111	111	2	1	66987377
T0980	01	1	2	2	731	321	311	3	1	19269534
T0980	02	1	2	2	734	031	000	2	1	24068829
T0985	01	1	2	1	936	312	312	2	1	58470849
T0988	01	1	2	2	611	312	021	3	1	30087550
T0988	02	1	2	2	031	361	324	2	1	29210499
T0989	01	1	2	2	611	821	000	2	1	30087550
T0989	02	1	2	2	332	000	000	3	1	29210499
T0991	01	1	2	2	513	331	381	1	2	30462597
T0992	01	1	2	2	531	000	000	2	1	28888087
T0996	01	1	2	2	221	111	312	2	1	19256400
T0996	02	1	2	2	516	212	211	3	1	25807847
T0997	01	1	2	2	821	361	000	2	1	29210499
T0997	02	1	2	2	615	312	000	2	1	30087550
T1002	01	1	2	1	341	361	321	2	1	94621885
T1002	02	1	2	1	339	339	331	2	2	89868237
T1002	03	1	2	1	611	324	111	2	1	103350995
T1004	01	1	2	2	960	960	321	1	1	28888087
T1005	03	1	2	2	950	212	000	2	1	40903025
T1005	04	1	2	2	611	212	031	2	1	43888260
T1007	01	1	2	2	353	312	031	2	2	25366702
T1007	02	1	2	2	821	324	324	3	2	24396810
T1010	01	1	2	1	611	349	000	2	1	59635493
T1010	02	1	2	1	353	341	000	2	1	71563417
T1012	01	1	2	2	021	111	111	2	1	23519900
T1013	01	1	2	2	021	910	111	1	1	35791367
T1014	01	1	2	2	611	312	000	2	1	31639521
T1014	02	1	2	2	611	321	000	2	1	30451083
T1019	01	1	2	1	616	111	111	3	1	94775505
T1021	01	1	2	2	519	129	031	2	1	23519900
T1024	01	1	2	2	611	311	381	3	1	40502114
T1024	02	1	2	2	439	000	439	1	2	43643534
T1026	01	1	2	1	713	000	938	3	1	49894014
T1026	02	1	2	1	383	910	910	2	1	61537028
T1027	01	1	2	1	516	361	910	2	1	61537028
T1027	02	1	2	1	381	000	000	2	1	72835199
T1028	01	1	2	2	616	000	000	1	1	33551256
T1037	02	1	2	2	711	311	000	2	1	37188225
T1038	01	1	2	2	512	936	361	1	2	26693287
T1038	02	1	2	2	960	324	000	1	2	27735067
T1042	01	1	2	1	511	111	021	2	1	62552133
T1042	02	1	2	1	511	111	000	2	1	58981142
T1044	01	1	2	2	021	361	000	3	1	36408749
T1047	01	1	2	2	519	031	111	1	1	33551256
T1048	01	1	2	2	515	361	111	3	1	29317195
T1054	02	1	3	2	611	000	000	1	1	25941801
T1056	02	1	3	2	021	000	000	3	1	30087550
T1059	01	1	3	1	519	000	000	2	1	59635493
T1060	01	1	3	2	732	936	362	3	1	30087550
T1063	01	1	3	2	383	311	324	2	2	27015143
T1064	01	1	3	2	821	000	611	1	2	23519900
T1065	01	1	3	1	039	910	111	2	1	70668266
T1065	02	1	3	1	615	516	111	2	1	156260645
T1066	01	1	3	1	522	950	950	3	2	62465845
T1066	02	1	3	1	021	950	950	3	2	61772038
T1066	03	1	3	1	950	531	000	2	2	79302663
T1068	01	1	3	2	713	331	321	3	1	28888087
T1069	01	1	3	2	960	361	312	2	1	24396810
T1073	01	1	3	1	000	000	324	3	2	58470849
T1074	01	1	3	1	615	111	615	2	1	64923697
T1075	01	1	3	1	425	032	032	3	1	71832325
T1076	01	1	3	2	511	324	000	3	2	25311759
T1076	02	1	3	2	021	111	111	3	1	26318024
T1076	03	1	3	2	519	936	111	2	2	31615938
T1079	01	1	3	2	311	312	325	2	2	29317195
T1081	02	1	3	1	021	910	910	2	1	45450813
T1082	01	1	3	1	000	000	000	2	1	71832325
T1083	01	1	3	1	383	111	111	3	1	68004904
T1084	01	1	3	2	812	000	111	2	1	29597874
T1085	01	1	3	2	611	312	361	2	1	29210499
T1086	01	1	3	2	611	321	960	2	1	25366702
T1086	02	1	3	2	611	000	000	2	1	24396810
T1088	01	1	3	2	812	311	000	2	1	28328165
T1089	01	1	3	1	424	611	000	2	1	66736641
T1089	02	1	3	1	512	000	000	2	1	59212603
T1090	01	1	3	1	611	000	000	2	1	87790676
T1092	02	1	3	2	383	000	000	2	2	24317517
T1093	01	1	3	2	519	000	000	2	1	29317195
T1096	01	1	3	2	513	936	000	2	2	28328165
T1097	01	1	3	1	611	000	950	3	1	58470849
T1098	01	1	3	1	980	324	324	2	2	67131072
T1101	01	1	3	2	950	321	531	2	1	23519900
T1102	01	1	3	2	383	031	324	2	2	23655333
T1104	01	1	3	2	529	000	950	2	2	37188225
T1104	02	1	3	2	529	950	950	2	2	35791367
T1105	01	1	3	1	519	111	000	2	1	66987377
T1106	01	1	3	1	512	000	000	1	2	94775505
T1110	01	1	3	2	522	950	000	1	2	25311759
T1110	03	1	3	2	519	950	000	2	2	31615938
T1112	01	1	3	2	000	611	000	3	1	28888087
T1114	01	1	3	1	611	000	000	2	1	55239491
T1115	01	1	3	1	936	000	000	2	1	64923697
T1118	01	1	3	2	939	000	000	2	1	29317195
T1119	02	1	3	2	516	910	111	2	1	47965124
T1119	04	1	3	2	950	000	000	1	2	44702585
T1119	05	1	3	2	950	950	000	1	1	44702585
T1122	01	1	3	1	611	000	000	3	2	55239491
T1123	01	1	3	1	821	321	129	2	1	94775505
T1132	01	1	3	2	516	021	321	2	1	33551256
T1134	01	1	3	2	516	321	111	3	2	33551256
T1135	01	1	3	2	615	960	000	1	1	28888087
T1136	01	1	3	2	512	936	000	2	1	38196646
T1136	02	1	3	2	519	111	111	2	1	36094560
T1137	01	1	3	1	111	321	311	3	1	82669681
T1137	02	1	3	1	021	000	000	3	1	87042556
T1137	03	1	3	1	713	000	000	3	1	72534627
T1137	04	1	3	1	000	000	936	3	1	82669681
T1138	01	1	3	1	811	000	000	2	1	71563417
T1138	02	1	3	1	960	000	000	2	1	59635493
T1139	01	1	3	1	611	321	321	3	1	58470849
T1140	01	1	3	2	383	000	381	2	1	22728283
T1142	01	1	3	2	960	321	361	2	1	29597874
T1143	02	1	3	2	812	000	000	2	1	26945864
T1148	01	1	3	2	910	111	312	2	1	51333493
T1148	02	1	3	2	383	384	910	2	1	54835554
T1154	01	1	4	1	519	511	391	2	2	59635493
T1154	02	1	4	1	519	511	511	2	2	71563417
T1156	02	1	4	2	936	111	111	3	1	26945864
T1157	01	1	4	2	513	111	111	1	2	66637555
T1157	02	1	4	2	513	960	000	1	2	58682219
T1161	01	1	4	1	021	111	995	3	1	72275659
T1161	02	1	4	1	021	900	000	2	1	68149569
T1161	03	1	4	1	611	212	000	2	1	92787164
T1161	04	1	4	1	722	212	000	2	1	92787164
T1162	01	1	4	1	383	531	938	2	1	51498416
T1165	02	1	4	2	111	995	995	2	1	24396810
T1168	01	1	4	2	021	312	352	2	2	35791367
T1168	02	1	4	2	615	352	352	2	1	37188225
T1180	01	1	4	2	522	322	111	1	2	29317195
T1185	01	1	4	1	424	312	311	2	1	58470849
T1192	01	1	4	2	735	311	312	1	1	29210499
T1192	02	1	4	2	722	325	000	2	1	30087550
T1195	01	1	4	1	000	000	000	3	1	71832325
T1196	01	1	4	2	021	000	000	3	1	24396810
T1199	01	1	4	2	519	311	000	1	1	29597874
T1201	01	1	4	1	616	311	031	2	1	49022116
T1201	02	1	4	1	821	371	371	2	1	58827218
T1202	01	1	4	1	732	312	331	2	1	48064744
T1205	01	1	4	2	384	910	000	2	1	29044715
T1205	02	1	4	2	021	031	111	2	1	29581721
T1207	01	1	4	2	615	960	960	2	1	24144926
T1207	02	1	4	2	021	936	011	2	1	25545345
T1208	01	1	4	2	021	312	910	2	1	17015623
T1208	02	1	4	2	614	212	011	1	1	21253556
T1208	03	1	4	2	214	212	212	1	1	22804709
T1212	01	1	4	2	344	000	000	3	1	20099753
T1212	02	1	4	2	831	039	031	3	1	22110959
T1214	01	1	4	2	812	341	011	2	1	20609434
T1214	02	1	4	2	812	212	711	2	1	25215941
T1215	01	1	4	2	021	031	321	3	1	30936561
T1215	02	1	4	2	021	341	811	3	1	27631385
T1216	01	1	4	2	732	000	000	2	1	45201931
T1218	01	1	4	1	812	031	031	2	1	49022116
T1218	02	1	4	1	021	000	000	2	1	58827218
T1224	01	1	4	2	011	321	381	2	1	18036646
T1224	02	1	4	2	381	331	331	2	1	17709221
T1226	01	1	4	1	021	900	900	2	2	112022028
T1226	02	1	4	1	511	371	371	2	2	46305204
T1228	01	1	4	2	619	312	312	2	1	22165514
T1228	02	1	4	2	211	920	920	2	1	22628327
T1228	03	1	4	2	039	920	920	1	1	29706705
T1229	01	1	4	2	910	361	361	2	1	26102532
T1229	02	1	4	2	519	111	111	2	1	25646619
T1229	03	1	4	2	211	213	213	1	1	34983183
T1230	01	1	4	2	821	311	311	1	1	16423989
T1230	03	1	4	2	516	212	021	2	1	20514569
T1234	01	1	4	1	512	321	321	1	1	49022116
T1234	02	1	4	1	021	011	011	2	1	58827218
T1235	01	1	1	1	011	000	000	3	1	45408474
T1241	01	1	1	1	424	032	000	2	1	46305204
T1241	02	1	1	1	910	910	000	2	1	48754553
T1243	01	1	1	1	021	321	321	3	2	47884903
T1247	01	1	1	2	000	000	000	1	1	16423989
T1247	02	1	1	2	733	000	000	2	1	70369640
T1249	01	1	1	1	381	000	383	2	1	35155861
T1250	01	1	1	1	821	361	311	3	1	49022116
T1253	02	1	1	2	021	000	000	2	2	25171225
T1254	01	1	1	2	021	031	381	2	1	24396155
T1254	02	1	1	2	611	000	381	3	1	23479791
T1258	01	1	1	1	000	111	321	2	1	84801696
T1258	02	1	1	1	821	111	111	2	1	128450812
T1262	01	1	1	2	361	000	000	1	1	27631385
T1262	02	1	1	2	611	000	000	1	1	30936561
T1263	01	1	1	2	519	000	000	1	1	23047521
T1263	02	1	1	2	519	000	000	1	1	23963772
T1263	03	1	1	2	021	000	000	1	1	28787767
T1263	04	1	1	2	614	000	000	1	1	30888791
T1264	01	1	1	2	021	000	000	2	1	50223962
T1264	02	1	1	2	811	000	000	2	1	55249433
T1264	03	1	1	2	519	000	000	2	1	52220609
T1264	04	1	1	2	614	000	000	1	1	67311249
T1264	05	1	1	2	614	000	000	2	1	62732807
T1264	06	1	1	2	614	000	039	2	1	62732807
T1265	01	1	1	1	384	938	111	2	1	51284428
T1266	01	1	1	1	211	321	000	3	1	70159906
T1266	02	1	1	1	000	000	000	3	1	69380642
T1267	01	1	1	1	021	111	111	2	1	55065579
T1269	01	1	1	2	611	221	211	2	2	20046701
T1273	01	1	1	1	339	332	000	4	2	70159906
T1273	02	1	1	1	111	000	000	2	1	69380642
T1275	01	1	1	1	711	312	361	2	1	50813815
T1275	02	1	1	1	511	111	111	3	1	51384542
T1275	03	1	1	1	011	031	031	3	1	65234546
T1275	04	1	1	1	011	111	000	3	1	68677890
T1282	01	1	1	1	519	381	000	2	1	64910408
T1282	02	1	1	1	111	000	000	3	1	80057570
T1282	03	1	1	1	960	211	000	2	1	88376973
T1286	01	1	1	2	615	331	000	1	1	25227136
T1287	01	1	1	2	332	000	000	1	1	24896966
T1287	02	1	1	2	821	000	000	1	1	25644502
T1288	01	1	1	2	821	000	000	2	1	24622164
T1290	01	1	1	1	011	111	910	3	1	54775921
T1290	03	1	1	1	392	031	111	3	1	55391149
T1292	01	1	1	2	039	910	000	1	2	30506033
T1292	02	1	1	2	512	000	000	2	1	31696616
T1294	01	1	1	2	519	111	000	3	1	21620785
T1294	02	1	1	2	531	000	111	3	1	20794117
T1296	01	1	1	2	811	321	332	2	1	24896966
T1296	02	1	1	2	611	039	000	2	1	25644502
T1298	01	1	1	1	936	000	000	2	1	70159906
T1299	01	1	1	1	511	331	000	2	2	34798223
T1299	02	1	1	1	960	514	514	3	2	44177611
T1303	01	1	1	2	011	331	329	2	1	25954352
T1303	02	1	1	2	381	361	381	2	1	26967293
T1307	01	1	1	1	615	312	000	2	1	54775921
T1307	02	1	1	1	531	111	000	2	1	55391149
T1307	03	1	1	1	613	000	000	2	1	74032911
T1316	01	1	1	2	111	371	111	2	1	28596720
T1319	01	1	1	2	519	000	900	3	1	21824487
T1321	01	1	1	1	411	000	000	2	1	48064744
T1322	01	1	1	1	344	111	111	2	1	68947027
T1324	01	1	1	2	021	321	000	2	1	24622164
T1325	01	1	1	2	615	111	111	2	1	25227136
T1326	01	1	1	2	611	000	000	2	1	25954352
T1326	02	1	1	2	960	321	000	2	1	26967293
T1331	01	1	1	1	322	371	000	2	1	49022116
T1331	02	1	1	1	512	000	000	2	1	58827218
T1333	01	1	1	2	512	000	111	2	2	21620785
T1333	02	1	1	2	512	000	000	2	1	32950767
T1336	01	1	1	2	612	000	000	2	1	48207466
T1337	01	1	1	1	000	000	000	2	1	54859467
T1337	02	1	1	1	611	000	000	2	1	48674488
T1339	01	1	1	1	111	361	910	3	1	41931945
T1343	01	1	1	2	352	000	000	2	1	25644502
T1343	02	1	1	2	000	312	000	2	1	24896966
T1345	01	1	1	1	344	321	000	1	1	45468823
T1345	02	1	1	1	615	111	000	2	1	45979516
T1349	01	1	1	2	611	000	000	2	1	26539128
T1350	01	1	1	2	519	980	980	1	2	30506033
T1350	02	1	1	2	611	980	980	2	2	31696616
T1352	01	1	1	2	523	000	000	2	1	19376418
T1352	02	1	1	2	722	032	032	4	1	21315246
T1355	01	1	2	1	000	000	000	2	1	48064744
T1356	01	1	2	2	512	980	000	1	2	25227136
T1357	01	1	2	2	514	000	000	2	1	24622164
T1361	01	1	2	1	384	000	031	2	1	55902017
T1362	01	1	2	1	432	000	000	2	1	49022116
T1362	02	1	2	1	000	000	000	4	1	58827218
T1364	01	1	2	2	383	111	000	2	1	34211286
T1364	02	1	2	2	344	000	000	2	1	35546476
T1364	03	1	2	2	732	211	000	2	1	46665787
T1364	04	1	2	2	722	212	000	2	1	43491628
T1374	01	1	2	2	950	361	361	2	2	25227136
T1376	01	1	2	2	512	311	000	2	2	26453209
T1376	02	1	2	2	343	000	000	3	1	29360836
T1376	03	1	2	2	000	000	000	2	1	34728050
T1378	01	1	2	1	616	111	000	2	1	34798223
T1378	02	1	2	1	612	212	920	2	1	44177611
T1382	01	1	2	2	611	000	000	1	1	24622164
T1383	01	1	2	2	611	312	111	2	1	24706306
T1386	01	1	2	1	516	910	000	2	1	70053412
T1386	03	1	2	1	734	212	000	1	1	77333205
T1387	01	1	2	1	111	000	000	2	1	45408474
T1388	01	1	2	2	382	381	381	1	1	26400957
T1388	03	1	2	2	731	031	920	1	1	32301953
T1389	01	1	2	2	021	312	000	1	1	17157700
T1389	02	1	2	2	615	311	000	1	1	17839802
T1390	01	1	2	2	000	000	000	3	1	25644502
T1392	01	1	2	2	221	936	032	2	1	24896966
T1392	02	1	2	2	920	362	821	2	1	25644502
T1393	01	1	2	1	032	312	900	2	2	37520289
T1397	01	1	2	2	511	321	000	2	1	30506033
T1397	02	1	2	2	021	910	111	3	1	31696616
T1399	01	1	2	2	831	332	000	2	1	26539128
T1403	01	1	2	1	615	111	000	2	1	45979516
T1403	02	1	2	1	111	000	000	3	1	45468823
T1407	01	1	2	2	021	361	000	1	2	22431625
T1407	02	1	2	2	021	000	000	1	2	21573955
T1407	03	1	2	2	531	000	000	1	2	26947192
T1408	01	1	2	2	611	324	311	2	2	36346828
T1408	02	1	2	2	011	031	000	2	1	40341921
T1408	03	1	2	2	611	324	000	2	2	47716497
T1408	05	1	2	2	611	324	324	2	2	37018843
T1409	01	1	2	1	615	111	111	2	1	109630248
T1409	02	1	2	1	821	021	111	2	1	115429223
T1409	03	1	2	1	615	111	000	1	1	126077863
T1409	04	1	2	1	615	000	000	2	1	146526053
T1410	01	1	2	1	938	111	111	3	1	54814193
T1410	02	1	2	1	021	938	111	2	1	55429851
T1410	03	1	2	1	529	960	000	1	2	74084638
T1410	04	1	2	1	513	960	000	1	2	74084638
T1415	01	1	2	2	615	000	000	2	1	26539128
T1418	01	1	2	1	732	000	312	2	1	49022116
T1418	02	1	2	1	512	615	000	2	1	58827218
T1419	01	1	2	1	512	371	000	2	2	48064744
T1420	01	1	2	2	519	000	000	1	2	24896966
T1420	02	1	2	2	529	000	000	1	2	25644502
T1426	01	1	2	1	511	910	111	2	1	72537846
T1426	02	1	2	1	111	311	111	2	1	73352572
T1426	03	1	2	1	111	000	111	2	1	84357516
T1427	01	1	2	1	611	031	329	2	1	48064744
T1435	01	1	2	1	611	321	331	2	1	74224058
T1437	01	1	2	2	936	000	000	2	1	24622164
T1439	01	1	2	2	960	936	821	2	1	25644502
T1439	02	1	2	2	960	000	000	2	1	24896966
T1441	01	1	2	1	381	111	000	2	1	38201330
T1443	01	1	2	1	021	000	000	2	1	49022116
T1453	01	1	3	2	615	321	311	2	1	24987906
T1454	01	1	3	2	613	950	950	2	2	31314018
T1454	02	1	3	2	519	000	000	1	1	30116732
T1457	01	1	3	1	812	339	821	2	1	47884903
T1457	02	1	3	1	900	900	331	2	2	47884903
T1459	01	1	3	1	111	031	111	2	1	80057570
T1464	01	1	3	2	512	312	000	2	1	25644502
T1464	02	1	3	2	512	312	000	2	1	24896966
T1466	01	1	3	1	111	910	011	3	1	71647286
T1466	02	1	3	1	011	221	311	2	1	84801696
T1468	01	1	3	2	531	111	111	2	2	25227136
T1469	01	1	3	2	960	321	000	2	1	26539128
T1471	01	1	3	2	311	000	000	1	1	22966751
T1471	02	1	3	2	529	312	312	1	1	20269119
T1472	01	1	3	2	021	031	000	1	1	24896966
T1477	01	1	3	2	519	950	000	1	2	23963772
T1477	02	1	3	2	529	111	111	1	2	23047521
T1477	03	1	3	2	616	950	000	1	2	28787767
T1477	04	1	3	2	616	312	000	1	2	30888791
T1484	01	1	3	2	383	311	111	2	1	48906729
T1486	01	1	3	2	529	311	000	2	1	28187063
T1487	01	1	3	2	615	321	111	2	1	48207466
T1492	01	1	3	2	531	938	000	1	2	21393491
T1492	02	1	3	2	383	381	000	2	1	34709837
T1499	01	1	3	1	611	321	000	3	2	45408474
T1503	01	1	3	2	392	411	000	2	1	24144926
T1503	02	1	3	2	514	039	000	3	1	25545345
T1505	01	1	3	1	611	429	429	2	2	36079657
T1505	02	1	3	1	611	812	000	2	2	48222182
T1507	01	1	3	1	611	515	361	1	2	74746882
T1507	02	1	3	1	611	515	312	1	2	89697293
T1507	03	1	3	1	515	039	039	4	2	79435444
T1515	01	1	3	1	960	000	000	1	1	45408474
T1518	02	1	3	2	950	000	000	2	1	23980554
T1518	04	1	3	2	525	000	000	2	1	28807926
T1521	01	1	3	1	611	321	000	1	1	45979516
T1522	01	1	3	1	821	111	111	2	1	68947027
T1524	01	1	3	2	812	332	332	2	1	24622164
T1528	01	1	3	2	519	111	000	1	1	19684877
T1531	01	1	3	1	811	000	000	2	1	48064744
T1532	01	1	3	2	614	111	111	2	1	20794117
T1532	02	1	3	2	614	111	111	2	1	21620785
T1536	02	1	3	2	950	332	311	2	1	48207466
T1538	01	1	3	1	514	321	000	2	1	46305204
T1541	01	1	3	2	021	940	111	3	1	20794117
T1541	02	1	3	2	021	939	939	3	1	21620785
T1542	01	1	3	2	614	011	614	2	1	28596720
T1543	01	1	3	2	734	311	936	2	2	28596720
T1544	01	1	3	2	611	031	514	2	1	24622164
T1546	01	1	3	1	615	111	111	2	1	83312542
T1546	02	1	3	1	383	321	311	2	1	55001948
T1547	01	1	3	1	512	910	512	2	1	46305204
T1549	01	1	4	2	940	321	321	2	1	24896966
T1553	01	1	3	1	615	361	000	2	1	49022116
T1558	01	1	4	2	512	000	000	1	1	24396155
T1560	01	1	4	2	021	322	512	2	1	21573955
T1562	01	1	4	1	821	000	000	2	1	55065579
T1563	01	1	4	1	513	321	936	1	2	51384542
T1563	03	1	4	1	614	129	129	2	1	65234546
T1564	01	1	4	2	513	000	000	1	1	24622164
T1565	01	1	4	2	531	000	000	2	1	19865256
T1566	01	1	4	2	711	312	000	3	2	31327936
T1567	03	1	4	2	529	361	000	1	1	33757789
T1569	01	1	4	1	821	361	111	3	1	34798223
T1569	02	1	4	1	614	212	000	1	2	44177611
T1570	01	1	4	1	362	111	111	2	1	50813815
T1570	03	1	4	1	614	212	211	2	1	68677890
T1571	01	1	4	1	424	000	000	2	2	49022116
T1573	01	1	4	2	819	000	000	3	1	21620785
T1574	01	1	4	2	522	000	000	2	1	24144926
T1581	01	1	4	2	733	321	000	2	1	25644502
T1585	01	1	4	1	021	111	111	2	1	81454867
T1585	02	1	4	1	021	111	111	2	1	77362708
T1588	01	1	4	2	611	000	000	2	1	34709837
T1589	01	1	4	2	611	321	000	2	1	21393491
T1596	01	1	4	2	713	312	111	2	1	16412795
T1596	02	1	4	2	011	950	910	2	1	21996786
T1597	01	1	4	2	361	311	000	1	1	25644502
T1597	02	1	4	2	361	311	713	2	1	24896966
T1598	01	1	4	2	821	312	311	2	1	31696616
T1598	02	1	4	2	615	361	321	2	1	30506033
T1599	01	1	4	2	341	311	312	1	1	20046701
T1601	01	1	4	1	511	111	111	2	1	184835798
T1601	02	1	4	1	722	312	910	2	1	184835798
T1602	01	1	4	1	000	361	995	2	1	63721824
T1602	02	1	4	1	000	312	429	2	1	67092438
T1605	02	1	4	2	383	381	111	2	1	47552467
T1610	01	1	4	1	021	312	311	2	1	66143174
T1611	01	1	4	1	821	111	615	2	1	64837874
T1611	02	1	4	1	713	619	329	2	2	65566115
T1611	03	1	4	1	021	011	011	4	2	83238570
T1611	04	1	4	1	011	211	211	1	1	83238570
T1612	01	1	4	2	611	312	980	2	2	41452703
T1612	02	1	4	2	611	312	032	2	2	39867765
T1612	03	1	4	2	021	910	910	2	2	40700199
T1612	04	1	4	2	519	031	111	2	2	53431648
T1613	01	1	4	2	423	936	031	2	2	32957972
T1613	02	1	4	2	423	361	361	2	1	33947541
T1614	01	1	4	2	812	361	311	2	1	33947541
T1617	01	1	4	1	361	324	311	3	1	81257894
T1618	01	1	4	1	021	321	321	3	1	66143174
T1620	01	1	4	2	031	910	111	3	1	25650010
T1620	02	1	4	2	321	821	021	3	1	28216582
T1621	01	1	4	2	821	321	321	2	1	43535659
T1622	01	1	4	2	321	021	950	1	2	33321029
T1623	01	1	4	2	021	344	031	2	1	56416793
T1623	02	1	4	2	311	331	936	3	1	54259705
T1623	03	1	4	2	722	311	311	3	1	55392641
T1623	04	1	4	2	611	011	031	3	1	67773698
T1623	05	1	4	2	734	212	212	3	1	67773698
T1624	01	1	4	2	011	031	312	3	1	32594196
T1628	01	1	4	2	311	361	361	2	1	27526725
T1630	01	1	4	2	519	611	936	2	1	28299806
T1630	02	1	4	2	821	821	021	2	1	28890702
T1632	04	1	4	2	381	221	111	2	1	50771692
T1632	05	1	4	2	531	321	312	3	1	54235425
T1634	02	1	4	1	000	391	391	2	1	67460639
T1637	02	1	4	2	032	011	011	3	1	28621046
T1640	01	1	4	2	729	311	729	2	2	33078356
T1641	01	1	4	1	021	950	950	2	2	69611686
T1642	01	1	4	1	021	321	011	3	1	75777210
T1644	01	1	1	2	731	311	000	2	1	31744848
T1644	02	1	1	2	021	000	000	1	1	30531089
T1644	03	1	1	2	512	311	000	1	1	38135202
T1644	04	1	1	2	512	000	000	1	1	38135202
T1646	01	1	4	2	611	011	011	2	2	27526725
T1646	02	1	4	2	611	321	950	2	1	28621046
T1651	01	1	1	1	512	321	000	2	1	47886761
T1651	02	1	1	1	512	000	000	2	1	60793986
T1653	01	1	1	2	021	000	000	2	1	26537314
T1654	01	1	1	2	513	000	000	1	2	32594196
T1658	01	1	1	1	021	111	111	3	1	74375129
T1664	03	1	1	2	519	000	000	1	2	59474466
T1664	04	1	1	2	519	000	000	1	2	67389968
T1666	01	1	1	1	111	910	910	1	1	75493573
T1666	02	1	1	1	611	312	000	2	1	66982259
T1670	01	1	1	2	021	329	361	2	2	26831745
T1673	01	1	1	1	221	311	000	2	2	62487810
T1674	01	1	1	1	383	000	000	2	2	170102638
T1674	02	1	1	1	381	339	000	2	2	112299736
T1678	01	1	1	2	021	000	331	3	2	28559054
T1678	02	1	1	2	519	221	000	2	1	29694416
T1678	03	1	1	2	613	221	940	3	2	35672009
T1680	01	1	1	2	519	525	525	2	2	37855613
T1681	01	1	1	1	411	936	000	2	1	75777210
T1683	01	1	1	1	611	000	011	1	1	80953701
T1683	02	1	1	1	616	000	000	1	1	67460639
T1685	01	1	1	2	391	312	000	4	1	33947541
T1685	02	1	1	2	732	000	000	3	1	32957972
T1689	01	1	1	1	384	910	910	2	1	54654274
T1690	01	1	1	1	900	000	900	3	1	62256107
T1690	02	1	1	1	821	000	000	3	1	54623696
T1691	01	1	1	1	611	321	381	2	1	45021442
T1691	02	1	1	1	611	111	111	2	1	44521390
T1692	01	1	1	2	361	312	514	2	1	26831745
T1692	02	1	1	2	900	031	031	2	1	30402802
T1693	01	1	1	2	513	000	031	2	2	33078356
T1695	01	1	1	2	512	000	000	2	1	26537314
T1699	01	1	1	1	512	000	000	2	1	62570858
T1699	02	1	1	1	000	000	000	2	1	63273636
T1700	01	1	1	2	392	000	000	2	1	29673693
T1700	02	1	1	2	722	000	000	2	1	28539124
T1707	03	1	1	1	615	000	000	1	1	107699183
T1707	04	1	1	1	212	000	000	1	2	118891040
T1708	01	1	1	2	021	381	910	2	1	30117822
T1708	02	1	1	2	021	381	111	2	2	31293254
T1709	01	1	1	2	519	321	000	2	1	27011557
T1714	01	1	1	1	611	000	000	2	1	80953701
T1716	01	1	1	2	221	000	000	2	1	37855613
T1717	01	1	1	2	344	000	000	3	1	35629382
T1717	02	1	1	2	021	900	111	2	1	35629382
T1719	02	1	1	2	821	000	000	2	1	33395043
T1722	01	1	1	1	021	000	129	3	1	73442741
T1723	01	1	1	1	733	000	000	3	1	99821262
T1723	02	1	1	1	821	321	000	2	1	100942427
T1724	01	1	1	2	111	111	111	2	1	40383112
T1726	01	1	1	2	514	000	000	3	1	32594196
T1728	01	1	1	2	383	950	000	1	2	29482955
T1728	02	1	1	2	519	950	000	1	2	30028064
T1729	01	1	1	1	611	000	000	3	1	80953701
T1731	01	1	1	1	611	000	000	2	1	63721824
T1732	01	1	1	2	514	331	995	2	2	29694416
T1734	01	1	1	2	519	980	980	1	2	27256404
T1735	01	1	1	2	611	000	000	2	1	32594196
T1737	01	1	1	1	938	032	111	3	1	41543184
T1739	01	1	1	1	611	000	000	2	1	62487810
T1742	01	1	1	2	529	331	000	2	1	32957972
T1742	02	1	1	2	719	321	729	2	2	33947541
T1745	01	1	1	1	021	321	111	2	1	47886761
T1745	04	1	1	1	021	321	000	2	1	60793986
T1746	01	1	1	1	821	332	111	2	1	121414463
T1746	02	1	1	1	511	000	000	2	1	96502564
T1746	03	1	1	1	361	321	000	2	1	192267458
T1746	04	1	1	1	361	321	000	2	1	228334969
T1747	01	1	1	1	722	000	000	2	1	94363144
T1747	02	1	1	1	611	321	000	2	2	71993467
T1748	02	1	1	2	734	321	221	2	1	33380223
T1749	01	1	1	2	611	321	000	2	1	43928532
T1751	01	1	1	2	821	000	000	3	1	35131824
T1752	01	1	1	2	311	980	980	2	2	33395043
T1753	01	1	2	1	611	000	000	2	1	100942427
T1753	02	1	2	1	611	000	000	2	1	99821262
T1757	01	1	2	2	713	000	000	2	1	32594196
T1760	01	1	2	2	512	000	000	2	1	32594196
T1761	01	1	2	1	512	615	000	3	1	66143174
T1762	01	1	2	1	021	111	111	2	1	67445530
T1762	03	1	2	1	812	032	032	2	1	96675685
T1763	01	1	2	1	000	000	000	2	1	176764581
T1763	02	1	2	1	910	000	000	2	1	116697872
T1766	01	1	2	2	611	936	312	3	1	26537314
T1767	01	1	2	2	900	221	321	2	1	33395043
T1768	01	1	2	2	514	512	000	1	2	26537314
T1769	01	1	2	1	812	311	000	2	1	63721824
T1769	02	1	2	1	735	322	031	2	1	67092438
T1776	01	1	2	2	512	000	000	2	1	32594196
T1778	01	1	2	1	910	910	311	3	1	107211591
T1779	01	1	2	1	615	011	910	3	1	75777210
T1782	01	1	2	2	713	361	361	3	1	32594196
T1783	01	1	2	2	000	312	000	3	1	33947541
T1783	02	1	2	2	611	000	000	1	2	32957972
T1784	02	1	2	2	821	910	111	2	1	30531089
T1784	03	1	2	2	821	212	920	2	1	38135202
T1785	02	1	2	1	432	000	321	2	1	80953701
T1786	01	1	2	1	431	000	000	1	1	62487810
T1788	01	1	2	2	531	111	111	2	2	22999827
T1788	02	1	2	2	531	111	111	2	1	22999827
T1789	01	1	2	2	960	311	000	1	2	59837169
T1791	01	1	2	2	021	000	000	2	1	33078356
T1792	01	1	2	2	512	312	000	2	1	26537314
T1793	01	1	2	1	311	011	111	3	1	51632668
T1795	01	1	2	1	021	111	111	3	1	79941091
T1796	01	1	2	2	615	324	361	2	1	32957972
T1796	02	1	2	2	611	361	312	2	1	33947541
T1797	02	1	2	2	960	321	361	2	1	32957972
T1801	01	1	2	1	611	321	000	2	1	66143174
T1806	01	1	2	2	425	111	111	2	1	28621046
T1806	02	1	2	2	611	324	000	1	1	27526725
T1812	01	1	2	2	519	321	000	2	1	32594196
T1815	01	1	2	2	512	321	311	2	1	32594196
T1816	01	1	2	2	529	321	000	1	2	35698618
T1817	01	1	2	1	431	311	111	2	1	69877533
T1818	01	1	2	1	381	011	324	2	1	156051910
T1818	02	1	2	1	960	111	111	2	1	103023613
T1819	01	1	2	1	021	000	312	2	1	66143174
T1820	01	1	2	2	611	312	000	1	1	32957972
T1820	02	1	2	2	812	611	000	2	1	33947541
T1823	01	1	2	2	821	311	312	3	2	27437259
T1823	02	1	2	2	021	324	519	3	1	27437259
T1824	01	1	2	2	821	331	000	2	1	28559054
T1824	02	1	2	2	612	312	312	2	1	29694416
T1824	03	1	2	2	722	212	000	2	1	35672009
T1826	01	1	2	1	819	910	111	3	1	69926244
T1826	02	1	2	1	384	000	111	3	2	70711636
T1827	01	1	2	1	615	910	111	2	1	83172079
T1827	02	1	2	1	021	111	111	2	1	88207701
T1829	01	1	2	2	950	910	111	3	1	33078356
T1832	01	1	2	2	611	331	000	2	1	22509432
T1834	01	1	2	1	111	031	000	2	1	74375129
T1836	02	1	2	2	384	362	111	2	1	32705581
T1837	01	1	2	2	910	111	111	3	1	28621046
T1837	02	1	2	2	021	111	111	2	1	27526725
T1838	01	1	2	2	821	425	321	1	2	28559054
T1838	02	1	2	2	519	321	950	1	2	29694416
T1841	01	1	2	1	312	021	032	2	1	127581446
T1841	04	1	2	1	614	212	212	1	1	146722244
T1842	01	1	2	1	381	311	936	2	1	43354136
T1849	01	1	3	1	111	312	000	2	1	107211591
T1850	01	1	3	1	343	312	312	2	1	65023354
T1850	02	1	3	1	343	950	000	1	2	60630303
T1851	01	1	3	1	812	353	000	2	1	66143174
T1853	01	1	3	2	129	321	321	2	1	35290785
T1853	02	1	3	2	031	312	000	3	2	60053362
T1858	01	1	3	1	021	000	910	3	1	69926244
T1858	02	1	3	1	936	332	111	3	1	70711636
T1858	03	1	3	1	129	515	129	2	1	94509473
T1858	04	1	3	1	011	312	344	2	1	89770996
T1860	01	1	3	2	519	910	111	2	1	26537314
T1862	01	1	3	2	361	000	000	2	1	32594196
T1863	01	1	3	2	732	321	000	2	1	32594196
T1866	01	1	3	1	382	910	936	2	1	89660188
T1866	02	1	3	1	311	900	936	2	1	104030560
T1866	03	1	3	1	611	000	000	1	2	128517932
T1869	01	1	3	2	611	361	936	2	1	27526725
T1869	02	1	3	2	821	321	311	2	1	28621046
T1881	01	1	3	1	615	312	321	4	1	61911629
T1881	02	1	3	1	529	321	000	2	1	82747844
T1882	01	1	3	1	960	321	722	1	2	65566115
T1882	02	1	3	1	529	321	722	1	2	64837874
T1882	03	1	3	1	611	722	722	2	2	83238570
T1882	04	1	3	1	821	011	000	3	2	83238570
T1886	01	1	3	2	812	321	361	2	2	32594196
T1887	01	1	3	2	512	910	000	1	2	43282679
T1887	03	1	3	2	960	324	111	1	2	55790448
T1887	05	1	3	2	529	324	000	1	2	51995640
T1888	01	1	3	2	611	000	000	2	1	43769286
T1888	03	1	3	2	732	021	821	1	1	52580202
T1897	02	1	3	1	361	111	111	2	1	73307779
T1899	01	1	3	1	425	514	514	2	1	51533250
T1900	01	1	3	2	711	321	000	2	1	32594196
T1901	01	1	3	2	111	311	111	2	1	34357713
T1901	02	1	3	2	383	321	321	2	1	35698618
T1902	01	1	3	2	383	361	381	1	2	24396564
T1911	01	1	3	2	614	936	936	1	1	40383112
T1911	02	1	3	2	514	312	936	1	1	41959176
T1912	01	1	3	2	000	312	321	2	1	57878109
T1918	01	1	3	2	000	516	021	1	1	31497377
T1920	01	1	3	2	011	321	011	3	1	26537314
T1922	01	1	3	1	021	111	111	2	1	51533250
T1922	02	1	3	1	361	311	000	1	1	68876645
T1927	01	1	3	2	021	000	311	1	2	27526725
T1927	02	1	3	2	432	432	432	2	2	28621046
T1930	01	1	3	1	111	111	111	3	1	95476549
T1932	01	1	3	2	616	324	722	2	1	32957972
T1932	02	1	3	2	391	000	000	1	1	33947541
T1933	01	1	3	2	812	321	615	3	1	32594196
T1935	01	1	3	2	519	312	031	2	1	41959176
T1936	01	1	3	2	111	129	910	3	1	68891702
T1936	02	1	3	2	950	000	000	2	1	156933445
T1942	01	1	3	2	381	111	000	2	1	20366296
T1944	01	1	3	2	512	324	321	2	2	33078356
T1947	01	1	3	1	111	311	312	3	1	49956474
T1951	01	1	3	2	511	361	321		1	31497377
T1951	02	1	3	2	511	321	000	2	1	31497377
T1955	01	1	3	1	938	312	321	1	1	100981297
T1955	02	1	3	1	021	910	910	2	1	87032138
T1955	03	1	3	1	021	111	000	2	1	107341515
T1956	01	1	4	2	511	031	910	2	1	40383112
T1959	01	1	4	2	424	321	312	2	1	35131824
T1961	01	1	4	1	512	391	391	3	1	67460639
T1961	02	1	4	1	512	000	000	3	1	80953701
T1963	01	1	4	1	938	910	312	2	1	69926244
T1963	03	1	4	1	821	920	000	3	1	94509473
T1963	04	1	4	1	212	021	000	2	1	89770996
T1964	01	1	4	2	311	000	000	3	1	28621046
T1966	01	1	4	2	531	000	000	2	1	19202877
T1968	02	1	4	2	344	000	000	2	1	35290785
T1970	01	1	4	1	111	361	000	3	1	75493573
T1970	02	1	4	1	000	032	032	3	1	66982259
T1974	02	1	4	2	611	321	361	2	1	30402802
T1976	01	1	4	2	732	000	000	1	1	32957972
T1976	02	1	4	2	341	000	000	2	1	33947541
T1977	01	1	4	1	519	321	000	2	1	81329424
T1979	01	1	4	1	821	321	000	2	1	57444815
T1980	01	1	4	2	950	111	111	2	1	41079699
T1980	02	1	4	2	519	000	000	2	1	44767309
T1980	03	1	4	2	519	321	000	2	1	43462344
T1984	01	1	4	2	021	312	000	2	1	67389968
T1984	02	1	4	2	021	111	111	2	1	59474466
T1985	01	1	4	1	711	111	000	2	1	57444815
T1985	02	1	4	1	111	000	950	2	1	72928283
T1986	01	1	4	1	000	311	000	4	2	67460639
T1988	01	1	4	2	021	940	361	2	2	27526725
T1988	02	1	4	2	021	111	111	2	1	28621046
T1991	02	1	4	2	339	000	000	2	2	25644140
T1994	01	1	4	1	812	312	000	2	1	94717972
T1996	01	1	4	2	021	910	000	2	2	28621046
T1996	02	1	4	2	021	361	000	3	1	27526725
T1997	01	1	4	2	519	321	000	1	1	32594196
T1999	01	1	4	2	713	311	000	3	1	28559054
T1999	02	1	4	2	021	031	000	2	1	29694416
T1999	03	1	4	2	031	212	212	4	1	35672009
T2000	01	1	4	2	021	321	111	3	1	33719366
T2001	01	2	4	1	343	111	111	2	1	213251084
T2001	02	2	4	1	615	111	111	2	1	195844346
T2001	03	2	4	1	531	920	221	2	1	258423057
T2005	01	2	4	2	511	311	936	3	1	91995125
T2005	02	2	4	2	111	032	032	2	2	87240812
T2005	03	2	4	2	950	111	111	2	2	121023621
T2006	01	2	4	2	611	321	031	2	1	83687042
T2007	01	2	4	2	511	321	361	1	1	122615834
T2007	02	2	4	2	383	321	381	1	2	83457038
T2008	01	2	4	2	613	221	221	1	1	93264888
T2008	02	2	4	2	011	212	212	2	2	98347492
T2009	01	1	4	1	611	324	324	2	1	222808118
T2009	02	1	4	1	611	312	321	2	1	190433703
T2011	01	1	4	1	611	324	311	2	1	222808118
T2011	02	1	4	1	021	331	331	2	1	190433703
T2014	01	1	4	2	611	311	361	2	1	105651871
T2015	01	1	4	2	021	321	312	2	1	144889608
T2015	02	1	4	2	021	039	339	3	1	144889608
T2015	03	1	4	2	519	324	324	2	1	166862889
T2015	04	1	4	2	812	321	321	2	1	165680834
T2018	01	1	4	1	519	312	111	1	1	216230784
T2018	02	1	4	1	383	111	111	3	1	233321999
T2019	01	1	4	1	615	321	995	3	1	195981183
T2019	02	1	4	1	611	910	111	2	2	213400084
T2019	03	1	4	1	213	031	031	2	1	258603618
T2019	04	1	4	1	211	735	212	3	1	258603618
T2023	01	1	4	2	611	332	321	3	1	87179931
T2023	02	1	4	2	021	940	392	3	2	91930926
T2023	03	1	4	2	611	324	324	3	2	125952422
T2026	01	1	4	1	514	111	111	1	1	232923945
T2027	01	1	4	1	512	011	031	2	1	228887841
T2027	02	1	4	1	611	324	321	2	1	258537008
T2027	03	1	4	1	424	331	321	2	1	237433781
T2030	01	1	4	2	512	361	936	1	1	87179931
T2030	02	1	4	2	512	361	936	1	1	91930926
T2030	03	1	4	2	512	031	936	1	1	125952422
T2032	01	1	4	2	821	312	321	3	1	83687042
T2033	01	1	4	1	031	329	332	2	1	259349855
T2033	02	1	4	1	021	312	939	2	1	282400992
T2033	03	1	4	1	519	111	111	2	1	285472270
T2034	01	1	4	1	938	331	361	2	1	181678341
T2034	02	1	4	1	821	111	111	2	1	197825998
T2034	03	1	4	1	938	211	211	2	1	239730547
T2034	04	1	4	1	821	212	212	2	1	254870414
T2035	01	1	4	1	936	332	311	4	1	163719522
T2035	02	1	4	1	711	031	031	1	1	184657895
T2036	01	1	4	2	611	031	011	2	1	84621051
T2036	02	1	4	2	611	321	321	2	1	97454285
T2037	01	1	4	2	512	321	321	2	1	97454285
T2037	02	1	4	2	512	011	821	2	1	84621051
T2038	01	1	4	2	512	321	324	1	2	146976125
T2038	02	1	4	2	512	324	321	1	2	132746210
T2039	01	1	4	2	021	111	111	2	1	148972991
T2039	02	1	4	2	361	321	321	1	1	164942358
T2039	03	1	4	2	361	221	221	2	1	195462762
T2039	04	1	4	2	515	221	221	2	1	195462762
T2044	01	1	4	2	821	910	111	2	1	91995125
T2044	02	1	4	2	611	329	329	2	1	87240812
T2044	03	1	4	2	519	812	812	2	1	121023621
T2049	01	1	4	1	384	111	111	3	1	143765632
T2049	02	1	4	1	111	821	938	3	1	156543589
T2050	01	1	4	1	383	031	031	4	2	171184288
T2050	02	1	4	1	711	321	111	3	1	158644761
T2051	01	1	4	1	021	111	111	4	1	163564965
T2051	02	1	4	1	950	031	215	2	1	210729989
T2052	01	1	4	2	021	111	111	2	1	121725182
T2052	03	1	4	2	425	312	940	3	2	115434418
T2052	04	1	4	2	821	211	221	2	1	166772838
T2053	01	1	4	2	021	111	111	2	1	98209897
T2053	02	1	4	2	611	111	111	2	1	93134404
T2053	03	1	4	2	021	211	111	2	1	134555094
T2053	04	1	4	2	821	920	211	2	1	134555094
T2055	01	1	4	2	361	111	111	3	1	143406791
T2055	02	1	4	2	361	821	936	3	1	151221950
T2060	01	1	4	2	910	011	910	3	1	187575936
T2061	01	1	4	2	011	011	910	3	1	153098976
T2061	02	1	4	2	950	950	021	2	1	153113934
T2061	03	1	4	2	011	021	910	3	1	172618341
T2062	01	1	4	2	021	011	111	3	1	99021605
T2062	02	1	4	2	361	000	311	3	1	86824795
T2063	01	1	4	2	513	311	000	2	2	132746210
T2063	02	1	4	2	512	513	321	1	2	146976125
T2064	01	1	4	2	021	361	311	2	2	84621051
T2064	02	1	4	2	021	362	936	2	2	97454285
T2066	01	2	4	1	000	321	321	1	2	214378770
T2067	01	2	4	1	512	312	311	1	2	231859704
T2067	02	2	4	1	021	321	311	1	2	210643159
T2067	03	2	4	1	021	312	311	1	2	277950577
T2067	04	2	4	1	021	329	329	1	2	277950577
T2069	01	2	4	2	960	352	352	2	2	170907846
T2069	02	2	4	2	611	329	329	2	1	155462206
T2069	03	2	4	2	611	311	311	2	1	134990219
T2071	01	2	4	2	021	321	311	1	2	97454285
T2071	02	2	4	2	021	311	311	1	2	84621051
T2072	01	2	4	2	513	960	361	2	2	91930926
T2072	02	2	4	2	021	321	311	1	2	87179931
T2072	03	2	4	2	021	812	513	1	2	125952422
T2074	01	1	1	1	615	111	111	2	1	224699302
T2080	01	1	1	2	611	321	321	2	1	81064897
T2082	01	1	1	1	011	111	111	3	1	197688193
T2087	01	1	1	2	960	000	000	2	1	102171700
T2088	01	1	1	2	613	000	000	2	1	84439520
T2088	02	1	1	2	613	000	000	2	1	84216447
T2089	01	1	1	1	821	311	111	4	1	259349855
T2089	02	1	1	1	611	000	000	4	1	282400992
T2089	03	1	1	1	031	000	000	1	1	285472270
T2093	01	1	1	2	531	312	000	2	1	84621051
T2093	02	1	1	2	322	000	000	2	1	97454285
T2096	01	1	1	2	821	361	000	1	1	98347492
T2096	02	1	1	2	821	361	311	2	1	93264888
T2096	03	1	1	2	615	000	212	2	1	129380439
T2096	04	1	1	2	512	000	212	1	1	129380439
T2102	01	1	1	2	031	000	311	1	1	105651871
T2104	01	1	1	2	821	000	031	2	1	99021605
T2104	02	1	1	2	021	000	000	2	1	86824795
T2106	01	1	1	1	821	111	111	2	1	172794479
T2107	01	1	1	1	519	000	000	2	1	223645347
T2114	01	1	1	1	819	031	111	3	1	216230784
T2114	02	1	1	1	612	325	111	3	1	233321999
T2116	01	1	1	2	611	000	000	2	1	128512953
T2116	02	1	1	2	531	111	111	2	1	121871397
T2117	01	1	1	2	021	000	000	2	1	113124137
T2117	02	1	1	2	021	321	000	2	1	102171700
T2122	01	1	1	1	900	032	000	2	1	190433703
T2122	02	1	1	1	821	000	000	2	1	222808118
T2125	01	1	1	2	613	936	000	2	1	102478780
T2127	02	1	1	2	344	321	000	2	1	86824795
T2128	01	1	1	2	611	000	000	2	1	83687042
T2129	02	1	1	1	722	312	938	2	1	213400084
T2129	03	1	1	1	111	212	000	3	1	258603618
T2129	04	1	1	1	221	211	211	2	1	258603618
T2130	01	1	1	1	531	031	111	3	1	174646501
T2130	02	1	1	1	733	000	000	3	2	192237366
T2131	01	1	1	1	960	936	910	1	2	206433668
T2139	01	1	1	1	211	321	311	2	1	327793086
T2139	02	1	1	1	111	821	111	1	1	356927491
T2139	03	1	1	1	000	000	000	2	1	334379423
T2139	04	1	1	1	111	910	111	2	1	360809288
T2140	01	1	1	2	111	312	311	2	1	127073657
T2140	02	1	1	2	719	910	111	2	1	133998718
T2142	01	1	1	2	519	000	525	2	2	97454285
T2142	02	1	1	2	525	950	000	2	2	84621051
T2143	01	1	1	2	531	000	329	3	1	93199623
T2143	02	1	1	2	531	910	000	2	2	98278670
T2143	03	1	1	2	361	000	000	1	2	129289900
T2143	04	1	1	2	960	000	339	1	2	134649317
T2146	02	1	1	1	910	362	910	3	1	157258243
T2147	03	1	1	1	032	032	000	3	1	261194559
T2148	01	1	1	2	011	000	000	2	1	83687042
T2151	01	1	1	2	529	332	332	2	1	83687042
T2158	01	1	1	2	821	111	111	3	1	102478780
T2159	01	1	1	2	525	000	000	1	1	78419986
T2159	02	1	1	2	525	000	000	1	1	91800569
T2161	01	1	1	1	611	031	031	2	1	187817694
T2163	01	1	1	1	514	311	311	2	1	186714649
T2165	01	1	1	2	611	311	381	2	1	286422778
T2165	02	1	1	2	611	000	000	2	1	317126266
T2165	03	1	1	2	732	031	381	2	1	264887522
T2165	04	1	1	2	611	321	321	2	1	391384483
T2165	05	1	1	2	732	321	031	2	1	709987300
T2168	01	1	1	2	722	312	000	5	1	86810328
T2168	02	1	1	2	111	910	910	2	1	118936809
T2169	02	1	1	1	511	111	111	2	1	183430661
T2169	03	1	1	1	732	211	000	2	1	236324089
T2169	04	1	1	1	732	211	000	2	1	236324089
T2171	01	1	1	1	611	000	000	2	1	222808118
T2171	02	1	1	1	611	000	000	2	1	190433703
T2172	01	1	1	2	936	321	000	2	1	142552209
T2172	02	1	1	2	021	312	000	2	2	128423022
T2174	01	1	1	2	812	332	000	2	1	81064897
T2177	01	1	1	1	711	321	000	2	1	223645347
T2183	01	1	1	2	519	321	000	2	1	102478780
T2185	01	1	1	1	361	000	000	2	1	190433703
T2185	02	1	1	1	611	000	000	2	1	222808118
T2187	02	1	1	1	939	312	321	2	1	696762136
T2187	03	1	1	1	031	011	331	3	1	639888540
T2187	05	1	1	1	515	000	000	3	1	844353977
T2191	01	1	1	2	432	311	000	2	1	98425267
T2193	01	2	1	1	821	939	000	3	1	222808118
T2193	02	2	1	1	821	939	000	3	1	190433703
T2194	01	2	1	1	383	329	938	2	1	216418323
T2194	02	2	1	1	938	031	111	2	1	250447459
T2194	03	2	1	1	734	211	212	3	1	275824206
T2195	01	2	1	1	821	000	000	2	1	186714649
T2196	01	2	1	2	000	392	392	4	2	103922440
T2196	02	2	1	2	821	032	000	4	2	119682833
T2196	03	2	1	2	000	032	000	4	2	103922440
T2199	01	2	1	2	519	000	000	3	2	101787463
T2201	02	1	1	1	511	111	111	2	1	182824737
T2203	01	1	1	1	384	111	111	2	1	255093158
T2203	02	1	1	1	938	000	111	2	1	275256115
T2203	03	1	1	1	732	211	212	2	1	350812715
T2203	04	1	1	1	732	211	211	2	1	350812715
T2205	01	1	1	2	611	321	321	1	2	84621051
T2206	01	1	1	2	950	329	382	2	2	99718947
T2206	02	1	1	2	938	312	938	2	1	99455509
T2206	03	1	1	2	960	960	212	2	1	130838084
T2207	01	1	1	2	612	321	000	2	1	109333021
T2207	02	1	1	2	612	321	111	2	1	109622622
T2212	01	1	1	2	940	111	000	2	1	66370100
T2212	02	1	1	2	519	211	211	2	1	77497719
T2217	01	1	1	1	361	000	000	1	1	129506095
T2219	02	1	1	1	611	000	000	3	1	189083289
T2221	01	1	1	2	819	312	000	1	2	134190745
T2221	02	1	1	2	000	312	000	1	2	141503662
T2221	03	1	1	2	031	980	000	1	2	157087337
T2223	01	1	1	2	000	000	980	2	2	137777179
T2226	01	1	2	1	611	000	111	2	1	346429884
T2229	01	1	2	2	732	032	000	2	2	97454285
T2229	02	1	2	2	519	332	332	3	1	84621051
T2230	01	1	2	2	611	339	000	3	1	81964311
T2232	01	1	2	2	611	000	000	3	1	83687042
T2233	01	1	2	1	324	321	000	3	1	160548989
T2235	01	1	2	1	920	331	361	3	1	266728452
T2235	03	1	2	1	950	615	321	3	1	272087819
T2235	04	1	2	1	960	324	211	3	1	351956966
T2237	01	1	2	2	011	000	000	3	1	84621051
T2238	01	1	2	2	383	000	361	2	1	113124137
T2240	01	1	2	2	512	000	000	3	1	83687042
T2241	01	2	2	1	732	321	000	3	1	260749466
T2242	01	2	2	1	519	000	000	2	1	223645347
T2243	01	2	2	1	381	321	321	3	1	247705887
T2243	02	2	2	1	384	354	354	3	1	367228483
T2244	01	2	2	2	936	321	000	2	1	84621051
T2244	02	2	2	2	936	000	000	2	1	97454285
T2249	01	1	2	1	611	531	000	3	1	163719522
T2253	03	1	2	2	980	324	000	2	2	134990219
T2254	01	1	2	2	960	321	321	1	2	109622622
T2254	02	1	2	2	531	361	324	1	2	109333021
T2258	01	1	2	1	611	312	000	2	1	222808118
T2258	02	1	2	1	424	311	000	2	1	190433703
T2260	01	1	2	2	711	031	821	2	1	97454285
T2260	02	1	2	2	812	000	000	3	1	84621051
T2261	03	1	2	2	519	312	111	1	1	209908262
T2262	01	1	2	2	000	312	000	3	1	100854043
T2264	01	1	2	2	615	000	000	2	2	132746210
T2264	02	1	2	2	611	000	000	2	2	200099787
T2266	01	1	2	1	011	910	910	3	1	192237366
T2266	02	1	2	1	531	000	910	2	1	174646501
T2269	01	1	2	2	611	361	353	2	1	97454285
T2269	02	1	2	2	611	321	331	3	1	84621051
T2272	02	1	2	2	514	311	936	3	1	89170681
T2273	01	1	2	1	821	032	311	2	1	195844346
T2273	03	1	2	1	734	211	211	3	1	258423057
T2277	02	1	2	2	031	331	000	2	1	101787463
T2280	01	1	2	2	371	321	000	3	1	84087302
T2280	02	1	2	2	821	339	339	3	1	88669760
T2281	02	1	2	1	021	910	910	3	1	251075528
T2282	01	1	2	1	383	321	000	2	1	174083020
T2282	03	1	2	1	021	031	000	2	1	180333376
T2284	01	1	2	2	734	000	000	2	1	133126255
T2286	01	1	2	2	525	819	525	3	1	101380431
T2293	01	1	2	2	613	031	111	1	2	89827224
T2293	02	1	2	2	960	312	938	2	1	81130344
T2295	01	1	2	2	611	321	000	2	1	97454285
T2296	01	1	2	2	512	012	012	4	2	83687042
T2298	01	1	2	1	519	321	000	1	2	195981183
T2298	02	1	2	1	519	321	000	1	2	213400084
T2299	01	1	2	1	519	321	381	2	2	198508383
T2299	02	1	2	1	383	111	111	2	1	214198792
T2299	03	1	2	1	521	000	000	1	2	256778891
T2300	02	1	2	2	519	321	111	2	1	91930926
T2301	01	1	2	2	384	000	000	2	2	120764840
T2301	02	1	2	2	384	910	000	2	1	133710394
T2301	03	1	2	2	960	920	000	1	1	158451736
T2303	01	1	2	2	512	321	000	2	2	105651871
T2304	01	1	2	2	519	321	111	2	1	102478780
T2305	01	1	2	1	381	910	000	3	1	278230148
T2305	03	1	2	1	614	821	000	2	1	306421995
T2307	01	1	2	1	311	000	000	2	1	168294816
T2307	02	1	2	1	021	000	000	3	1	156650930
T2308	02	1	2	2	000	111	111	3	1	106328660
T2311	01	1	2	2	519	321	000	2	1	84621051
T2311	02	1	2	2	519	031	000	3	1	97454285
T2313	02	1	2	1	731	611	031	3	1	607823873
T2313	03	1	2	1	611	332	321	3	1	519505985
T2314	02	1	2	1	611	910	321	4	1	347932626
T2314	04	1	2	1	821	211	212	3	1	323188991
T2315	01	1	2	1	950	111	312	2	1	177017121
T2315	02	1	2	1	812	321	321	2	1	162568000
T2316	01	1	2	2	936	031	111	2	1	122765427
T2316	02	1	2	2	311	312	031	2	1	200099787
T2319	02	1	2	2	950	324	361	2	1	120194575
T2322	01	1	2	1	821	111	111	2	1	215769785
T2327	01	1	2	2	382	312	525	1	1	134092400
T2327	02	1	2	2	000	000	382	1	1	127162498
T2327	03	1	2	2	960	960	221	1	2	176404432
T2328	01	1	2	2	821	321	000	2	1	240394025
T2328	05	1	2	2	611	341	000	2	1	287802380
T2329	01	1	2	1	713	321	000	2	1	187817694
T2331	01	1	2	1	021	111	111	2	1	242459881
T2332	01	1	2	2	383	111	111	2	1	105859673
T2332	02	1	2	2	383	332	332	2	1	92575382
T2332	03	1	2	2	616	211	212	2	1	144652718
T2333	01	1	2	2	519	111	111	2	1	137777179
T2336	01	1	2	2	021	321	000	2	1	84621051
T2336	02	1	2	2	900	322	000	2	1	97454285
T2337	01	1	2	1	910	910	000	3	1	397801463
T2340	01	1	2	2	910	910	361	2	1	170243713
T2340	02	1	2	2	381	031	938	2	1	104448098
T2341	01	1	2	2	512	000	111	1	2	84439520
T2343	01	1	2	2	512	000	000	5	1	83687042
T2347	01	1	2	1	614	111	111	2	1	177017121
T2347	02	1	2	1	615	221	221	2	1	190174828
T2350	01	1	2	2	611	332	339	2	1	93134404
T2350	02	1	2	2	611	936	312	2	1	98209897
T2350	03	1	2	2	936	212	212	2	1	134555094
T2350	04	1	2	2	936	212	000	2	1	134555094
T2353	01	1	2	1	611	111	111	2	1	177558396
T2353	02	1	2	1	615	111	111	2	1	226297400
T2355	01	1	2	1	424	321	000	2	1	160548989
T2356	01	1	2	2	000	000	000	2	2	113982913
T2356	02	1	2	2	611	321	321	1	1	120194575
T2356	03	1	2	2	950	000	000	2	2	120512946
T2358	01	1	2	2	531	012	012	5	2	66370100
T2358	02	1	2	2	519	000	960	1	1	95887606
T2359	01	1	2	2	512	331	950	2	2	87240812
T2359	02	1	2	2	021	322	322	2	1	91995125
T2359	03	1	2	2	950	212	212	2	2	121023621
T2360	01	1	2	2	312	031	950	1	2	102478780
T2361	01	1	2	1	611	000	000	2	1	222808118
T2361	02	1	2	1	611	321	000	2	1	190433703
T2363	01	1	2	1	950	321	000	2	1	257775298
T2365	01	1	2	2	021	321	000	2	1	84621051
T2365	02	1	2	2	021	000	000	2	1	97454285
T2367	01	1	2	2	938	000	351	2	2	139276403
T2368	01	1	2	2	831	000	000	2	1	97454285
T2368	02	1	2	2	531	339	000	2	1	84621051
T2369	01	1	2	1	425	111	111	2	1	160548989
T2371	01	1	2	1	950	312	032	2	2	214378770
T2372	01	1	2	2	812	321	321	2	1	83687042
T2373	01	1	2	2	519	000	000	2	1	137777179
T2374	01	1	2	2	821	321	000	2	1	84621051
T2374	02	1	2	2	821	000	000	2	1	97454285
T2379	01	1	2	1	344	936	936	3	1	195981183
T2379	04	1	2	1	344	212	212	2	1	348632427
T2382	02	1	2	2	611	039	031	4	1	86824795
T2383	01	1	2	2	513	353	353	2	1	81130344
T2385	01	1	2	1	392	392	392	3	2	163719522
T2386	01	1	2	1	511	111	111	2	1	402541667
T2386	02	1	2	1	511	321	000	2	1	271525618
T2386	03	1	2	1	732	000	000	2	1	379195953
T2390	01	1	2	2	383	312	000	2	1	151876027
T2390	02	1	2	2	529	000	000	2	1	151474801
T2391	01	1	2	2	611	321	000	2	1	83687042
T2393	01	1	2	1	614	321	312	2	1	190433703
T2393	02	1	2	1	732	000	000	2	1	222808118
T2394	02	1	2	1	512	321	000	2	1	190433703
T2396	01	1	2	2	950	432	332	2	2	66370100
T2397	01	1	2	2	611	111	311	2	1	132746210
T2397	02	1	2	2	611	111	111	2	1	200099787
T2398	01	1	2	2	519	339	321	2	1	105651871
T2400	01	1	2	2	519	321	000	2	1	83687042
T2401	01	1	3	1	519	321	000	2	1	186714649
T2402	01	1	3	1	021	111	111	2	1	232051378
T2402	02	1	3	1	519	321	000	2	1	203229358
T2404	01	1	3	2	021	321	000	2	1	83687042
T2412	01	1	3	2	821	111	000	2	1	102478780
T2417	01	1	3	1	812	311	000	3	1	162568000
T2418	01	1	3	1	611	000	000	2	1	190433703
T2418	02	1	3	1	512	032	000	2	1	222808118
T2420	01	1	3	2	611	361	940	3	1	132138236
T2420	03	1	3	2	021	339	324	2	1	114737658
T2420	05	1	3	2	611	910	111	2	1	131202169
T2422	01	1	3	2	021	000	031	2	1	83687042
T2424	01	1	3	2	960	000	311	2	1	84621051
T2424	02	1	3	2	960	000	000	2	1	97454285
T2425	01	1	3	1	936	321	000	2	1	190433703
T2425	02	1	3	1	519	324	000	2	1	222808118
T2428	01	1	3	2	511	321	332	2	1	142652034
T2428	03	1	3	2	021	111	111	2	1	119165266
T2429	02	1	3	2	732	321	000	2	1	142947630
T2430	01	1	3	2	519	339	000	2	1	83687042
T2431	01	1	3	2	611	321	321	2	1	102478780
T2439	01	1	3	2	000	910	910	2	1	117201575
T2441	01	1	3	1	021	111	111	2	1	232923945
T2442	01	1	3	1	021	111	111	2	1	160548989
T2444	02	1	3	2	381	321	000	2	1	113852063
T2444	03	1	3	2	614	381	000	2	1	161526375
T2445	01	1	3	2	519	321	000	2	1	83687042
T2448	01	1	3	2	383	000	000	2	2	113124137
T2448	02	1	3	2	383	311	000	2	2	102171700
T2451	02	2	3	1	000	321	000	2	1	189083289
T2452	01	2	3	2	511	111	111	2	1	118999338
T2453	01	2	3	2	531	031	611	2	1	84621051
T2454	01	2	3	2	519	311	000	2	1	102478780
T2455	01	2	3	2	000	311	000	3	1	68807817
T2457	01	1	3	1	344	514	514	4	2	186714649
T2458	01	1	3	1	311	111	111	2	1	429646269
T2458	02	1	3	1	021	000	000	3	1	467833432
T2458	04	1	3	1	516	031	000	2	2	438279138
T2458	05	1	3	1	616	339	713	2	1	602736253
T2460	01	1	3	2	021	111	111	2	1	91930926
T2465	01	1	3	1	611	321	000	2	1	186714649
T2467	01	1	3	1	021	321	000	2	2	214378770
T2470	01	1	3	2	021	111	111	2	1	137777179
T2473	01	1	3	1	821	111	111	2	1	195844346
T2475	01	1	3	1	021	111	111	2	1	214378770
T2481	01	1	3	1	960	312	000	2	1	177017121
T2490	01	1	3	1	731	000	000	2	1	186714649
T2491	01	1	3	1	821	311	000	2	2	181551785
T2491	02	1	3	1	734	000	000	2	2	197688193
T2491	03	1	3	1	734	936	000	2	2	254692872
T2495	02	1	3	2	383	611	611	1	1	87179931
T2497	01	1	3	1	111	031	000	1	1	190174828
T2498	01	1	3	1	980	000	000	2	2	181678341
T2498	02	1	3	1	021	980	000	2	2	197825998
T2498	03	1	3	1	000	980	000	1	1	254870414
T2498	04	1	3	1	011	980	000	2	2	239730547
T2499	01	1	3	1	615	312	352	1	2	232923945
T2500	01	1	3	2	321	516	516	2	2	127267432
T2503	01	1	3	2	960	960	960	1	2	102171700
T2503	02	1	3	2	522	311	311	2	2	113124137
T2505	01	1	3	1	950	321	321	2	1	224699302
T2507	02	1	3	1	021	522	522	1	2	106616627
T2511	01	1	3	2	021	353	329	3	1	98278670
T2511	02	1	3	2	361	324	324	3	1	93199623
T2511	03	1	3	2	711	821	950	2	2	129289900
T2511	04	1	3	2	611	031	031	1	1	134649317
T2512	01	1	3	2	831	311	000	2	1	102478780
T2515	01	1	3	1	011	000	000	2	2	232923945
T2517	01	1	3	2	000	000	111	2	1	81051457
T2518	01	1	3	2	519	332	000	2	1	83687042
T2519	01	1	3	2	515	111	111	2	1	216624757
T2519	02	1	3	2	511	111	111	2	1	228430033
T2521	01	1	3	1	381	910	031	2	1	181678341
T2521	02	1	3	1	011	329	329	2	1	197825998
T2523	01	1	3	1	615	111	111	2	1	214378770
T2524	06	1	3	2	515	111	212	2	1	97708229
T2526	03	1	3	2	614	321	000	2	1	180716082
T2528	01	1	3	2	021	000	000	2	1	99277990
T2532	03	1	3	2	529	950	000	1	2	167975902
T2532	04	1	3	2	615	111	910	2	2	167975902
T2535	02	1	3	2	519	311	000	2	1	89274694
T2537	01	1	3	1	511	111	111	2	1	214049258
T2540	01	1	3	2	519	312	000	1	2	102478780
T2544	01	1	3	2	021	611	311	2	1	108756721
T2544	02	1	3	2	021	000	000	1	1	125250257
T2544	03	1	3	2	021	000	000	2	1	125250257
T2546	01	1	3	1	950	321	000	2	1	206433668
T2548	01	1	3	2	936	032	000	2	2	84621051
T2556	01	1	3	2	425	311	000	2	2	165626585
T2556	05	1	3	2	614	211	211	2	1	217313416
T2559	01	1	3	2	611	031	000	3	1	81064897
T2564	01	1	3	2	424	361	000	3	1	76558194
T2566	01	1	3	2	938	382	311	2	1	55089120
T2566	02	1	3	2	960	324	000	1	1	76421627
T2566	03	1	3	2	960	321	000	1	1	76421627
T2567	02	1	3	2	515	321	339	3	1	122187722
T2568	03	1	3	2	344	321	212	2	1	189764108
T2571	01	1	3	1	960	311	311	2	1	224699302
T2572	01	1	4	2	424	950	429	3	1	84621051
T2573	01	1	4	2	611	321	321	2	1	81964311
T2574	02	1	4	2	910	910	111	2	1	93199623
T2574	04	1	4	2	821	212	212	2	1	134649317
T2576	03	1	4	2	519	212	000	2	1	176404432
T2576	05	1	4	2	821	212	212	2	1	183716876
T2578	01	2	4	1	031	910	000	3	1	181551785
T2581	02	2	4	2	940	940	910	2	1	134190745
T2584	01	2	4	2	000	000	000	3	1	83687042
T2587	01	1	4	1	383	381	000	2	2	186452421
T2587	02	1	4	1	938	995	995	2	1	172794479
T2590	01	1	4	2	812	312	221	2	1	84087302
T2590	02	1	4	2	821	031	111	2	1	88669760
T2594	01	1	4	1	021	936	000	3	1	215780383
T2594	03	1	4	1	214	000	000	2	1	258767816
T2594	04	1	4	1	732	000	000	3	1	258767816
T2595	01	1	4	1	936	000	000	2	1	214378770
T2596	01	1	4	2	615	321	000	2	1	229362942
T2596	04	1	4	2	519	514	111	2	1	254622483
T2603	02	2	4	1	511	111	111	2	1	133582711
T2604	01	2	4	2	615	111	111	2	1	84087302
T2605	01	2	4	2	611	321	000	2	1	102478780
T2608	01	2	4	2	611	321	000	1	1	81130344
T2608	02	2	4	2	021	312	000	1	1	89827224
T2609	01	1	4	1	511	111	111	2	1	242459881
T2609	02	1	4	1	511	111	111	2	1	224699302
T2614	01	1	4	2	514	321	321	4	2	86252821
T2616	01	1	4	2	021	321	000	2	1	113982913
T2617	02	1	4	1	611	331	900	2	1	190433703
T2620	01	1	4	2	719	391	391	5	2	81964311
T2620	02	1	4	2	821	031	031	3	1	87278291
T2621	01	1	4	2	362	311	960	1	2	158874074
T2621	02	1	4	2	960	311	960	1	2	167532144
T2621	03	1	4	2	950	312	312	2	1	167975902
T2621	04	1	4	2	031	311	311	4	2	167975902
T2622	01	1	4	2	111	000	111	1	1	102478780
T2623	01	1	4	2	519	000	000	2	1	130796494
T2623	02	1	4	2	011	936	000	2	1	139276403
T2623	03	1	4	2	950	000	000	1	1	153113934
T2624	01	1	4	2	424	322	031	2	2	100854043
T2626	01	1	4	1	021	111	111	2	1	195110881
T2631	01	1	4	2	383	111	111	2	1	99200889
T2632	01	1	4	2	021	111	111	2	1	87179931
T2635	01	1	4	1	383	312	000	2	1	198369803
T2637	01	1	4	2	611	321	000	2	1	84621051
T2637	02	1	4	2	611	321	000	2	1	97454285
T2638	01	1	4	2	511	312	000	2	1	91995125
T2639	01	1	4	2	821	332	000	2	1	87240812
T2640	01	1	4	2	611	321	000	2	1	84621051
T2640	02	1	4	2	611	000	000	2	1	97454285
T2642	01	1	4	1	616	821	000	3	1	222808118
T2646	01	1	4	2	615	321	514	3	1	84621051
T2647	01	1	4	2	611	000	000	2	1	97454285
T2647	02	1	4	2	611	312	000	2	1	84621051
T2648	01	1	4	2	514	311	311	2	1	94887503
T2652	01	2	4	2	821	111	111	2	1	102478780
T2657	01	2	4	1	212	311	311	4	1	150600591
T2657	02	2	4	1	000	361	361	3	1	169861161
T2658	01	2	4	1	381	321	321	3	1	185187589
T2658	02	2	4	1	311	000	021	2	1	347667522
T2659	01	2	4	1	424	940	940	2	2	204954386
T2659	02	2	4	1	021	339	311	2	1	175174150
T2661	01	2	4	2	512	321	039	3	1	73534829
T2662	01	2	4	2	525	329	031	2	2	81893423
T2662	02	2	4	2	021	000	512	2	2	86356322
T2662	03	2	4	2	950	221	221	2	2	118314786
T2662	04	2	4	2	614	960	960	1	1	113605528
T2664	01	2	4	2	519	960	960	1	2	73534829
T2668	01	2	4	2	384	311	311	2	1	78727375
T2668	02	2	4	2	384	111	910	3	1	87166665
T2671	01	2	4	2	531	021	031	2	1	73534829
T2675	01	1	4	1	424	424	424	3	1	205724527
T2676	01	1	4	2	382	011	111	3	1	62980840
T2676	02	1	4	2	611	111	111	3	1	66413071
T2677	01	1	4	2	512	021	031	3	1	73534829
T2680	02	1	4	2	383	321	321	2	1	62379072
T2681	01	1	4	1	821	012	012	3	2	175174150
T2681	02	1	4	1	011	032	032	3	2	204954386
T2682	01	1	4	1	344	936	936	2	2	181847334
T2682	02	1	4	1	021	936	311	1	2	167003945
T2684	01	1	4	2	523	936	936	1	2	87166665
T2684	02	1	4	2	513	381	936	1	2	78727375
T2685	01	1	4	2	529	321	321	2	2	73534829
T2686	01	1	4	2	821	324	332	2	1	74355532
T2689	01	1	4	1	611	361	361	2	1	171753106
T2695	01	1	4	2	960	321	381	1	1	60797961
T2695	02	1	4	2	960	011	021	2	2	53168448
T2696	01	1	4	2	344	321	021	2	1	92835068
T2697	01	2	4	1	611	039	936	4	2	204954386
T2697	02	2	4	1	821	011	011	4	2	175174150
T2698	01	2	4	1	821	011	111	2	1	174385766
T2707	01	2	4	1	910	111	011	3	1	275637816
T2707	02	2	4	1	615	021	000	3	1	297424654
T2707	03	2	4	1	031	111	910	3	1	379066421
T2707	05	2	4	1	615	111	111	3	1	356549036
T2709	01	2	4	2	011	361	021	3	1	76657485
T2709	02	2	4	2	519	011	021	3	1	80835044
T2709	03	2	4	2	722	011	021	3	1	106342046
T2712	01	2	4	2	611	000	000	3	2	58318634
T2712	02	2	4	2	519	000	000	2	1	84255322
T2714	01	1	1	1	615	312	312	2	1	189892030
T2716	01	1	1	2	311	011	324	2	2	129146208
T2716	02	1	1	2	344	324	111	2	1	116642548
T2719	01	1	4	2	732	311	311	3	2	106040279
T2719	02	1	4	2	821	821	821	3	2	117407414
T2719	03	1	4	2	821	212	212	3	2	144899509
T2720	01	1	4	2	512	321	321	2	2	73534829
T2722	01	1	4	1	011	910	111	4	1	189892030
T2730	01	1	1	1	821	321	321	3	1	171753106
T2731	01	1	4	1	512	321	321	1	2	219966866
T2731	02	1	4	1	021	000	000	1	2	248098809
T2731	03	1	4	1	950	321	000	1	2	212049611
T2734	01	1	4	2	611	311	321	2	1	75842069
T2734	02	1	4	2	821	920	000	2	1	99509986
T2735	01	1	4	2	512	000	000	1	2	121063202
T2736	01	1	4	2	513	000	000	1	2	92835068
T2737	01	2	4	1	821	031	031	3	1	162832646
T2737	02	2	4	1	311	391	391	3	1	149541341
T2738	01	2	1	1	615	515	000	2	1	162832646
T2739	02	2	1	1	344	821	000	2	1	214143991
T2740	01	2	1	2	611	000	000	3	1	134539430
T2740	02	2	1	2	531	361	000	3	1	122380553
T2741	01	2	1	2	383	000	000	2	2	58672016
T2741	03	2	1	2	513	000	000	2	2	76981702
T2742	01	2	1	2	513	950	950	2	2	235171285
T2742	04	2	1	2	513	000	000	2	2	234550009
T2742	05	2	1	2	513	950	000	2	2	308560823
T2743	01	2	1	2	519	821	821	2	2	77913085
T2743	02	2	1	2	611	000	821	2	2	73886533
T2744	01	2	1	2	011	821	000	2	2	86295892
T2744	02	2	1	2	821	312	000	2	2	81836116
T2744	03	2	1	2	519	212	212	2	2	118231993
T2744	04	2	1	2	722	212	212	2	2	118231993
T2745	01	1	1	1	000	111	111	3	1	180277108
T2745	02	1	1	1	021	910	910	1	1	196300223
T2745	03	1	1	1	011	221	000	2	1	237881574
T2745	04	1	1	1	821	021	000	2	1	237881574
T2747	01	1	1	1	611	312	324	2	1	204954386
T2747	02	1	1	1	611	361	361	2	1	175174150
T2749	01	1	1	2	513	950	392	1	2	88396273
T2749	02	1	1	2	512	000	329	2	2	81732140
T2749	03	1	1	2	512	329	329	2	2	94127255
T2750	02	1	1	2	011	000	321	3	1	184930933
T2751	01	1	1	2	611	331	514	3	2	90046910
T2752	01	1	1	2	021	321	111	1	1	76603990
T2752	02	1	1	2	021	322	000	1	1	80778634
T2752	03	1	1	2	821	111	111	3	1	110672926
T2753	01	1	1	1	311	031	039	3	2	279089726
T2753	03	1	1	1	615	311	111	2	1	318670276
T2757	01	1	1	2	312	000	000	2	1	92392961
T2757	02	1	1	2	111	000	111	2	1	116976489
T2759	01	1	1	2	960	329	000	2	1	81893423
T2759	02	1	1	2	382	329	000	1	1	117646907
T2761	01	1	1	1	021	362	000	2	1	205724527
T2762	01	1	1	1	531	111	000	3	1	301054962
T2764	01	1	1	2	821	821	000	3	1	73582736
T2767	01	1	1	2	611	000	000	2	1	71060325
T2767	02	1	1	2	611	000	000	2	1	71060325
T2768	01	1	1	2	950	321	312	2	1	191123022
T2768	02	1	1	2	821	000	000	3	1	201538544
T2768	03	1	1	2	722	000	000	3	1	223733809
T2772	01	1	1	2	111	031	111	2	2	73534829
T2773	01	1	1	2	512	311	321	3	1	73886533
T2776	01	1	1	2	311	031	031	1	2	143119392
T2776	02	1	1	2	311	321	311	2	1	129262878
T2777	02	2	1	1	938	331	321	2	1	288598591
T2777	04	2	1	1	614	212	212	3	1	317841027
T2781	01	2	1	2	614	361	111	2	1	109876829
T2784	01	2	1	2	611	000	031	2	1	74355532
T2784	02	2	1	2	352	312	000	2	1	85631945
T2785	01	2	1	1	821	332	000	2	1	175174150
T2786	01	2	1	1	910	111	111	2	1	160651985
T2786	02	2	1	1	031	111	111	3	1	176833285
T2788	01	2	1	2	511	321	111	2	1	58358410
T2788	02	2	1	2	734	211	000	2	1	80956905
T2792	01	2	1	2	000	000	000	3	1	89439457
T2799	01	1	1	2	021	322	000	2	1	85631945
T2799	02	1	1	2	821	031	332	3	1	74355532
T2801	01	2	1	1	511	321	111	3	1	157550835
T2801	02	2	1	1	614	031	000		1	216669222
T2803	01	2	1	1	722	910	000	2	1	301526854
T2803	02	2	1	1	021	312	371	2	1	328326703
T2803	04	2	1	1	311	111	111	3	2	307585424
T2804	01	2	1	2	021	111	111	3	1	73886533
T2807	01	2	1	2	519	000	000	1	2	76690417
T2807	02	2	1	2	960	000	000	3	1	72021085
T2809	01	3	1	1	711	960	910	2	1	160651985
T2810	02	3	1	1	711	000	000	3	1	169861161
T2813	01	3	1	2	331	311	311	3	1	73534829
T2816	02	3	1	2	519	000	000	2	1	80956905
T2817	01	2	1	1	512	000	000	3	1	150600591
T2818	01	2	1	1	344	312	000	2	2	189892030
T2821	01	2	1	2	021	000	910	3	1	80835044
T2822	02	2	1	2	512	000	000	2	1	74355532
T2824	02	2	1	2	383	000	000	2	1	153329246
T2824	04	2	1	2	831	212	361	2	1	152940616
T2825	01	1	1	1	615	000	000	3	1	196462358
T2825	02	1	1	1	611	000	000	3	1	173931946
T2827	02	1	1	1	383	111	111	2	1	160772478
T2828	01	1	1	2	615	111	111	3	1	129146208
T2829	01	1	1	2	732	361	361	3	1	150174733
T2830	01	1	1	2	512	000	000	1	1	73886533
T2830	02	1	1	2	512	000	000	1	1	77913085
T2832	01	1	1	2	512	000	000	3	1	107872550
T2832	02	1	1	2	512	000	000	2	1	175825351
T2835	01	2	1	1	021	910	910	2	1	98183442
T2837	01	2	1	2	950	000	381	2	1	202414892
T2837	02	2	1	2	950	910	000	3	1	202414892
T2839	02	2	1	2	429	429	321	3	1	81950771
T2839	03	2	1	2	950	212	324	2	1	113685084
T2839	04	2	1	2	950	212	000	2	1	113685084
T2842	01	2	1	1	611	000	000	3	1	149541341
T2846	01	2	1	2	611	936	936	2	1	85631945
T2846	02	2	1	2	529	936	936	2	1	74355532
T2847	01	2	1	2	021	000	000	3	1	93429755
T2849	01	1	1	1	950	000	000	2	1	150600591
T2849	02	1	1	1	900	000	000	2	1	169861161
T2850	01	1	1	1	936	900	000	3	1	181274159
T2850	04	1	1	1	211	000	000	3	1	217387315
T2852	01	1	1	2	515	011	011	2	1	145333855
T2852	04	1	1	2	920	910	111	2	1	190687966
T2853	01	1	1	2	611	000	000	3	1	85631945
T2853	02	1	1	2	000	000	000	3	1	74355532
T2855	01	1	1	2	311	000	000	2	1	80835044
T2855	02	1	1	2	021	000	000	3	1	76657485
T2857	01	1	1	1	311	000	000	3	1	175174150
T2857	02	1	1	1	819	000	000	3	1	204954386
T2859	01	1	1	1	031	111	111	3	1	167003945
T2859	03	1	1	1	221	111	111	2	1	234284199
T2862	01	1	1	2	529	339	995	1	2	133904959
T2862	02	1	1	2	529	312	000	1	2	120940567
T2862	03	1	1	2	529	212	000	1	2	165260115
T2864	01	1	1	2	516	000	000	2	1	68096343
T2868	01	2	1	2	711	000	000	2	1	73534829
T2872	01	2	1	2	910	312	910	3	1	81836116
T2872	02	2	1	2	950	311	000	3	1	86295892
T2873	01	1	1	1	000	000	000	2	1	199043199
T2873	02	1	1	1	384	031	000	2	1	214775880
T2873	03	1	1	1	000	000	000	3	1	257470697
T2877	01	1	1	2	000	311	000	3	1	74355532
T2877	02	1	1	2	000	000	000	3	1	85631945
T2879	01	1	1	2	611	000	000	2	2	186235471
T2879	04	1	1	2	900	212	000	2	2	229844328
T2880	01	1	1	2	514	000	000	3	1	74355532
T2880	02	1	1	2	021	341	341	3	1	85631945
T2881	01	2	1	1	711	000	000	2	1	232769261
T2881	02	2	1	1	341	312	722	2	2	248465493
T2881	03	2	1	1	950	312	000	3	2	228184359
T2883	01	2	1	1	515	000	000	1	1	132245616
T2883	02	2	1	1	021	821	000	2	1	143999669
T2885	01	2	1	2	910	111	111	3	1	113080408
T2885	02	2	1	2	021	429	000	2	1	162449679
T2885	03	2	1	2	615	211	000	2	1	156869247
T2885	04	2	1	2	821	221	000	2	1	163371904
T2885	05	2	1	2	614	212	000	2	1	156869247
T2886	01	2	1	2	361	000	111	2	1	132876965
T2886	02	2	1	2	361	000	031	1	1	126009877
T2888	01	2	1	2	821	031	000	1	2	58358410
T2888	02	2	1	2	821	311	000	1	2	80956905
T2889	01	2	1	1	000	111	111	3	1	157550835
T2889	02	2	1	1	383	910	910	3	2	168174894
T2889	03	2	1	1	821	031	212	2	1	216669222
T2890	02	2	1	1	000	321	000	3	1	270992795
T2893	01	2	1	2	611	321	321	3	1	106808728
T2893	03	2	1	2	831	920	211	2	1	140140362
T2894	01	2	1	2	950	321	429	2	1	107872550
T2895	01	2	1	2	821	321	321	2	1	57116962
T2897	01	1	1	1	000	000	000	2	1	145564477
T2897	02	1	1	1	311	312	361	3	2	133682695
T2897	03	1	1	1	021	031	361	2	2	187538943
T2899	01	1	1	1	512	939	324	3	2	146322363
T2899	03	1	1	1	512	324	324	2	1	193077171
T2902	01	1	1	2	960	000	000	2	2	121063202
T2904	01	1	1	2	341	321	000	3	1	88619272
T2919	01	1	2	2	519	950	950	1	1	143119392
T2919	02	1	2	2	519	950	950	1	1	129262878
T2919	03	1	2	2	611	614	000	2	1	169601745
T2919	04	1	2	2	940	221	000	3	1	176632198
T2920	01	1	2	2	611	321	000	2	1	67270793
T2920	02	1	2	2	525	960	311	1	1	70936811
T2923	01	1	2	1	111	344	000	2	1	150600591
T2923	02	1	2	1	344	311	000	2	1	169861161
T2925	01	1	2	2	021	000	000	1	1	120817745
T2925	04	1	2	2	021	000	000	1	1	133429920
T2926	01	1	2	2	936	322	531	1	1	74355532
T2927	01	1	2	2	021	332	000	1	1	138017327
T2927	02	1	2	2	021	312	000	2	1	169390450
T2927	03	1	2	2	821	000	212	2	1	187921244
T2929	01	2	2	1	021	000	111	2	1	199076609
T2929	03	2	2	1	732	211	000	2	1	253722268
T2930	01	2	2	1	383	111	111	2	1	181108944
T2930	02	2	2	1	733	211	000	2	1	233332888
T2930	03	2	2	1	611	212	000	2	1	219472398
T2931	01	2	2	1	900	000	000	2	1	180151235
T2932	01	2	2	2	936	331	000	3	1	72021085
T2932	02	2	2	2	732	000	000	2	1	76690417
T2935	02	2	2	2	324	321	000	2	1	76291935
T2936	01	2	2	2	031	321	332	2	1	170579822
T2936	02	2	2	2	612	321	000	2	1	179875813
T2937	01	2	2	1	021	031	111	3	1	167933106
T2942	01	2	2	2	619	111	111	2	1	57116962
T2945	01	1	2	1	938	111	111	2	1	196163162
T2945	02	1	2	1	910	331	111	2	1	180151235
T2945	03	1	2	1	920	000	211	1	1	237715481
T2946	01	1	2	1	011	381	381	3	2	208165804
T2946	02	1	2	1	383	910	111	2	2	208165804
T2949	01	1	2	2	411	331	000	1	1	74665925
T2949	02	1	2	2	341	312	000	2	1	79506730
T2949	03	1	2	2	361	343	343	3	1	107872925
T2951	01	1	2	2	614	000	324	2	1	104700262
T2951	02	1	2	2	614	312	000	2	1	89439457
T2952	01	1	2	2	352	321	000	2	1	116108328
T2952	02	1	2	2	812	312	000	3	1	100818643
T2952	03	1	2	2	011	361	000	1	2	115285818
T2953	02	1	2	1	011	531	039	4	2	173931946
T2954	01	1	2	1	910	000	111	2	1	206694029
T2957	01	1	2	2	611	031	910	2	1	124337619
T2957	02	1	2	2	722	329	111	3	1	117911844
T2957	03	1	2	2	735	111	111	3	1	138030812
T2958	01	1	2	2	940	936	936	3	1	86295892
T2958	02	1	2	2	940	000	361	2	1	81836116
T2958	03	1	2	2	513	212	212	2	2	118231993
T2958	04	1	2	2	936	312	614	3	2	118231993
T2961	01	2	2	1	000	000	000	2	1	160651985
T2963	01	2	2	1	615	821	910	2	1	213456979
T2968	01	2	2	2	611	031	031	3	1	73534829
T2970	01	1	2	1	021	000	000	1	1	481184976
T2970	04	1	2	1	021	031	000	3	1	450787229
T2971	02	1	2	1	940	381	031	2	2	182226993
T2973	01	1	2	2	021	321	321	3	2	68849104
T2973	02	1	2	2	000	000	000	3	1	63658618
T2976	02	1	2	2	341	339	321	2	1	100372867
T2976	04	1	2	2	614	411	411	2	1	145012797
T2983	01	1	2	2	513	950	000	2	2	92835068
T2984	01	1	2	2	938	000	021	2	1	80191015
T2984	03	1	2	2	614	021	000	2	1	109577594
T2985	01	3	2	1	611	321	000	3	1	153676635
T2988	01	3	2	2	611	312	000	3	1	88619272
T2991	01	3	2	2	021	000	000	2	1	88619272
T2993	01	1	2	1	734	000	111	2	1	223031443
T2993	02	1	2	1	615	111	111	2	1	206694029
T2994	01	1	2	1	936	361	821	2	1	171753106
T2998	01	1	2	2	431	940	431	3	2	116642548
T2998	02	1	2	2	212	031	312	2	1	129146208
T2999	01	1	2	2	513	361	513	1	1	127303518
T2999	03	1	2	2	513	361	000	2	1	106333398
T3001	01	1	2	1	735	391	391	3	1	171110465
T3001	02	1	2	1	821	615	615	3	1	171110465
T3002	01	1	2	1	615	321	531	3	1	171753106
T3003	01	1	2	1	616	311	311	2	1	175174150
T3003	02	1	2	1	519	311	311	2	1	204954386
T3005	01	1	2	2	519	000	000	2	1	72021085
T3005	02	1	2	2	424	000	000	2	1	76690417
T3006	01	1	2	2	531	111	111	3	2	92835068
T3007	01	1	2	2	021	031	031	2	2	58358410
T3008	01	1	2	2	900	515	000	1	2	76603990
T3008	02	1	2	2	611	329	000	2	2	80778634
T3008	03	1	2	2	950	980	980	1	2	110672926
T3009	01	1	2	1	821	031	111	2	1	144827801
T3011	01	1	2	1	511	111	111	3	1	162832646
T3011	02	1	2	1	511	111	111	3	1	149541341
T3012	02	1	2	2	821	331	111	3	1	81893423
T3012	04	1	2	2	519	221	221	2	1	113605528
T3017	01	1	2	1	611	371	371	3	1	162832646
T3019	01	1	2	1	950	331	312	2	1	214259626
T3020	01	1	2	2	513	212	920	2	1	155004519
T3020	02	1	2	2	950	920	211	2	1	155004519
T3022	01	1	2	2	950	995	321	2	1	90046910
T3023	01	1	2	2	000	000	329	1	1	74355532
T3023	02	1	2	2	611	000	000	1	1	85631945
T3025	01	2	2	1	519	950	000	2	1	153676635
T3032	01	2	2	2	021	031	212	3	2	161993133
T3032	05	2	2	2	011	312	000	1	2	193448405
T3034	01	2	2	1	021	321	111	2	1	144827801
T3034	02	2	2	1	519	111	111	2	1	199172077
T3035	01	2	2	1	821	321	000	2	1	175174150
T3035	02	2	2	1	519	939	000	2	1	204954386
T3041	01	2	2	1	612	000	000	2	1	248177416
T3041	02	2	2	1	938	321	000	2	1	167402612
T3044	01	2	2	2	321	000	000	3	1	73534829
T3048	01	2	2	2	021	031	000	2	1	117407414
T3048	02	2	2	2	383	311	000	2	2	98067434
T3048	03	2	2	2	021	000	312	2	1	117109832
T3051	01	2	2	1	021	000	111	2	1	157467201
T3051	02	2	2	1	021	938	111	2	1	145932473
T3059	01	2	2	1	111	000	939	3	2	256299627
T3059	03	2	2	1	614	516	111	3	1	282114815
T3060	01	2	2	2	713	111	111	3	1	73886533
T3060	02	2	2	2	411	000	311	2	1	106144325
T3061	02	2	2	2	531	361	000	2	1	88715287
T3065	01	1	2	1	519	111	111	3	1	205724527
T3071	01	1	2	2	950	000	000	2	1	73534829
T3073	01	2	3	1	950	910	938	2	1	145932473
T3074	01	2	3	1	383	392	939	2	1	182474326
T3074	02	2	3	1	381	111	111	3	1	196897378
T3076	01	2	3	2	936	361	000	3	1	71230781
T3083	01	2	3	1	821	111	111	3	1	181847334
T3085	01	2	3	2	000	000	000	3	1	73886533
T3085	02	2	3	2	000	000	000	5	1	77913085
T3086	01	2	3	2	011	000	000	2	1	74355532
T3086	02	2	3	2	812	000	000	1	1	85631945
T3087	01	2	3	2	821	311	311	2	1	49368542
T3088	01	2	3	2	512	000	000	2	1	73534829
T3089	01	1	3	1	936	910	111	3	1	329213619
T3089	02	1	3	1	611	312	000	3	2	358474282
T3089	04	1	3	1	516	129	000	3	1	434408200
T3092	01	1	3	2	960	910	940	2	1	73886533
T3092	02	1	3	2	960	311	311	1	1	77913085
T3093	01	1	3	2	344	331	910	2	1	81893423
T3093	02	1	3	2	734	321	000	1	2	86356322
T3093	03	1	3	2	734	000	000	1	1	113605528
T3093	04	1	3	2	611	711	000	1	1	118314786
T3095	02	1	3	2	512	936	000	3	1	136602829
T3096	01	1	3	2	424	000	000	2	1	87009131
T3096	02	1	3	2	424	311	000	2	1	76291935
T3099	01	1	3	1	811	000	000	3	1	172763404
T3100	01	1	3	2	352	321	936	2	1	88619272
T3105	01	1	3	1	031	111	111	3	1	205270266
T3105	02	1	3	1	613	312	111	2	1	192302793
T3108	02	1	3	2	611	000	000	2	1	100155458
T3110	01	1	3	2	615	371	353	2	1	86416795
T3110	02	1	3	2	324	324	000	3	1	81950771
T3112	01	1	3	2	021	321	000	1	1	86992292
T3112	02	1	3	2	424	321	381	1	1	131130969
T3113	01	1	3	1	512	000	000	3	1	171753106
T3115	01	1	3	1	821	011	111	2	2	198904098
T3115	02	1	3	1	821	011	111	3	2	214625784
T3117	01	1	3	2	425	321	000	2	2	244978467
T3117	02	1	3	2	381	321	000	2	1	150299441
T3117	03	1	3	2	381	321	000	2	1	244978467
T3118	01	1	3	2	713	000	000	3	1	73534829
T3121	01	1	3	1	425	722	722	3	2	987460094
T3121	05	1	3	1	011	000	000	2	2	973706580
T3122	01	1	3	1	424	000	000	2	1	187933441
T3123	01	1	3	1	021	011	821	2	1	171753106
T3124	01	1	3	2	614	936	000	2	1	88619272
T3125	02	1	3	2	960	960	000	1	2	153339165
T3130	01	1	3	1	011	111	000	2	1	150458418
T3131	01	1	3	1	938	321	221	3	1	422190767
T3131	03	1	3	1	734	321	910	3	1	625905490
T3135	01	1	3	2	021	344	324	2	2	129146208
T3135	02	1	3	2	021	821	000	1	2	116642548
T3136	01	1	3	2	519	321	381	2	2	109768034
T3137	01	1	3	1	511	312	511	2	2	135765465
T3137	02	1	3	1	711	000	000	1	1	179146997
T3137	03	1	3	1	519	011	960	1	1	190460790
T3142	01	1	3	2	519	321	000	3	1	90046910
T3143	02	1	3	2	950	960	960	1	1	116642548
T3144	01	1	3	2	039	321	000	2	1	77913085
T3144	02	1	3	2	039	321	311	2	1	73886533
T3146	01	2	3	1	611	000	311	2	2	175174150
T3148	01	2	3	2	352	352	000	3	2	90046910
T3149	01	2	3	2	011	936	000	1	2	81836116
T3149	04	2	3	2	616	939	000	1	2	118231993
T3151	02	2	3	2	821	312	514	3	1	73886533
T3154	01	2	3	1	039	321	329	2	1	196163162
T3154	02	2	3	1	000	311	329	2	2	180151235
T3154	03	2	3	1	000	000	000	1	2	237715481
T3157	02	2	3	2	512	425	512	3	1	73886533
T3160	01	2	3	2	000	000	000	1	1	134406645
T3160	02	2	3	2	000	000	000	1	1	197471458
T3160	03	2	3	2	000	000	000	1	1	190687966
T3160	04	2	3	2	000	000	000	1	1	198592500
T3160	05	2	3	2	000	000	000	1	1	198592500
T3162	04	1	3	1	000	910	000	2	1	355413517
T3162	05	1	3	1	821	321	000	2	1	355413517
T3167	01	1	3	2	936	321	936	3	1	88619272
T3168	01	1	3	2	531	611	000	4	1	73534829
T3169	01	1	3	1	900	000	032	3	1	197200486
T3170	01	1	3	1	719	111	111	2	1	223031443
T3170	02	1	3	1	713	000	031	3	1	206694029
T3171	01	1	3	1	361	352	352	3	2	248465493
T3171	02	1	3	1	361	352	311	3	2	228184359
T3171	03	1	3	1	614	011	614	2	1	232769261
T3174	01	1	3	2	000	371	000	2	1	73534829
T3176	01	1	3	2	613	311	311	1	1	117407414
T3176	02	1	3	2	021	321	000	2	1	106040279
T3176	03	1	3	2	021	000	000	2	1	144899509
T3180	01	2	3	2	616	321	339	3	1	73534829
T3182	01	2	3	2	031	111	111	3	1	164820789
T3183	01	2	3	2	950	111	039	2	2	77913085
T3184	01	2	3	2	011	331	321	3	2	108574052
T3186	01	1	3	1	425	000	000	3	2	320451615
T3186	02	1	3	1	111	312	111	2	1	348933506
T3186	03	1	3	1	733	936	362	3	1	422846446
T3187	01	1	3	1	424	000	000	2	1	175174150
T3187	02	1	3	1	611	031	000	3	1	204954386
T3191	01	1	3	2	938	311	311	3	1	45425999
T3191	02	1	3	2	938	311	611	1	1	65628804
T3192	01	1	3	2	960	312	000	1	1	76603990
T3193	01	2	3	1	343	910	000	2	1	113175896
T3195	01	2	3	1	425	000	000	2	1	160651985
T3196	01	2	3	2	519	425	425	2	1	80835044
T3196	02	2	3	2	032	000	000	3	2	76657485
T3196	03	2	3	2	519	012	000	4	2	106342046
T3201	01	2	3	1	616	995	371	2	1	147684114
T3202	01	2	3	1	000	000	000	3	1	205724527
T3203	02	2	3	1	000	900	000	3	2	175174150
T3204	01	2	3	2	812	111	111	2	1	87390397
T3208	01	2	3	2	619	960	960	2	2	80835044
T3208	02	2	3	2	529	331	960	1	2	76657485
T3208	03	2	3	2	021	321	000	2	2	106342046
T3210	02	1	3	1	611	032	361	2	1	204954386
T3212	01	1	3	2	021	111	938	2	1	117407414
T3212	02	1	3	2	021	111	000	2	1	106040279
T3212	03	1	3	2	613	211	000	2	1	144899509
T3213	01	1	3	2	512	000	000	2	1	71230781
T3214	01	1	3	2	821	331	000	3	2	111736205
T3214	02	1	3	2	432	000	939	2	2	117825429
T3214	05	1	3	2	011	111	910	2	2	155004519
T3218	01	1	3	1	021	111	000	2	1	193677083
T3219	02	1	3	1	371	361	361	3	2	181847334
T3220	01	1	3	2	732	312	000	3	1	74355532
T3220	02	1	3	2	611	000	000	2	1	85631945
T3221	01	1	3	2	425	321	000	2	2	117911844
T3223	01	1	3	2	021	000	900	1	2	136602829
T3223	02	1	3	2	519	311	731	2	2	118614333
T3225	01	2	3	1	960	325	111	2	1	181847334
T3226	01	2	3	1	519	910	111	3	1	147684114
T3228	01	2	3	2	021	324	111	2	1	89777082
T3229	01	2	3	2	950	361	000	1	1	86356322
T3229	02	2	3	2	519	329	000	1	1	81893423
T3229	03	2	3	2	619	000	000	1	1	113605528
T3229	04	2	3	2	519	221	000	1	1	118314786
T3231	01	2	3	2	000	512	411	3	2	81893423
T3231	03	2	3	2	900	000	000	3	2	118314786
T3233	01	2	3	1	021	111	111	2	1	149541341
T3235	01	2	3	1	821	311	000	2	2	174047828
T3237	01	2	3	2	611	312	000	2	1	99400861
T3239	01	2	3	2	021	000	000	1	2	139351960
T3239	05	2	3	2	021	000	000	1	2	183323615
T3240	01	2	3	2	021	312	000	1	1	73534829
T3241	01	1	3	1	821	000	111	2	1	601059170
T3241	02	1	3	1	936	000	000	2	1	645735982
T3241	06	1	3	1	614	000	614	2	1	774378500
T3243	01	1	3	1	733	031	000	2	1	158770645
T3246	02	1	4	2	021	321	000	2	2	81959833
T3253	01	1	4	2	615	910	111	2	1	116642548
T3253	02	1	4	2	615	111	111	2	1	129146208
T3254	01	1	4	2	021	512	512	1	2	121063202
T3255	01	1	4	2	522	950	950	1	2	116642548
T3255	02	1	4	2	522	031	940	1	2	129146208
T3257	01	1	4	1	615	111	111	2	1	176116523
T3257	02	1	4	1	515	111	111	2	1	211126334
T3259	01	1	4	1	381	321	311	2	1	185399820
T3260	01	1	4	2	611	321	000	2	1	73534829
T3261	01	1	4	2	021	111	111	2	1	76657485
T3261	02	1	4	2	361	111	111	2	1	80835044
T3261	03	1	4	2	615	211	211	2	1	106342046
T3263	01	1	4	2	732	000	000	2	1	87166665
T3266	01	1	4	1	615	111	000	2	1	158948366
T3266	02	1	4	1	381	111	111	2	1	171511890
T3267	01	1	4	1	514	031	362	3	2	205724527
T3268	01	1	4	2	361	111	910	3	1	77913085
T3268	02	1	4	2	512	950	332	2	1	73886533
T3271	03	1	4	2	011	331	311	2	2	116642548
T3272	01	1	4	2	021	312	000	2	1	76657485
T3272	02	1	4	2	614	312	000	2	2	80835044
T3272	03	1	4	2	516	512	512	2	2	106342046
T3274	01	1	4	1	383	312	000	3	1	115080695
T3275	01	1	4	1	611	312	000	2	1	175174150
T3277	01	1	4	2	611	361	429	2	1	90046910
T3279	01	1	4	2	611	321	000	2	1	75842069
T3281	01	2	4	1	111	312	000	1	1	223031443
T3281	02	2	4	1	821	361	000	3	1	206694029
T3282	01	2	4	1	821	000	111	2	1	196300223
T3282	02	2	4	1	910	031	111	2	1	180277108
T3284	01	2	4	2	821	381	381	3	1	95995123
T3284	02	2	4	2	384	331	936	2	1	106285454
T3284	03	2	4	2	614	361	000	2	1	125952172
T3285	01	2	4	2	011	321	321	3	1	117331053
T3285	02	2	4	2	424	312	429	3	1	108485547
T3285	03	2	4	2	021	910	111	3	1	186995612
T3285	04	2	4	2	732	212	000	2	1	169512984
T3288	01	2	4	2	950	331	000	3	1	92813708
T3288	02	2	4	2	614	950	614	2	1	128754545
T3288	03	2	4	2	525	950	361	2	1	108650252
T3292	01	1	4	2	831	324	321	3	1	88619272
T3294	01	1	4	2	950	339	321	2	1	73534829
T3297	01	1	4	1	111	000	000	2	1	176175148
T3297	02	1	4	1	213	312	000	2	1	169861161
T3298	01	1	4	1	311	910	910	3	1	197200486
T3301	01	1	4	2	311	000	000	2	1	58683570
T3301	02	1	4	2	383	311	311	2	1	62045527
T3302	01	1	4	2	383	361	361	2	1	109876829
T3304	01	1	4	2	511	352	352	3	2	78727375
T3304	02	1	4	2	383	352	352	2	1	87166665
T3305	01	2	4	1	021	000	111	3	1	233844288
T3305	02	2	4	1	821	000	938	3	1	214756618
T3306	01	2	4	1	615	032	000	3	2	279089726
T3306	02	2	4	1	821	939	000	2	1	326535985
T3306	03	2	4	1	021	000	362	2	2	318670276
T3307	01	2	4	1	021	312	000	3	1	171753106
T3309	01	2	4	2	519	332	000	2	1	76657485
T3309	02	2	4	2	021	031	000	3	1	80835044
T3311	01	2	4	2	821	012	000	4	2	86295892
T3311	02	2	4	2	021	039	000	4	2	81836116
T3313	01	1	4	1	519	321	000	2	1	178779535
T3316	01	1	4	2	611	221	221	3	1	117660850
T3316	02	1	4	2	611	321	000	2	1	111580131
T3318	01	1	4	2	111	312	111	2	1	92835068
T3319	01	1	4	2	021	312	311	1	1	74355532
T3319	02	1	4	2	512	312	000	1	1	85631945
T3321	01	3	4	1	614	031	111	2	1	136930386
T3321	02	3	4	1	722	329	111	1	1	126900013
T3322	01	3	4	1	021	111	111	3	1	230163396
T3322	03	3	4	1	938	329	938	2	1	269250531
T3322	04	3	4	1	821	212	211	2	1	296532512
T3323	01	3	4	1	938	910	381	2	1	141895028
T3323	02	3	4	1	383	321	938	2	1	153110629
T3323	03	3	4	1	614	111	111	3	1	282409952
T3324	01	3	4	2	938	910	910	2	1	58078292
T3324	02	3	4	2	381	111	111	2	1	52455275
T3325	02	3	4	2	960	032	361	1	1	38385359
T3326	01	3	4	2	512	312	321	2	1	71522975
T3326	02	3	4	2	021	936	936	2	1	82369815
T3331	01	2	4	1	021	000	382	2	1	656540982
T3331	04	2	4	1	381	821	938	2	1	515420062
T3331	05	2	4	1	021	031	000	2	1	656540982
T3331	06	2	4	1	722	722	722	2	1	1046438940
T3333	01	2	4	2	344	111	111	3	1	32089769
T3335	01	2	4	2	031	361	361	2	1	51635003
T3335	02	2	4	2	611	321	311	3	1	44835465
T3338	01	3	4	1	383	111	111	3	1	131769723
T3338	02	3	4	1	021	339	938	2	1	122117377
T3339	01	3	4	1	000	321	331	2	1	90670815
T3340	01	3	4	2	936	000	000	2	1	44340592
T3342	02	3	4	2	611	321	936	2	1	68043423
T3342	03	3	4	2	611	312	312	3	1	64526935
T3342	04	3	4	2	519	111	212	1	1	93224709
T3344	01	3	4	2	821	331	311	2	1	42951279
T3348	02	2	4	2	432	021	021	3	1	44369479
T3349	01	2	4	2	021	111	111	3	1	73971358
T3352	01	2	4	2	021	321	321	5	1	71099383
T3352	02	2	4	2	021	321	321	2	1	74974045
T3352	03	2	4	2	910	111	111	3	1	83230872
T3353	01	2	4	1	021	950	950	2	1	105447998
T3354	01	2	4	1	821	011	381	3	1	76797614
T3355	01	2	4	1	522	312	311	1	1	202855722
T3355	03	2	4	1	522	111	111	2	1	220885635
T3355	04	2	4	1	522	221	221	2	1	267674799
T3356	01	2	4	2	519	361	000	1	1	55978397
T3360	01	2	4	2	361	321	311	2	1	47813692
T3360	02	2	4	2	383	321	321	2	1	47687378
T3360	03	2	4	2	733	936	936	2	1	62734837
T3361	01	2	4	1	021	111	111	3	1	135048886
T3361	02	2	4	1	021	031	031	4	1	130188079
T3361	03	2	4	1	613	000	613	1	1	152320521
T3363	01	2	4	1	000	936	031	3	1	90670815
T3366	01	2	4	2	950	111	321	1	1	51769552
T3368	01	2	4	2	960	031	031	1	1	66254368
T3368	02	2	4	2	613	312	950	1	1	59839762
T3370	01	1	4	1	938	321	321	2	1	120434577
T3370	02	1	4	1	384	311	311	2	1	110604038
T3370	03	1	4	1	920	920	920	2	1	145945666
T3378	01	1	4	1	425	371	425	3	1	121071443
T3379	01	1	1	1	615	111	111	2	1	141796114
T3379	02	1	1	1	619	211	211	2	1	195002798
T3379	03	1	1	1	011	111	111	2	1	153003897
T3380	01	1	4	2	361	000	000	1	1	45700039
T3380	02	1	4	2	821	321	000	2	1	62447150
T3382	01	1	4	2	821	960	960	3	1	85565430
T3382	02	1	4	2	021	031	000	3	1	85557070
T3382	03	1	4	2	000	000	321	3	1	71470632
T3384	01	1	1	2	021	362	362	2	1	156104081
T3384	02	1	1	2	311	362	362	3	1	130389777
T3384	03	1	1	2	021	362	362	3	1	192657378
T3385	01	2	1	1	221	424	000	2	1	105447998
T3387	01	2	1	1	321	000	000	3	1	105447998
T3388	01	2	1	2	341	000	000	2	1	44340592
T3389	01	2	1	2	519	111	111	3	1	48742531
T3389	02	2	1	2	615	312	000	3	1	46223515
T3389	03	2	1	2	819	936	212	2	1	64122938
T3390	01	2	1	2	614	000	000	1	1	67431147
T3391	01	2	1	2	383	321	000	1	2	87014977
T3391	02	2	1	2	021	324	000	1	2	96342669
T3391	04	2	1	2	831	311	000	2	2	118902247
T3391	05	2	1	2	821	312	212	2	2	118902247
T3392	01	2	1	2	011	324	000	2	1	42951279
T3393	01	2	1	1	519	031	111	2	1	131544920
T3394	02	2	1	1	511	031	111	2	1	398928490
T3394	03	2	1	1	361	936	000	1	2	265340519
T3394	04	2	1	1	361	000	000	1	1	370558224
T3394	05	2	1	1	361	000	000	1	1	274867425
T3396	01	2	1	2	939	361	111	2	1	55978397
T3399	01	2	1	2	611	021	021	2	1	51635003
T3399	02	2	1	2	615	021	311	2	1	44835465
T3402	01	2	1	1	615	111	111	2	1	126900013
T3402	02	2	1	1	111	111	111	2	1	234921337
T3404	01	2	1	2	960	910	111	3	1	54297172
T3405	02	2	1	2	821	821	000	2	1	51635003
T3406	01	2	1	2	021	950	000	1	1	53436325
T3407	01	2	1	2	611	321	111	2	1	42951279
T3409	02	1	1	1	021	519	000	3	1	214498991
T3409	03	1	1	1	213	950	000	2	1	199244645
T3410	01	1	1	1	614	910	111	3	1	120518725
T3410	02	1	1	1	000	000	000	2	1	110681317
T3410	04	1	1	1	619	031	211	2	1	146047639
T3411	02	1	1	1	611	000	000	3	1	182714185
T3411	04	1	1	1	711	211	000	1	1	241097377
T3412	01	1	1	2	938	031	000	1	1	65181721
T3412	02	1	1	2	381	910	000	2	1	65009524
T3412	03	1	1	2	362	212	212	3	1	85522879
T3412	04	1	1	2	619	960	031	1	1	89068035
T3413	01	1	1	2	619	900	032	1	1	36263044
T3413	02	1	1	2	960	031	000	1	1	54407126
T3414	01	1	1	2	611	821	000	2	1	72999612
T3415	01	1	1	2	938	000	000	2	1	97615686
T3415	02	1	1	2	311	000	321	2	1	59889276
T3417	01	2	1	1	821	111	111	2	1	99971272
T3417	02	2	1	1	344	000	000	1	1	91811061
T3418	01	2	1	1	938	000	381	3	1	68099800
T3419	01	2	1	1	311	321	000	3	1	102532245
T3421	01	2	1	2	021	031	111	2	1	59937489
T3421	02	2	1	2	383	343	111	3	1	54134470
T3423	01	2	1	2	423	910	111	2	1	54297172
T3424	01	2	1	2	819	000	000	1	1	42951279
T3425	01	2	1	1	361	329	329	2	1	90670815
T3427	01	2	1	1	615	111	111	2	1	116584409
T3429	01	2	1	2	111	000	111	2	1	54297172
T3432	01	2	1	2	611	000	000	3	1	96342669
T3432	02	2	1	2	311	000	000	2	1	80472586
T3432	03	2	1	2	732	000	000	3	1	118902247
T3432	04	2	1	2	732	000	000	2	1	118902247
T3435	01	3	1	1	343	011	011	4	1	87083201
T3435	02	3	1	1	910	910	111	4	1	90334609
T3437	03	3	1	2	821	531	000	2	1	81125611
T3441	01	1	1	1	341	000	000	2	1	105447998
T3442	03	1	1	1	111	000	111	1	1	365974839
T3443	01	1	1	1	011	031	000	2	1	105447998
T3447	01	1	1	2	821	000	000	2	1	46980626
T3447	02	1	1	2	821	000	000	2	1	44552665
T3449	01	2	1	1	614	000	000	1	1	106068271
T3450	01	2	1	1	321	000	000	3	1	74775572
T3450	02	2	1	1	613	221	221	2	1	98668827
T3451	01	2	1	1	341	312	936	2	1	131473926
T3451	02	2	1	1	531	111	910	3	1	118908246
T3452	01	2	1	2	031	111	111	3	1	55978397
T3455	01	2	1	2	021	325	000	1	1	55340592
T3455	02	2	1	2	611	000	000	2	1	90201623
T3457	01	2	1	1	611	000	000	3	1	125831958
T3457	02	2	1	1	611	000	000	3	1	107548351
T3462	01	2	1	2	021	000	000	1	1	129354911
T3462	02	2	1	2	611	000	000	1	1	95013012
T3462	03	2	1	2	614	000	000	1	1	112593915
T3463	01	2	1	2	821	522	000	2	1	53436325
T3464	01	2	1	2	000	821	000	1	1	44552665
T3464	02	2	1	2	950	361	000	2	1	46980626
T3465	01	2	1	1	615	371	371	2	1	119160671
T3466	01	2	1	1	615	111	321	2	1	116584409
T3467	01	2	1	1	950	000	000	2	1	107548351
T3467	02	2	1	1	000	000	000	2	1	125831958
T3469	01	2	1	2	611	425	425	1	2	49415301
T3469	04	2	1	2	821	000	000	1	2	68550699
T3470	01	2	1	2	423	000	000	2	1	72999612
T3471	02	2	1	2	615	000	425	3	1	51635003
T3472	01	2	1	2	000	031	000	1	1	112496078
T3472	02	2	1	2	525	960	525	3	1	119789519
T3472	03	2	1	2	525	000	000	1	1	131690969
T3472	04	2	1	2	612	960	000	2	1	131690969
T3476	01	1	1	2	000	000	000	2	1	44338697
T3476	02	1	1	2	000	000	000	2	1	60747416
T3477	01	1	1	2	384	000	111	2	1	49290205
T3477	02	1	1	2	821	111	111	2	1	49420765
T3478	01	1	1	2	000	111	000	3	1	124536377
T3478	02	1	1	2	821	361	361	3	1	118100331
T3479	01	1	1	2	519	821	000	2	1	44340592
T3480	01	1	1	2	525	516	000	2	1	49096921
T3480	02	1	1	2	615	000	000	2	1	44338697
T3482	01	2	1	1	000	000	111	3	1	495442604
T3482	02	2	1	1	531	111	111	3	1	490112343
T3482	03	2	1	1	531	111	111	2	2	495442604
T3482	04	2	1	1	615	221	221	3	1	495442604
T3482	05	2	1	1	111	311	111	2	2	495442604
T3483	01	2	1	1	611	111	111	3	1	131052134
T3483	02	2	1	1	433	000	000	2	1	114774759
T3484	02	2	1	2	511	910	111	2	1	59937489
T3485	01	2	1	2	711	031	111	2	1	42951279
T3486	01	2	1	2	011	321	000	3	1	46191258
T3486	03	2	1	2	722	031	212	3	1	66734405
T3487	01	2	1	2	021	311	000	1	1	70334013
T3487	02	2	1	2	614	312	000	2	1	77873565
T3488	01	2	1	2	021	000	000	2	1	52108258
T3488	02	2	1	2	611	332	000	2	1	49415301
T3488	03	2	1	2	341	516	000	3	1	68550699
T3488	04	2	1	2	344	940	000	2	1	68550699
T3490	01	2	1	1	111	516	000	2	1	175827583
T3490	02	2	1	1	424	000	000	2	1	107402150
T3492	01	2	1	2	611	000	000	3	1	44340592
T3494	01	2	1	2	611	361	000	5	1	44340592
T3495	01	2	1	2	021	311	000	1	1	70334013
T3496	01	2	1	2	341	531	371	4	1	42951279
T3499	01	2	1	1	611	910	910	2	1	136930386
T3499	02	2	1	1	211	920	920	3	1	158461015
T3501	03	2	1	2	531	213	031	4	1	66734405
T3505	01	2	1	1	612	000	000	1	1	121071443
T3506	01	2	1	1	000	910	000	2	1	126900013
T3507	01	2	1	1	011	012	012	5	2	92461389
T3507	02	2	1	1	011	936	936	4	2	104286436
T3510	01	2	1	2	424	000	000	2	1	44340592
T3512	02	2	1	2	311	000	000	2	1	119205757
T3513	02	2	1	1	211	000	525	2	1	295798254
T3513	04	2	1	1	525	000	000	2	1	216680523
T3514	02	2	1	1	000	000	000	2	1	207694225
T3514	03	2	1	1	000	000	000	2	1	315834708
T3516	01	2	1	2	821	343	514	2	1	42951279
T3517	01	2	1	2	519	000	000	2	1	53436325
T3519	01	2	1	2	611	311	000	2	1	41515158
T3520	01	2	1	2	525	312	361	3	1	40563455
T3520	02	2	1	2	525	354	000	2	1	42774019
T3520	03	2	1	2	611	212	212	2	1	56271098
T3521	02	1	2	1	732	000	000	3	1	102532245
T3521	03	1	2	1	000	361	000	2	1	143839027
T3523	01	1	2	1	732	531	000	2	1	245664200
T3523	02	1	2	1	111	821	000	3	1	239746558
T3527	01	1	2	2	513	513	383	2	1	36440343
T3527	02	1	2	2	384	950	513	2	1	34989915
T3528	01	1	2	2	000	000	000	3	1	97777497
T3528	02	1	2	2	821	938	000	1	1	97519188
T3530	01	2	2	1	938	129	000	1	1	95897768
T3531	01	2	2	1	021	910	111	3	1	82306702
T3531	02	2	2	1	021	111	111	2	1	88812350
T3532	01	2	2	2	511	111	000	2	1	59937489
T3532	02	2	2	2	383	311	000	2	1	50064264
T3534	01	2	2	2	938	519	000	3	1	90201623
T3535	01	2	2	2	021	000	000	2	1	71047276
T3535	02	2	2	2	512	000	000	2	1	78863945
T3536	01	2	2	2	423	940	000	2	1	99384896
T3537	01	1	2	1	021	111	910	3	1	111645359
T3538	01	1	2	1	424	111	111	2	1	91811061
T3539	01	1	2	1	611	321	000	2	1	105447998
T3540	01	1	2	2	732	732	000	1	1	44340592
T3542	01	1	2	2	344	321	111	2	1	64526935
T3542	02	1	2	2	611	321	000	2	1	68043423
T3544	02	1	2	2	611	312	381	2	1	55340592
T3546	01	2	2	1	938	031	111	3	1	112030302
T3546	02	2	2	1	021	321	000	2	1	120885350
T3548	03	2	2	2	344	519	519	3	1	70011885
T3552	01	2	2	2	514	821	821	3	1	51635003
T3555	01	3	2	1	910	031	910	3	1	131544920
T3557	02	3	2	2	361	000	321	2	1	68043423
T3557	03	3	2	2	221	950	000	1	2	68223656
T3558	01	3	2	2	519	031	031	2	2	44552665
T3560	01	3	2	2	821	321	321	2	1	71522975
T3560	02	3	2	2	021	910	000	1	1	90553505
T3560	03	3	2	2	000	422	422	2	1	82369815
T3562	01	3	2	1	111	514	514	2	1	121071443
T3563	01	3	2	1	000	111	111	5	1	90670815
T3564	01	3	2	2	615	000	000	1	1	44340592
T3565	01	3	2	2	111	111	111	3	1	42744429
T3566	01	3	2	2	615	910	381	2	1	46027442
T3566	02	3	2	2	619	311	324	2	1	60551119
T3566	03	3	2	2	619	311	511	2	1	60551119
T3573	01	3	2	2	344	000	000	2	1	54297172
T3575	01	3	2	2	021	000	000	3	1	59418500
T3575	02	3	2	2	531	312	000	2	1	52699565
T3575	03	3	2	2	021	212	212	3	1	52571128
T3576	01	3	2	2	513	324	000	1	2	44835465
T3576	02	3	2	2	513	312	000	1	2	51635003
T3577	01	1	2	1	424	312	940	2	1	107548351
T3577	02	1	2	1	424	321	000	2	1	125831958
T3578	01	1	2	1	821	031	000	2	1	116584409
T3579	01	1	2	1	383	111	111	2	1	88812350
T3579	02	1	2	1	512	910	381	3	1	82306702
T3580	01	1	2	2	821	031	111	3	1	77873565
T3583	02	1	2	2	611	311	000	1	1	52035355
T3583	04	1	2	2	512	011	011	1	1	71292429
T3585	01	3	2	1	521	950	950	1	1	131544920
T3586	01	3	2	1	519	111	111	2	1	90670815
T3587	01	3	2	1	021	000	000	2	1	104286436
T3588	01	3	2	2	111	000	000	1	1	64003714
T3589	01	3	2	2	821	936	000	2	1	64003714
T3589	02	3	2	2	321	331	000	1	1	52149466
T3590	01	3	2	2	383	111	111	1	1	54134470
T3591	02	3	2	2	519	011	000	1	1	44552665
T3597	01	3	2	2	950	331	515	2	2	64359204
T3597	02	3	2	2	513	031	111	2	1	64189180
T3597	03	3	2	2	950	211	000	3	1	87944101
T3597	04	3	2	2	031	920	000	3	1	87944101
T3598	01	3	2	2	000	819	819	5	2	55965517
T3599	01	3	2	2	021	312	312	2	2	44340592
T3601	01	2	2	1	611	000	000	2	1	105447998
T3606	03	2	2	2	615	516	000	2	1	71342352
T3606	04	2	2	2	900	011	516	1	1	68502728
T3607	01	2	2	2	611	526	000	2	2	55978397
T3610	01	3	2	1	021	321	514	2	1	129190418
T3612	01	3	2	2	021	331	331	3	1	46223515
T3616	02	3	2	2	021	321	000	1	1	44835465
T3617	01	2	2	1	519	111	111	3	1	103593350
T3617	02	2	2	1	519	936	111	2	1	95137485
T3617	03	2	2	1	614	211	920	3	1	133465168
T3617	04	2	2	1	732	221	221	2	1	133465168
T3620	02	2	2	2	821	000	938	1	1	59937489
T3621	01	2	2	2	611	615	000	2	1	96260851
T3621	02	2	2	2	000	000	000	2	1	102501716
T3622	01	2	2	2	032	111	111	3	1	49346165
T3622	02	2	2	2	519	422	422	2	1	52035355
T3623	01	2	2	2	522	312	000	2	1	35646542
T3623	02	2	2	2	361	111	312	2	1	35552371
T3624	01	2	2	2	611	000	000	2	1	51635003
T3624	02	2	2	2	519	312	000	2	2	44835465
T3626	01	2	2	1	431	311	111	2	2	159487321
T3627	02	2	2	1	000	425	000	3	2	200477106
T3628	01	2	2	2	711	950	324	2	1	44552665
T3628	02	2	2	2	519	950	000	2	2	46980626
T3629	01	2	2	2	812	321	000	2	1	66254368
T3629	02	2	2	2	938	000	000	2	1	59839762
T3633	01	3	2	1	000	000	000	2	1	152031823
T3633	03	3	2	1	615	311	000	2	1	184236008
T3636	01	3	2	2	821	111	000	2	1	49346165
T3636	02	3	2	2	021	910	111	3	2	52035355
T3636	03	3	2	2	615	211	211	2	1	71292429
T3636	04	3	2	2	821	211	938	3	1	71292429
T3637	01	3	2	2	021	322	000	1	1	64279247
T3637	02	3	2	2	371	000	381	1	1	64449510
T3637	04	3	2	2	371	735	000	2	1	84562168
T3638	01	3	2	2	711	331	000	1	1	44552665
T3640	01	3	2	2	611	324	361	1	2	35225818
T3640	04	3	2	2	361	329	329	1	2	33405346
T3641	01	1	2	1	341	354	341	3	1	126304787
T3643	01	1	2	1	344	111	111	3	1	131544920
T3644	01	1	2	2	021	111	910	2	1	54297172
T3646	01	1	2	2	811	031	111	3	1	52071793
T3646	02	1	2	2	821	031	111	3	1	49380720
T3648	01	1	2	2	424	321	424	2	1	71342352
T3648	02	1	2	2	512	311	311	2	1	57800767
T3648	03	1	2	2	011	936	940	2	1	52071793
T3648	04	1	2	2	519	212	212	4	2	68502728
T3651	04	2	2	1	111	031	311	1	1	170109942
T3655	02	2	2	2	513	381	381	2	1	48742531
T3656	01	2	2	2	513	032	950	2	1	141759209
T3656	02	2	2	2	344	311	950	2	1	115503720
T3657	01	2	3	1	611	311	321	2	1	107548351
T3658	01	2	3	1	321	311	910	2	1	210894770
T3658	05	2	3	1	615	011	512	2	1	419738327
T3659	01	2	3	1	021	531	312	3	2	126900013
T3659	02	2	3	1	021	039	111	2	1	234921337
T3660	01	2	3	2	383	111	000	2	1	59937489
T3660	02	2	3	2	734	311	111	2	1	54134470
T3666	01	2	3	1	616	361	111	2	1	103593350
T3666	02	2	3	1	529	111	111	2	1	95137485
T3666	03	2	3	1	950	111	910	3	1	133465168
T3666	04	2	3	1	821	821	000	1	1	133465168
T3668	01	2	3	2	615	312	111	1	1	70334013
T3668	02	2	3	2	011	311	311	2	1	77873565
T3673	01	3	3	1	950	321	936	2	1	108162915
T3673	02	3	3	1	529	936	353	2	1	363062884
T3676	01	3	3	2	531	341	000	2	1	48742531
T3676	02	3	3	2	021	111	615	2	1	46223515
T3677	01	3	3	2	000	311	321	3	1	44340592
T3679	01	3	3	2	011	031	000	3	2	77873565
T3679	02	3	3	2	344	821	000	3	2	70334013
T3682	01	2	3	1	021	111	111	3	1	135435366
T3682	03	2	3	1	031	031	000	2	1	124380379
T3684	01	2	3	2	612	111	221	2	1	106020511
T3686	01	2	3	2	011	000	000	2	1	73971358
T3689	01	3	3	1	940	000	000	3	1	110604038
T3689	02	3	3	1	821	111	111	3	1	120434577
T3690	01	3	3	1	021	111	000	2	1	102532245
T3695	01	3	3	2	519	111	111	2	1	42951279
T3697	01	2	3	1	341	311	936	2	1	169466522
T3697	04	2	3	1	615	339	111	3	1	180894087
T3698	01	2	3	1	344	910	000	2	1	70810118
T3701	02	2	3	2	611	821	322	2	1	70011885
T3702	01	2	3	2	711	000	000	3	1	51635003
T3704	01	2	3	2	011	910	910	3	1	77873565
T3704	02	2	3	2	950	950	000	2	2	70334013
T3706	01	2	3	1	519	321	000	2	1	121071443
T3708	01	2	3	2	616	936	514	2	1	77873565
T3708	02	2	3	2	616	936	936	1	1	70334013
T3709	01	2	3	2	938	615	111	3	2	49415301
T3709	02	2	3	2	529	938	111	2	1	52108258
T3710	01	2	3	2	343	344	000	3	1	53436325
T3713	01	2	3	1	021	910	910	2	1	119579113
T3713	03	2	3	1	021	000	611	1	1	207534323
T3715	01	2	3	1	344	312	312	1	1	125831958
T3715	02	2	3	1	522	331	000	3	1	107548351
T3722	01	2	3	1	344	000	000	3	1	90670815
T3724	02	2	3	2	831	311	936	4	2	44552665
T3726	01	2	3	2	514	910	910	2	1	58082253
T3726	02	2	3	2	011	000	000	4	1	57928811
T3728	01	2	3	2	529	324	000	1	2	44835465
T3728	02	2	3	2	613	613	311	1	1	51635003
T3729	01	1	3	1	424	111	111	2	1	90670815
T3732	01	1	3	2	021	000	000	1	1	44835465
T3732	02	1	3	2	424	361	000	2	1	51635003
T3735	01	1	3	2	311	111	111	3	1	63683677
T3735	02	1	3	2	611	312	000	2	1	60392502
T3735	03	1	3	2	529	000	000	1	2	63852363
T3736	01	1	3	2	611	311	111	2	1	36481983
T3738	01	3	3	1	611	000	000	2	2	107548351
T3738	02	3	3	1	000	512	000	2	2	125831958
T3739	01	3	3	1	615	000	000	2	1	105447998
T3740	01	3	3	2	000	000	000	2	1	44835465
T3742	01	3	3	2	936	321	000	2	1	44340592
T3745	01	3	3	1	383	321	111	2	1	60279826
T3747	01	3	3	1	512	039	031	3	1	105447998
T3749	01	3	3	2	611	111	000	2	1	53436325
T3751	01	3	3	2	900	000	000	2	1	46223515
T3751	02	3	3	2	384	000	000	2	1	48742531
T3751	03	3	3	2	614	000	000	1	1	64122938
T3752	01	3	3	2	950	429	429	1	1	46191258
T3752	02	3	3	2	612	111	111	3	1	48708516
T3752	03	3	3	2	950	011	000	1	2	66734405
T3753	01	2	3	1	611	000	000	2	1	111393936
T3756	01	2	3	2	311	000	514	2	1	55185048
T3759	01	2	3	2	821	321	000	1	1	49380720
T3759	02	2	3	2	021	111	000	2	1	52071793
T3760	01	2	3	2	711	312	000	1	1	58856563
T3760	02	2	3	2	611	312	353	1	1	62672402
T3760	03	2	3	2	111	910	000	2	1	62228431
T3761	01	2	3	1	384	910	910	2	1	131769723
T3761	02	2	3	1	381	321	384	2	1	122117377
T3767	01	2	3	2	021	000	000	1	1	53436325
T3768	01	2	3	2	616	311	311	2	1	43427823
T3768	02	2	3	2	621	021	000	2	1	46243372
T3769	01	1	4	1	382	331	000	3	2	85673181
T3770	01	1	4	1	021	000	000	2	1	154599851
T3770	02	1	4	1	000	000	000	2	1	143903485
T3772	01	1	4	2	111	000	000	2	1	43427823
T3772	02	1	4	2	611	000	000	2	1	46243372
T3774	01	1	4	2	352	000	936	2	1	44340592
T3777	01	2	4	1	031	000	321	3	1	152488901
T3777	02	2	4	1	321	031	000	1	1	226067569
T3778	01	2	4	1	950	312	000	3	1	225681891
T3779	01	2	4	1	821	000	000	3	1	105447998
T3781	01	2	4	2	615	312	381	2	1	103403636
T3781	02	2	4	2	611	381	361	2	1	75944013
T3781	03	2	4	2	821	031	031	3	1	63440305
T3785	01	2	4	1	611	312	000	2	1	105447998
T3786	01	2	4	1	821	311	000	3	1	91811061
T3786	02	2	4	1	821	031	111	2	1	99971272
T3787	01	2	4	1	615	031	940	2	1	91811061
T3787	02	2	4	1	615	221	000	2	1	99971272
T3789	01	2	4	2	000	000	000	3	1	44340592
T3791	01	2	4	2	960	031	111	2	1	60392502
T3791	02	2	4	2	611	000	221	2	1	63683677
T3793	01	2	4	1	615	312	938	2	1	140931999
T3793	02	2	4	1	821	312	910	3	1	132028946
T3793	04	2	4	1	614	212	000	2	1	181570659
T3794	01	2	4	1	821	312	000	1	1	175827583
T3794	02	2	4	1	343	343	111	2	1	107402150
T3796	01	2	4	2	821	031	910	2	1	42951279
T3797	01	2	4	2	021	000	111	3	1	99384896
T3798	01	2	4	2	513	361	936	2	2	43250511
T3798	02	2	4	2	513	311	936	2	2	40104585
T3799	01	2	4	2	910	910	000	1	1	81896489
T3800	01	2	4	2	421	311	000	1	2	89739092
T3800	03	2	4	2	733	031	000	2	1	135629763
T3801	02	3	4	1	341	000	000	2	1	125831958
T3803	01	3	4	1	812	321	321	2	1	107548351
T3803	02	3	4	1	425	031	940	2	2	125831958
T3804	01	3	4	2	711	111	311	2	1	64279247
T3804	02	3	4	2	611	938	910	2	1	64449510
T3804	03	3	4	2	615	211	324	2	1	84562168
T3804	04	3	4	2	011	920	531	3	1	84562168
T3808	01	3	4	2	910	821	910	3	1	64234198
T3808	02	3	4	2	910	312	111	3	1	64404341
T3809	01	1	4	1	381	000	000	2	1	97586514
T3809	02	1	4	1	381	000	111	2	1	105299903
T3811	02	1	4	1	021	324	950	2	2	157559053
T3811	03	1	4	1	614	519	000	3	2	216680523
T3818	01	2	4	1	821	000	000	3	1	121071443
T3820	01	2	4	2	021	344	321	2	1	46980626
T3820	02	2	4	2	343	311	311	2	1	44552665
T3822	01	2	4	2	519	000	000	2	1	51635003
T3822	02	2	4	2	611	321	000	2	1	44835465
T3823	01	2	4	2	611	321	311	2	1	44835465
T3823	02	2	4	2	321	531	324	3	1	63996114
T3826	01	2	4	1	821	031	111	3	1	90670815
T3827	01	2	4	1	519	392	392	3	1	120618268
T3827	02	2	4	1	021	031	000	3	1	106785698
T3830	01	2	4	2	619	000	000	1	2	42951279
T3832	01	2	4	2	611	000	000	3	1	54575940
T3834	01	2	4	1	211	000	000	1	2	320620372
T3834	02	2	4	1	611	000	000	2	1	153135846
T3835	01	2	4	1	940	312	000	2	1	125831958
T3835	02	2	4	1	611	936	000	2	1	107548351
T3836	01	2	4	2	021	361	111	2	1	46191258
T3836	02	2	4	2	615	000	000	2	1	48708516
T3838	01	2	4	2	621	000	000	2	1	44835465
T3838	02	2	4	2	621	821	000	2	1	51635003
T3842	01	2	4	1	529	312	371	2	1	105447998
T3845	01	2	4	2	000	000	000	3	2	53715225
T3845	02	2	4	2	000	311	000	3	2	57928811
T3850	01	3	4	1	732	341	341	2	1	122569883
T3850	02	3	4	1	611	341	341	3	1	122569883
T3850	03	3	4	1	111	111	111	3	1	108671675
T3853	01	3	4	2	960	936	111	3	2	36110847
T3853	02	3	4	2	011	111	111	2	1	38078760
T3853	03	3	4	2	021	313	936	1	2	52170822
T3853	04	3	4	2	950	211	212	3	1	50094278
T3855	01	3	4	2	021	950	111	2	1	39706122
T3856	01	3	4	2	722	321	321	3	2	56125503
T3856	02	3	4	2	722	321	321	3	2	56125503
T3858	01	2	4	1	344	032	032	3	2	84536724
T3858	02	2	4	1	341	821	940	2	1	98908271
T3860	01	2	4	2	960	936	361	3	1	33816586
T3860	02	2	4	2	031	000	000	3	1	31757647
T3861	01	2	4	2	021	329	111	3	1	36546191
T3861	02	2	4	2	021	111	111	3	1	38537828
T3865	01	1	4	1	821	111	111	2	1	103398857
T3866	01	1	4	1	619	111	111	1	1	107632019
T3866	02	1	4	1	021	361	111	2	1	99747799
T3867	01	1	4	1	514	514	111	2	1	103647994
T3867	02	1	4	1	384	011	111	2	1	119945374
T3867	03	1	4	1	619	011	211	2	1	124251947
T3868	01	1	4	2	512	321	936	2	2	32425131
T3869	02	1	4	2	812	111	111	3	1	36110847
T3869	03	1	4	2	614	211	221	2	1	50094278
T3869	04	1	4	2	960	011	211	2	1	52170822
T3870	01	1	4	2	821	011	011	2	1	32425131
T3873	01	2	4	1	021	000	000	2	2	82885773
T3874	01	2	4	1	344	111	111	2	1	99060711
T3874	02	2	4	1	344	311	111	2	1	115883539
T3875	01	2	4	1	311	321	321	2	1	134685004
T3876	01	2	4	2	011	936	000	1	2	39553683
T3876	02	2	4	2	960	321	321	2	2	34590106
T3878	01	2	4	2	512	950	950	1	2	34964920
T3878	02	2	4	2	512	950	950	2	2	34872550
T3878	03	2	4	2	950	950	950	2	2	45876369
T3879	01	2	4	2	611	329	329	3	1	32787020
T3879	02	2	4	2	611	329	936	3	1	37759346
T3880	01	2	4	2	821	611	611	2	1	54826586
T3880	02	2	4	2	531	311	311	3	1	51993145
T3880	03	2	4	2	722	531	722	3	2	60864590
T3885	01	2	4	2	519	950	950	2	2	39706122
T3886	01	2	4	2	519	329	329	3	1	25715560
T3886	02	2	4	2	611	221	221	2	1	37152325
T3888	01	2	4	2	812	995	995	2	1	32787020
T3888	02	2	4	2	812	329	000	2	1	37759346
T3889	01	3	4	1	311	321	821	2	2	91639378
T3890	01	3	4	1	531	039	111	3	1	71270397
T3891	01	3	4	1	329	311	311	3	1	82885773
T3892	01	3	4	2	011	321	936	2	1	33778476
T3892	02	3	4	2	011	111	111	3	1	35619282
T3892	03	3	4	2	936	221	221	1	2	48801149
T3893	01	3	4	2	000	000	329	4	1	41050506
T3893	02	3	4	2	311	000	000	3	1	47778143
T3893	04	3	4	2	613	211	211	2	1	49021553
T3896	01	3	4	2	513	000	329	2	2	32425131
T3898	01	1	4	1	531	111	111	2	2	91639378
T3899	01	1	4	1	383	331	344	2	1	95988482
T3899	02	1	4	1	383	031	936	2	1	103575560
T3900	01	1	4	2	519	819	011	2	1	39076606
T3901	01	1	4	2	311	011	936	1	2	30256816
T3901	02	1	4	2	021	111	111	2	1	44453588
T3905	01	1	1	1	611	000	000	1	2	133019158
T3905	02	1	1	1	821	311	381	3	1	246249292
T3905	03	1	1	1	615	312	212	3	1	182932432
T3905	04	1	1	1	611	000	000	1	2	172065841
T3906	01	1	1	1	819	312	311	2	1	77528519
T3906	02	1	1	1	519	032	032	3	1	85337400
T3907	01	1	1	1	343	000	910	3	1	99747799
T3907	02	1	1	1	343	000	343	3	2	107632019
T3909	01	1	1	2	513	312	311	2	2	36110847
T3909	02	1	1	2	513	011	311	1	2	38078760
T3909	03	1	1	2	512	212	212	2	2	50094278
T3909	04	1	1	2	512	212	212	1	2	52170822
T3912	01	1	1	2	910	031	031	3	1	40390659
T3912	02	1	1	2	221	321	221	2	2	40390659
T3916	01	3	1	2	910	000	111	3	1	35644156
T3916	02	3	1	2	821	000	000	2	2	33802064
T3916	03	3	1	2	831	000	831	2	1	46891451
T3917	01	3	1	2	821	312	936	3	1	36110847
T3917	02	3	1	2	960	361	381	2	2	51876321
T3917	03	3	1	2	611	212	212	3	1	52170822
T3917	04	3	1	2	011	212	212	3	1	50094278
T3918	01	3	1	2	383	000	000	1	2	71526343
T3918	05	3	1	2	021	000	000	1	1	48683571
T3919	01	3	1	2	514	325	000	2	2	32425131
T3920	02	3	1	2	000	000	000	3	1	32787020
T3921	01	1	1	1	000	311	381	3	1	80206620
T3921	02	1	1	1	512	000	111	3	2	129477050
T3921	03	1	1	1	611	311	938	2	1	121967928
T3923	01	1	1	1	831	000	000	3	1	98908271
T3923	02	1	1	1	819	000	000	2	1	84536724
T3924	01	1	1	2	512	000	000	3	1	32425131
T3926	01	1	1	2	000	000	000	2	2	35475079
T3926	02	1	1	2	000	000	000	2	1	57822109
T3927	01	1	1	2	519	329	329	2	1	26678333
T3931	02	2	1	1	341	000	000	3	1	83937252
T3932	01	2	1	2	021	980	000	1	2	31757647
T3932	02	2	1	2	021	980	980	1	2	33816586
T3935	01	2	1	2	611	331	000	2	2	32787020
T3935	02	2	1	2	614	950	511	2	2	37759346
T3938	01	2	1	1	615	321	332	3	1	84536724
T3938	02	2	1	1	711	000	000	2	1	98908271
T3939	01	2	1	1	425	000	000	3	1	99279931
T3940	01	2	1	2	383	111	111	2	1	43830740
T3940	02	2	1	2	021	311	311	2	1	39587141
T3943	01	2	1	2	021	000	000	1	2	39076606
T3945	01	3	1	1	819	382	382	2	1	65518614
T3945	02	3	1	1	711	031	211	1	1	86453967
T3945	03	3	1	1	614	000	000	1	1	91913854
T3946	01	3	1	1	812	032	900	1	1	95166342
T3948	01	3	1	2	616	331	361	2	1	31757647
T3949	01	3	1	2	611	111	000	3	1	53365899
T3949	02	3	1	2	936	111	111	4	1	59086531
T3949	03	3	1	2	821	031	324	2	2	70019713
T3951	01	3	1	2	221	311	221	1	2	53382734
T3952	01	3	1	2	341	111	000	2	1	53382734
T3954	01	2	1	1	812	312	344	5	1	99279931
T3955	01	2	1	1	424	000	000	1	1	82885773
T3957	01	2	1	2	611	111	910	3	1	33802064
T3957	02	2	1	2	111	111	910	3	1	35644156
T3957	03	2	1	2	920	312	011	2	1	46891451
T3959	01	2	1	2	734	000	381	3	1	65962120
T3959	02	2	1	2	383	000	000	2	1	40469148
T3960	01	2	1	2	950	995	995	1	2	51433450
T3960	02	2	1	2	711	311	111	1	2	77530066
T3962	01	2	1	1	936	000	000	2	1	82885773
T3963	01	2	1	1	615	311	000	2	1	115831890
T3963	04	2	1	1	614	000	000	2	1	140368014
T3964	01	2	1	2	384	339	339	2	1	25301897
T3964	02	2	1	2	514	111	111	2	1	30288751
T3965	02	2	1	2	341	000	000	2	1	37759346
T3966	01	2	1	2	514	311	311	2	1	32787020
T3967	01	2	1	2	000	012	311	4	2	32787020
T3967	02	2	1	2	611	311	000	3	1	37759346
T3968	01	2	1	2	950	321	000	2	2	31409163
T3970	01	1	1	1	382	000	000	2	1	169166034
T3970	02	1	1	1	311	000	000	2	1	103333023
T3970	03	1	1	1	615	031	000	2	1	123918868
T3970	04	1	1	1	000	000	000	2	1	116557812
T3971	01	1	1	1	000	324	000	3	1	98908271
T3971	02	1	1	1	713	321	321	4	1	84536724
T3972	01	1	1	2	812	321	321	3	1	37759346
T3972	02	1	1	2	514	821	000	4	1	32787020
T3974	01	1	1	2	940	381	381	2	1	43830740
T3974	02	1	1	2	940	311	381	2	1	39587141
T3977	01	1	1	1	021	910	111	2	1	81168159
T3977	02	1	1	1	819	311	311	2	1	91548895
T3979	01	1	1	1	424	312	000	2	1	84536724
T3979	02	1	1	1	611	371	000	2	1	98908271
T3980	02	1	1	2	021	910	111	2	2	33816586
T3981	01	1	1	2	111	000	111	2	2	92498820
T3981	04	1	1	2	344	312	361	3	1	92254457
T3982	01	1	1	2	021	329	000	1	2	34355720
T3982	02	1	1	2	021	312	936	1	2	32580215
T3985	01	3	1	1	000	611	000	2	1	98908271
T3985	02	3	1	1	711	000	000	2	1	84536724
T3989	01	3	1	2	211	331	000	3	1	36136135
T3989	03	3	1	2	212	000	920	3	1	50129358
T3990	01	3	1	2	619	910	329	3	1	56946930
T3992	01	3	1	2	331	321	312	3	1	32580215
T3992	02	3	1	2	343	312	000	2	2	34355720
T3993	01	2	1	1	511	514	514	2	1	78580877
T3993	02	2	1	1	361	910	111	2	1	72166670
T3996	01	2	1	2	361	312	312	2	1	31757647
T3996	02	2	1	2	611	321	321	2	1	33816586
T4000	01	2	1	2	383	111	111	2	1	26514731
T4001	01	2	1	1	021	321	321	3	1	82885773
T4002	01	2	1	1	021	321	111	1	1	107632019
T4002	02	2	1	1	821	910	111	1	1	99747799
T4004	01	2	1	2	011	111	910	2	1	53382734
T4005	01	2	1	2	519	031	000	1	2	39076606
T4006	01	2	1	2	341	312	000	3	1	32787020
T4006	02	2	1	2	341	000	000	3	1	37759346
T4007	01	2	1	2	519	321	321	1	2	46758387
T4007	02	2	1	2	341	000	000	1	2	51770717
T4007	03	2	1	2	732	031	000	1	2	63893337
T4008	01	2	1	2	613	324	000	2	2	33495222
T4008	02	2	1	2	519	516	734	3	1	35414149
T4010	01	2	1	1	344	936	936	2	1	103011510
T4010	02	2	1	1	344	311	311	2	1	90749900
T4011	01	2	1	1	311	429	361	3	1	82885773
T4012	01	2	1	2	812	039	936	4	1	31409163
T4014	01	2	1	2	000	311	000	1	1	32787020
T4014	02	2	1	2	611	000	000	2	1	37759346
T4016	01	2	1	2	021	311	311	2	2	51770717
T4016	02	2	1	2	021	611	311	2	2	46758387
T4016	03	2	1	2	511	611	031	2	2	63893337
T4018	01	2	1	1	611	910	000	2	1	71270397
T4019	01	2	1	1	514	000	000	2	1	151071762
T4021	01	2	1	2	611	021	391	3	1	31334000
T4022	01	2	1	2	343	352	343	3	2	41197785
T4022	02	2	1	2	519	352	352	2	1	41197785
T4023	01	2	1	2	732	331	311	2	1	32425131
T4024	01	2	1	2	512	000	361	2	1	32580215
T4024	02	2	1	2	424	000	361	2	1	34355720
T4025	01	1	1	1	423	344	000	3	2	95166342
T4028	01	1	1	2	611	031	512	2	2	37759346
T4028	02	1	1	2	611	311	512	2	2	32787020
T4030	01	1	1	2	424	000	000	1	2	33816586
T4030	02	1	1	2	021	311	000	1	2	31757647
T4031	01	1	1	2	512	000	000	1	2	39076606
T4032	01	1	1	2	615	311	312	3	1	34714781
T4032	02	1	1	2	615	311	111	3	1	38436080
T4033	01	1	2	1	513	000	936	1	2	72166670
T4033	02	1	2	1	512	324	950	1	2	78580877
T4034	01	1	2	1	519	000	000	1	2	150109236
T4034	02	1	2	1	000	000	000	2	2	222539673
T4034	03	1	2	1	519	000	000	1	2	209633313
T4035	01	1	2	1	512	950	950	1	2	95166342
T4038	01	1	2	2	424	361	000	2	1	32425131
T4040	01	1	2	2	519	312	312	1	2	48450111
T4040	02	1	2	2	519	312	000	1	1	43759274
T4042	01	2	2	1	311	936	938	2	1	102391250
T4042	03	2	2	1	211	383	212	2	1	142993313
T4044	01	2	2	2	711	111	000	2	1	53382734
T4046	01	2	2	2	021	344	000	2	1	38078760
T4046	02	2	2	2	611	000	000	2	1	36110847
T4046	04	2	2	2	361	312	000	2	1	52170822
T4049	01	2	2	1	938	339	311	2	1	156888836
T4049	02	2	2	1	011	031	111	3	1	167468255
T4049	03	2	2	1	011	211	211	2	1	202942267
T4049	04	2	2	1	613	211	211	2	1	215758818
T4049	05	2	2	1	000	211	000	3	1	215758818
T4050	01	2	2	1	615	821	000	3	1	99279931
T4051	01	2	2	1	343	000	000	2	1	87818288
T4051	03	2	2	1	514	000	211	3	1	106420422
T4051	04	2	2	1	011	311	032	2	1	113141264
T4053	01	2	2	2	021	111	111	3	1	39706122
T4055	01	2	2	2	732	821	821	2	1	38366615
T4055	02	2	2	2	950	339	000	2	1	33640875
T4056	01	2	2	2	611	611	312	2	1	32787020
T4056	02	2	2	2	821	361	361	2	1	37759346
T4057	01	1	2	1	344	111	111	2	1	71270397
T4058	01	1	2	1	031	392	311	3	2	86999344
T4058	02	1	2	1	000	900	900	3	2	114798496
T4058	03	1	2	1	960	920	920	2	1	114798496
T4058	04	1	2	1	511	111	111	3	1	94731886
T4059	01	1	2	1	514	000	111	3	1	103398857
T4060	01	1	2	2	311	312	312	2	1	32425131
T4061	01	1	2	2	611	312	331	2	1	39706122
T4063	01	1	2	2	000	000	000	3	1	30358964
T4063	02	1	2	2	000	332	000	3	1	28070223
T4064	01	1	2	2	000	940	429	2	2	31409163
T4066	01	2	2	1	111	312	111	3	1	145512864
T4066	02	2	2	1	821	111	111	2	1	158446117
T4068	01	2	2	2	424	311	615	3	1	39076606
T4069	01	2	2	2	611	000	000	3	1	32580215
T4069	02	2	2	2	000	111	111	3	1	34355720
T4071	02	2	2	2	021	936	381	2	2	43759274
T4072	01	2	2	2	614	000	221	2	2	52170822
T4072	02	2	2	2	821	331	311	3	1	50094278
T4072	03	2	2	2	960	031	031	1	2	36110847
T4072	04	2	2	2	512	000	000	2	2	38078760
T4074	01	2	2	1	819	821	339	2	1	98908271
T4074	02	2	2	1	821	312	514	2	1	84536724
T4075	01	2	2	1	021	312	111	2	1	72166670
T4075	02	2	2	1	021	324	111	2	1	78580877
T4077	01	2	2	2	733	312	733	1	2	48450111
T4077	02	2	2	2	980	321	980	2	2	40469148
T4078	01	2	2	2	613	354	000	1	1	32423745
T4078	02	2	2	2	711	021	321	1	1	44423019
T4079	01	2	2	2	011	321	111	2	1	36110847
T4079	02	2	2	2	711	000	000	2	2	38078760
T4079	03	2	2	2	513	212	000	1	2	50094278
T4079	04	2	2	2	513	000	000	1	2	52170822
T4080	01	2	2	2	424	312	311	2	1	31757647
T4080	02	2	2	2	361	344	344	2	1	33816586
T4082	01	1	2	1	383	031	938	2	1	69809579
T4082	02	1	2	1	383	331	361	2	1	64695914
T4083	01	1	2	1	349	000	000	3	1	82885773
T4085	01	1	2	2	111	031	111	2	1	66126132
T4085	02	1	2	2	821	311	938	3	1	97153111
T4085	03	1	2	2	211	920	612	2	1	78966278
T4085	04	1	2	2	211	212	212	2	1	78966278
T4085	05	1	2	2	614	031	212	2	1	177240188
T4086	01	1	2	2	611	361	361	1	1	118972792
T4086	02	1	2	2	611	332	312	2	1	87378662
T4086	03	1	2	2	950	111	000	1	2	118972792
T4086	04	1	2	2	960	321	221	2	2	87165707
T4087	01	1	2	2	432	321	021	2	1	47186883
T4087	02	1	2	2	432	111	111	2	1	49758400
T4087	03	1	2	2	519	352	353	2	2	49890200
T4087	04	1	2	2	611	031	361	2	1	68172826
T4089	01	1	2	1	938	031	111	5	1	88121210
T4089	02	1	2	1	711	111	111	3	1	95086446
T4089	03	1	2	1	021	211	000	3	1	113988469
T4091	01	1	2	1	344	361	371	1	1	74162308
T4092	01	1	2	2	950	111	910	3	1	32580215
T4092	02	1	2	2	611	129	000	3	1	34355720
T4093	02	1	2	2	111	312	000	2	1	33802064
T4094	01	1	2	2	938	312	000	1	1	34714781
T4094	02	1	2	2	938	312	000	1	1	38436080
T4095	01	1	2	2	900	900	332	2	1	114092409
T4095	02	1	2	2	900	910	354	2	1	120310039
T4095	03	1	2	2	516	950	324	1	2	120628715
T4095	04	1	2	2	821	312	312	1	1	164833983
T4095	05	1	2	2	950	031	324	1	2	164833983
T4095	06	1	2	2	516	821	111	1	1	158273132
T4095	07	1	2	2	950	950	324	2	2	158273132
T4099	01	1	2	1	711	312	000	2	1	83937252
T4099	02	1	2	1	352	000	000	3	1	94810131
T4100	01	1	2	2	812	311	391	3	2	57574598
T4100	02	1	2	2	000	000	000	4	2	57574598
T4100	03	1	2	2	341	361	361	3	2	65662454
T4100	04	1	2	2	511	211	212	3	1	65836381
T4103	01	1	2	2	511	329	311	1	1	36085578
T4103	02	1	2	2	511	329	000	2	1	38052113
T4103	03	1	2	2	011	312	344	2	1	52134314
T4103	04	1	2	2	611	312	312	2	1	52134314
T4104	01	1	2	2	021	341	950	1	2	31409163
T4105	02	3	2	1	940	321	311	2	1	146774498
T4105	03	3	2	1	940	111	111	3	1	125447903
T4106	01	3	2	1	940	312	311	3	2	84536724
T4106	02	3	2	1	616	341	341	2	1	98908271
T4107	01	3	2	1	940	011	111	2	1	167376763
T4108	01	3	2	2	821	312	111	2	2	38636805
T4108	02	3	2	2	111	511	343	1	2	38534734
T4108	03	3	2	2	214	212	211	2	1	50694133
T4109	01	3	2	2	425	950	424	1	2	31409163
T4110	01	3	2	2	311	341	341	2	1	34355720
T4112	01	3	2	2	344	321	392	4	2	32580215
T4112	02	3	2	2	950	032	011	5	2	34355720
T4113	01	2	2	1	939	031	519	3	1	99279931
T4114	01	2	2	1	344	312	311	3	1	69891978
T4114	02	2	2	1	950	111	111	3	1	96117805
T4115	01	2	2	1	821	031	111	2	1	72166670
T4115	02	2	2	1	611	111	000	2	1	78580877
T4118	01	2	2	2	021	000	361	1	1	37172734
T4119	01	2	2	2	021	312	000	1	2	32104682
T4119	02	2	2	2	021	940	960	1	2	52328577
T4120	02	2	2	2	611	000	000	1	1	49101204
T4121	01	2	2	1	021	361	111	2	1	87274646
T4121	02	2	2	1	614	343	011	2	1	96117805
T4122	01	2	2	1	512	900	321	1	1	82885773
T4123	01	2	2	1	021	995	000	2	1	74781354
T4123	02	2	2	1	021	995	000	3	1	81427956
T4123	03	2	2	1	960	995	111	5	1	104908238
T4123	04	2	2	1	021	995	000	2	1	104908238
T4126	01	2	2	2	611	512	512	4	2	32787020
T4126	02	2	2	2	821	512	512	4	2	37759346
T4127	01	2	2	2	021	312	938	2	2	40368053
T4127	02	2	2	2	341	111	111	2	2	42567968
T4127	03	2	2	2	711	212	212	2	2	58321382
T4127	04	2	2	2	011	212	212	2	2	58321382
T4128	01	2	2	2	950	031	000	2	2	37759346
T4128	02	2	2	2	021	950	031	2	2	32787020
T4132	01	2	2	2	361	311	936	3	2	33778476
T4132	02	2	2	2	821	000	000	2	1	35619282
T4134	01	2	2	2	936	000	000	1	1	28660475
T4134	02	2	2	2	611	000	000	1	1	26575789
T4135	01	2	2	2	424	321	321	2	1	72677612
T4137	01	1	2	1	611	331	311	1	1	87559486
T4137	02	1	2	1	611	000	000	2	1	343814862
T4137	03	1	2	1	516	111	111	2	1	115537623
T4138	01	1	3	1	514	212	212	2	2	114430790
T4139	01	1	2	1	615	111	111	3	1	72166670
T4139	02	1	2	1	812	000	936	3	2	78580877
T4141	01	1	2	2	821	111	111	2	1	147051861
T4141	02	1	2	2	516	111	111	3	1	200222459
T4141	03	1	2	2	950	321	321	2	2	146693473
T4141	05	1	2	2	381	321	381	3	1	122840689
T4141	06	1	2	2	611	821	821	3	1	200222459
T4142	01	1	2	2	611	425	000	2	1	31757647
T4142	02	1	2	2	021	312	000	2	1	33816586
T4143	01	1	2	2	950	000	000	3	1	37759346
T4143	02	1	2	2	311	332	000	4	1	32787020
T4148	01	3	3	2	383	111	111	3	1	43830740
T4148	02	3	3	2	383	361	512	2	1	39587141
T4150	01	3	3	2	611	111	111	3	1	31409163
T4151	01	3	3	2	611	031	111	2	1	31409163
T4152	01	3	3	2	383	361	111	2	1	38436080
T4152	02	3	3	2	515	331	000	3	1	34714781
T4153	01	1	3	1	812	910	111	3	1	96374018
T4153	02	1	3	1	011	111	111	3	1	96374018
T4156	01	1	3	2	424	312	361	3	1	33778476
T4157	01	1	3	2	960	321	111	2	1	49235579
T4157	02	1	3	2	011	111	111	3	1	51918743
T4157	03	1	3	2	960	000	000	2	1	68301383
T4157	04	1	3	2	960	000	000	2	1	71132661
T4157	05	1	3	2	960	000	000	2	1	71132661
T4158	01	1	3	2	021	312	381	1	1	46791184
T4158	02	1	3	2	511	512	821	1	1	51807030
T4158	03	1	3	2	821	312	821	3	1	61393236
T4160	01	1	3	2	352	321	341	2	1	42474053
T4160	02	1	3	2	021	000	341	2	1	42361845
T4161	01	1	3	1	812	339	339	2	1	139176769
T4161	02	1	3	1	383	111	910	2	1	206332092
T4161	03	1	3	1	732	031	732	1	1	221829246
T4162	01	1	3	1	383	321	311	2	1	407368073
T4162	02	1	3	1	021	111	000	3	1	612461039
T4162	03	1	3	1	612	321	000	3	1	421994400
T4162	04	1	3	1	611	000	000	2	1	421994400
T4162	05	1	3	1	514	000	000	1	1	421994400
T4162	06	1	3	1	711	011	000	1	1	421994400
T4163	01	1	3	1	910	111	910	3	1	101702261
T4163	02	1	3	1	021	221	129	3	1	94665743
T4163	03	1	3	1	615	321	312	2	1	154655739
T4164	01	1	3	2	311	000	000	1	1	26889962
T4164	05	1	3	2	111	000	000	1	1	39506975
T4165	01	1	3	2	515	011	936	3	1	41044845
T4165	02	1	3	2	812	000	000	3	1	35894143
T4165	03	1	3	2	734	321	936	2	1	53853646
T4166	01	1	3	2	383	000	000	1	1	80011350
T4166	02	1	3	2	383	000	000	1	1	54458792
T4166	03	1	3	2	383	000	000	1	1	80465573
T4166	04	1	3	2	383	000	000	1	1	77262819
T4169	01	1	3	1	936	936	936	2	2	54617188
T4171	01	1	3	1	936	531	362	1	2	95390641
T4171	02	1	3	1	354	362	936	3	2	95390641
T4172	03	1	3	2	311	312	000	2	1	36039730
T4174	01	1	3	2	021	312	000	3	1	39076606
T4180	01	1	3	2	021	731	522	2	1	32580215
T4186	01	1	3	1	371	000	111	2	1	80650071
T4186	02	1	3	1	021	000	000	2	2	87818288
T4187	01	1	3	1	021	312	000	2	1	110195543
T4187	02	1	3	1	021	031	031	2	1	119989775
T4188	01	1	3	2	936	000	936	2	2	32425131
T4190	01	1	3	2	519	343	940	1	2	37759346
T4190	02	1	3	2	940	000	361	2	2	32787020
T4192	02	1	3	2	938	000	000	1	1	47383958
T4193	01	1	3	1	615	910	031	5	1	87757114
T4193	02	1	3	1	000	000	000	3	1	80593891
T4195	01	1	3	1	011	312	111	2	1	103398857
T4199	02	1	3	2	000	000	000	5	2	34355720
T4200	01	1	3	2	529	000	000	1	2	56946930
T4200	02	1	3	2	011	000	000	1	2	47566325
T4203	01	2	3	1	615	111	111	2	1	95166342
T4204	02	2	3	2	512	000	000	3	2	33802064
T4204	03	2	3	2	732	735	735	2	2	46891451
T4205	01	2	3	2	529	529	529	1	2	31409163
T4207	01	2	3	2	615	000	000	2	1	32787020
T4208	01	2	3	2	950	910	910	2	1	51433450
T4208	02	2	3	2	950	936	940	2	2	56946930
T4210	01	2	3	1	960	111	111	2	1	65533942
T4211	01	2	3	1	000	821	000	5	1	345633234
T4212	01	2	3	2	000	321	311	1	2	48994679
T4212	02	2	3	2	000	031	000	3	1	55241260
T4213	01	2	3	2	021	616	381	2	1	33802064
T4213	02	2	3	2	021	000	311	1	1	35644156
T4213	03	2	3	2	936	321	321	2	2	46891451
T4215	01	2	3	2	611	311	321	3	1	33802064
T4215	02	2	3	2	511	321	000	3	2	35644156
T4215	03	2	3	2	512	111	111	2	2	46891451
T4218	01	2	3	1	812	331	331	1	2	94731886
T4218	02	2	3	1	812	312	331	1	2	86999344
T4218	03	2	3	1	960	111	111	2	1	114798496
T4218	04	2	3	1	529	321	321	2	1	114798496
T4219	01	2	3	1	000	331	000	1	2	98785179
T4221	02	2	3	2	950	311	311	1	2	34804188
T4223	01	2	3	2	529	611	000	2	2	34355720
T4224	01	2	3	2	960	000	000	2	2	39076606
T4225	01	1	3	1	311	000	000	3	1	101321371
T4226	01	1	3	1	031	000	031	3	1	58776186
T4226	02	1	3	1	514	011	311	3	1	77557111
T4227	01	1	3	1	000	910	111	2	1	93442694
T4227	02	1	3	1	000	111	111	2	1	176459849
T4227	03	1	3	1	000	031	211	2	1	123300709
T4230	01	1	3	2	031	950	000	2	2	32425131
T4232	01	1	3	2	321	000	321	1	2	40734019
T4233	01	1	3	1	111	111	111	1	1	85337400
T4233	02	1	3	1	514	332	821	3	1	90694188
T4236	01	1	3	2	615	936	111	3	2	37857738
T4237	01	1	3	2	950	221	936	3	1	51580701
T4237	02	1	3	2	000	000	000	3	1	40740611
T4240	01	1	3	2	432	950	432	1	2	40897437
T4241	01	1	3	1	383	312	000	1	1	87940332
T4241	03	1	3	1	821	000	000	2	1	130373142
T4242	01	1	3	1	111	339	111	2	1	119418978
T4243	01	1	3	1	615	321	111	3	1	101886771
T4243	02	1	3	1	011	936	111	3	2	84991501
T4244	01	1	3	2	940	936	311	2	2	38978275
T4244	02	1	3	2	511	324	000	3	1	36039730
T4244	03	1	3	2	512	936	000	2	2	41505347
T4245	01	1	3	2	519	311	111	2	1	77530066
T4246	01	1	3	2	021	321	000	2	1	50678019
T4246	02	1	3	2	611	000	000	2	1	53963619
T4246	03	1	3	2	021	910	111	2	1	59325067
T4249	01	1	3	1	424	031	424	1	2	98908271
T4249	02	1	3	1	936	332	312	2	2	84536724
T4252	01	1	3	2	221	321	514	2	1	38135560
T4252	02	1	3	2	960	111	339	2	1	34355720
T4253	01	1	3	2	611	031	111	2	1	48450111
T4253	02	1	3	2	611	321	938	1	2	43759274
T4256	01	1	3	2	341	821	000	3	1	32425131
T4258	01	2	3	1	950	031	031	3	1	68450408
T4258	02	2	3	1	950	311	615	2	1	71006127
T4259	01	2	3	1	519	111	111	2	2	95166342
T4261	01	2	4	2	341	111	111	2	1	54826586
T4261	02	2	4	2	615	332	332	2	2	51993145
T4261	03	2	4	2	611	211	000	2	1	60864590
T4262	01	2	4	2	111	321	339	3	1	53328658
T4262	02	2	4	2	516	910	111	3	1	59045298
T4262	03	2	4	2	711	321	321	3	1	72871332
T4263	01	2	4	2	721	821	344	1	1	79632020
T4263	03	2	4	2	344	321	321	3	1	88393188
T4263	05	2	4	2	111	516	111	2	1	88177761
T4267	01	1	4	1	615	321	111	2	1	94280112
T4267	03	1	4	1	920	812	000	2	1	163626898
T4268	01	1	4	2	812	000	910	2	1	39706122
T4269	01	1	4	2	021	995	111	3	1	56946930
T4269	02	1	4	2	021	936	000	2	2	51433450
T4270	01	1	4	2	519	111	311	2	2	33778476
T4272	01	1	4	2	382	000	910	2	1	42297810
T4272	02	1	4	2	821	000	000	1	1	51912649
T4272	03	1	4	2	960	221	221	3	1	94706259
T4272	04	1	4	2	733	212	212	2	1	94706259
T4273	01	2	4	1	111	021	111	4	2	78580877
T4273	02	2	4	1	021	321	111	3	1	72166670
T4274	01	2	4	1	938	910	361	3	1	60295471
T4274	02	2	4	1	512	111	000	2	1	64361350
T4275	01	2	4	1	938	111	381	3	1	82769366
T4275	02	2	4	1	938	032	381	3	1	76706375
T4279	01	2	4	2	732	341	821	2	1	37759346
T4279	02	2	4	2	812	321	000	2	1	32787020
T4281	01	1	4	1	821	321	382	2	1	94469200
T4281	02	1	4	1	938	000	936	2	1	110529304
T4281	03	1	4	1	614	212	212	1	1	137475812
T4282	01	1	4	1	343	021	734	3	1	81972745
T4282	02	1	4	1	344	910	111	2	1	72677850
T4283	01	1	4	1	000	312	011	3	1	99279931
T4284	01	1	4	2	936	821	000	2	1	32425131
T4287	01	1	4	2	361	821	000	2	1	37759346
T4287	02	1	4	2	021	311	311	1	1	32787020
T4288	01	1	4	2	021	821	311	3	2	40368053
T4288	02	1	4	2	611	312	000	2	2	42567968
T4290	01	3	4	1	339	312	332	2	1	84536724
T4290	02	3	4	1	719	341	611	2	1	98908271
T4291	01	3	4	1	111	432	111	4	2	78263726
T4293	01	3	4	2	950	321	321	2	1	51433450
T4293	02	3	4	2	821	321	111	3	1	56946930
T4294	01	3	4	2	021	000	000	2	1	44163479
T4294	02	3	4	2	021	000	000	2	2	46570231
T4294	03	3	4	2	812	000	000	1	2	46693586
T4297	01	1	4	1	936	032	615	3	1	98908271
T4297	02	1	4	1	311	312	032	4	1	84536724
T4299	01	1	4	1	938	111	936	3	1	63892121
T4299	02	1	4	1	734	920	900	3	1	76620610
T4300	01	1	4	2	032	324	361	2	2	91204653
T4300	02	1	4	2	111	000	000	3	1	91204653
T4301	01	1	4	2	938	321	111	2	1	26678333
T4301	02	1	4	2	512	312	000	1	1	37009152
T4301	03	1	4	2	011	321	000	2	1	37009152
T4302	01	1	4	2	611	331	311	3	1	39438266
T4303	01	1	4	2	960	312	381	2	1	34714781
T4304	01	1	4	2	000	321	321	3	2	39587141
T4304	02	1	4	2	344	000	000	3	2	43830740
T4305	02	2	4	1	383	031	111	3	1	103575560
T4307	01	2	4	1	383	361	000	2	1	95988482
T4307	02	2	4	1	383	111	111	2	1	103575560
T4310	01	2	4	2	111	000	311	2	1	38135560
T4310	02	2	4	2	000	000	000	3	1	46804266
T4311	01	2	4	2	424	111	111	3	1	79001511
T4311	04	2	4	2	111	936	111	3	1	116069733
T4311	05	2	4	2	212	619	212	2	1	94341754
T4312	01	2	4	2	516	011	000	2	1	190925502
T4312	02	2	4	2	980	341	341	2	1	173670785
T4312	05	2	4	2	525	960	382	1	2	172440503
T4312	06	2	4	2	525	212	212	1	2	226253743
T4317	01	1	4	2	950	361	000	2	2	32425131
T4318	01	1	4	2	512	011	384	1	2	87074901
T4318	02	1	4	2	512	321	221	1	1	59266516
T4319	01	1	4	2	950	312	000	1	2	32425131
T4321	01	2	4	1	312	311	910	2	1	49726963
T4321	02	2	4	1	343	111	111	3	1	54146719
T4322	01	2	4	1	812	321	000	3	2	58677358
T4323	01	2	4	1	611	321	000	3	2	52123383
T4323	02	2	4	1	512	011	821	2	1	60984545
T4325	01	2	4	2	429	512	940	1	2	19812014
T4325	02	2	4	2	325	950	950	1	1	22816612
T4326	01	2	4	2	936	031	032	1	2	25731959
T4326	02	2	4	2	021	321	032	1	2	20966094
T4326	03	2	4	2	361	000	821	1	2	25878039
T4327	01	2	4	2	371	331	311	1	1	16449423
T4328	01	2	4	2	821	312	311	2	1	18979425
T4329	01	2	4	1	424	011	321	2	1	51406061
T4332	01	2	4	2	821	111	111	3	1	23900865
T4332	02	2	4	2	511	821	900	2	2	20901554
T4333	01	2	4	2	341	329	031	1	1	23612584
T4335	01	2	4	2	512	329	514	2	2	32686659
T4336	01	2	4	2	512	821	950	2	1	22816612
T4336	02	2	4	2	311	321	321	3	1	19812014
T4339	01	2	4	1	021	312	311	1	1	51105445
T4340	01	2	4	2	812	011	821	1	1	20411115
T4340	02	2	4	2	611	821	021	1	2	21523448
T4340	03	2	4	2	011	221	221	2	1	29488775
T4341	01	2	4	2	711	000	000	2	1	23183563
T4341	02	2	4	2	732	312	000	2	1	20327968
T4343	01	2	4	2	614	031	031	2	2	22816612
T4343	02	2	4	2	514	321	321	1	2	19812014
T4344	01	2	4	2	381	936	321	3	1	25663789
T4344	02	2	4	2	383	311	381	2	1	23179076
T4345	02	2	4	1	391	312	031	3	1	60984545
T4346	01	2	4	1	950	111	111	3	2	63862287
T4349	01	2	4	2	939	000	000	2	1	31168358
T4349	02	2	4	2	361	032	032	3	2	24618083
T4350	01	2	4	2	611	331	311	1	1	26686398
T4350	02	2	4	2	341	821	821	2	1	28140712
T4350	03	2	4	2	000	031	324	2	2	28215251
T4351	01	2	4	2	341	031	354	2	1	22816612
T4351	02	2	4	2	611	312	031	2	1	19812014
T4352	01	2	4	2	011	031	039	5	2	20759923
T4352	02	2	4	2	311	312	324	3	1	19687049
T4353	01	2	4	1	612	111	910	2	1	66363406
T4353	02	2	4	1	031	361	361	2	1	61502179
T4354	01	2	4	1	711	311	371	1	1	51105445
T4357	01	2	4	2	611	312	311	2	1	19190001
T4357	02	2	4	2	021	940	936	2	1	20434144
T4358	01	2	4	2	611	031	311	1	2	23908157
T4358	02	2	4	2	611	031	960	1	2	29342790
T4358	03	2	4	2	611	031	311	2	2	28334813
T4359	02	2	4	2	021	361	311	2	2	21805214
T4359	03	2	4	2	950	321	311	2	2	31502887
T4359	04	2	4	2	519	432	311	3	2	31502887
T4362	01	3	1	1	821	391	000	3	1	52123383
T4362	02	3	1	1	512	000	000	3	1	60984545
T4363	01	3	1	1	821	000	000	4	2	61213702
T4368	01	3	1	2	819	000	000	3	1	22816612
T4368	02	3	1	2	311	000	000	2	1	19812014
T4369	02	2	1	1	950	432	432	3	1	51753762
T4370	01	2	1	1	514	936	361	3	2	48451146
T4370	02	2	1	1	611	936	111	3	1	44496294
T4374	01	2	1	2	384	312	381	3	1	28888477
T4374	02	2	1	2	511	000	000	1	1	26710595
T4374	03	2	1	2	950	329	722	1	2	41500768
T4374	04	2	1	2	525	212	212	1	1	41736367
T4377	01	3	1	1	021	910	311	2	1	44811476
T4377	02	3	1	1	341	325	321	3	1	50542493
T4378	01	3	1	1	342	031	000	2	1	58677358
T4379	01	3	1	1	339	331	331	3	1	59310172
T4379	02	3	1	1	000	325	910	2	1	63309610
T4379	03	3	1	1	619	032	032	2	1	81565349
T4382	03	3	1	2	361	311	361	1	1	34149207
T4385	01	2	1	1	615	000	939	3	1	48255598
T4385	02	2	1	1	713	011	011	2	2	58477353
T4387	01	2	1	1	111	111	111	3	1	58677358
T4389	01	2	1	2	384	938	384	3	1	12851586
T4390	01	2	1	2	531	936	311	3	1	19687049
T4390	02	2	1	2	011	321	361	2	1	20759923
T4391	01	2	1	2	383	361	938	2	1	26861701
T4391	02	2	1	2	383	311	000	2	1	18283103
T4392	01	2	1	2	011	031	221	1	1	24869327
T4394	02	2	1	1	424	329	900	3	2	67896666
T4399	01	2	1	2	021	361	900	2	2	47944063
T4399	04	2	1	2	021	361	900	2	1	65279543
T4399	05	2	1	2	950	900	900	2	2	47827216
T4400	01	2	1	2	611	722	381	2	1	96934195
T4400	02	2	1	2	611	311	381	3	1	59471167
T4400	03	2	1	2	920	000	339	2	1	71019075
T4400	06	2	1	2	514	000	381	2	1	96934195
T4401	01	2	1	1	615	111	910	3	1	54295563
T4401	02	2	1	1	821	111	381	2	1	58587168
T4406	02	2	1	2	519	111	111	1	1	23183563
T4408	02	2	1	2	000	000	000	1	2	20425369
T4408	03	2	1	2	900	900	900	2	2	28334813
T4410	02	2	1	1	000	821	000	2	1	304957648
T4410	04	2	1	1	821	031	111	2	1	367891010
T4410	06	2	1	1	514	031	519	2	1	400591497
T4414	01	2	1	2	383	344	000	1	1	26485336
T4414	02	2	1	2	021	031	000	1	2	22122529
T4415	01	2	1	2	821	936	331	3	2	31417583
T4415	03	2	1	2	960	353	353	3	2	36778278
T4416	01	2	1	2	611	323	000	1	1	21538479
T4416	02	2	1	2	021	011	311	1	1	20425369
T4416	03	2	1	2	011	000	000	1	1	28334813
T4417	01	2	1	1	950	900	900	3	1	99445961
T4417	02	2	1	1	032	325	936	4	2	101900577
T4417	03	2	1	1	939	331	311	2	2	90346063
T4417	04	2	1	1	812	910	111	3	1	92161383
T4418	01	2	1	1	515	312	391	3	1	50081300
T4418	03	2	1	1	519	211	211	2	1	66083923
T4418	04	2	1	1	821	021	821	2	1	70257366
T4420	01	2	1	2	960	032	111	3	1	24730191
T4420	02	2	1	2	615	111	111	3	1	28949834
T4420	03	2	1	2	000	211	211	2	1	34306618
T4421	01	2	1	2	021	321	111	1	1	32257262
T4424	01	2	1	2	821	000	000	2	1	30147664
T4427	01	3	2	1	515	000	000	1	1	178634248
T4427	03	3	2	1	432	000	000	1	1	176146199
T4429	01	3	2	2	611	920	920	2	2	23921083
T4429	02	3	2	2	611	000	000	2	2	26485336
T4430	01	3	2	2	516	000	000	3	1	23183563
T4430	02	3	2	2	821	000	000	3	1	20327968
T4431	01	3	2	2	611	000	000	1	1	42620174
T4432	01	3	2	2	525	032	032	3	1	19190001
T4433	02	3	2	1	341	312	362	3	1	60984545
T4435	02	3	2	1	732	000	111	2	1	58777556
T4436	01	3	2	2	950	000	391	3	1	29802804
T4436	02	3	2	2	021	000	000	3	1	27555991
T4436	03	3	2	2	950	039	039	3	1	27555991
T4436	04	3	2	2	341	391	000	2	1	31735004
T4437	01	3	2	2	611	000	611	2	1	34939816
T4437	02	3	2	2	821	000	611	4	1	21436312
T4438	01	3	2	2	936	000	381	1	2	28572310
T4438	02	3	2	2	000	000	000	2	2	35067165
T4438	03	3	2	2	614	000	000	2	2	63974390
T4438	04	3	2	2	936	000	212	2	1	28502675
T4439	01	3	2	2	321	311	000	3	1	19894718
T4439	02	3	2	2	021	031	000	3	1	21184549
T4439	03	3	2	2	711	031	821	3	1	28742716
T4440	01	3	2	2	021	331	311	2	1	21820483
T4440	02	3	2	2	613	000	000	2	1	23009622
T4440	03	3	2	2	950	212	212	2	2	30270167
T4440	04	3	2	2	611	212	212	2	2	31524947
T4442	01	2	2	1	831	311	735	3	1	72955220
T4443	01	2	2	1	519	000	000	2	1	61213702
T4444	01	2	2	2	321	311	341	2	1	19593338
T4446	01	2	2	2	611	312	936	2	1	21298589
T4446	02	2	2	2	514	321	339	2	2	21298589
T4446	03	2	2	2	613	000	000	1	1	21246681
T4446	04	2	2	2	613	312	312	2	2	21246681
T4447	01	2	2	2	432	000	940	1	1	19687049
T4447	02	2	2	2	432	039	000	1	1	28282131
T4448	02	2	2	2	940	012	012	2	1	20781961
T4451	01	2	2	1	611	031	111	2	1	49692323
T4451	02	2	2	1	311	910	910	3	1	54109000
T4451	03	2	2	1	011	920	910	3	1	69711684
T4453	01	2	2	2	950	111	111	2	2	19687049
T4453	02	2	2	2	950	936	000	2	2	20759923
T4455	01	2	2	2	519	312	000	1	2	18979425
T4456	01	2	2	2	021	512	000	2	1	31604761
T4456	02	2	2	2	732	512	311	2	1	36397792
T4457	01	2	2	1	611	321	311	2	1	51105445
T4461	01	2	2	2	939	312	341	2	1	22816612
T4462	01	2	2	2	021	111	111	3	1	20759923
T4462	02	2	2	2	021	331	111	1	1	19687049
T4464	01	2	2	2	322	361	341	2	1	23025735
T4464	02	2	2	2	513	111	111	2	2	21835764
T4466	01	3	2	1	381	000	000	3	1	59184271
T4466	02	3	2	1	021	111	111	3	1	109563804
T4467	02	3	2	1	812	321	321	3	1	83043649
T4468	01	3	2	2	111	031	111	2	1	20425369
T4468	02	3	2	2	910	021	111	2	1	21538479
T4468	03	3	2	2	614	324	212	1	1	28334813
T4469	01	3	2	2	344	332	000	2	1	19812014
T4469	02	3	2	2	341	341	341	4	1	22816612
T4472	02	3	2	2	511	940	321	2	1	20425369
T4475	03	3	2	1	525	936	111	2	2	78136276
T4476	01	3	2	2	111	519	111	2	2	28459161
T4476	02	3	2	2	111	111	021	1	2	28383977
T4476	04	3	2	2	920	920	514	2	2	37340367
T4478	01	3	2	2	529	111	000	2	2	19190001
T4478	02	3	2	2	341	361	732	1	2	20434144
T4480	02	3	2	2	512	311	039	2	2	19812014
T4483	01	3	2	1	611	821	821	3	1	51105445
T4487	01	3	2	2	936	311	383	2	1	32236838
T4487	02	3	2	2	361	324	936	2	1	43801601
T4487	03	3	2	2	516	324	732	2	1	42296939
T4487	04	3	2	2	614	031	000	2	1	42296939
T4488	01	3	2	2	519	612	000	1	1	32257262
T4491	01	3	3	1	344	321	514	3	1	43943673
T4494	01	3	3	2	425	000	900	4	2	22215660
T4496	01	3	3	2	529	361	000	1	2	19593338
T4499	02	2	3	1	383	321	371	1	1	63987920
T4499	03	2	3	1	529	000	331	1	1	87998346
T4499	04	2	3	1	529	000	000	1	1	82771049
T4500	01	2	3	2	425	425	000	1	1	22816612
T4500	02	2	3	2	960	362	936	2	1	19812014
T4501	01	2	3	2	611	000	000	2	1	19812014
T4502	01	2	3	2	811	322	939	2	1	42625338
T4502	02	2	3	2	021	322	361	2	2	40422458
T4502	03	2	3	2	733	322	000	2	2	56075501
T4502	04	2	3	2	021	910	111	2	2	58399983
T4502	05	2	3	2	611	322	000	2	2	58399983
T4502	06	2	3	2	611	311	000	2	2	56075501
T4504	01	2	3	2	021	936	936	3	1	20425369
T4504	02	2	3	2	511	221	221	1	2	21538479
T4512	01	3	3	2	611	011	311	1	2	24869327
T4515	01	2	3	1	321	000	324	3	2	52123383
T4515	02	2	3	1	531	321	321	3	2	60984545
T4517	01	2	3	2	611	331	311	2	1	31417583
T4517	02	2	3	2	324	321	936	2	2	33129730
T4517	03	2	3	2	531	000	000	2	1	36778278
T4518	01	2	3	2	000	611	611	3	1	19812014
T4518	02	2	3	2	611	311	000	3	1	22816612
T4519	01	2	3	2	021	312	000	1	2	25597736
T4520	01	2	3	2	529	321	321	1	2	26686398
T4520	02	2	3	2	529	000	000	2	2	28140712
T4520	03	2	3	2	529	000	000	1	1	28215251
T4521	02	2	3	1	910	111	111	3	1	70986341
T4522	01	2	3	1	611	000	000	2	1	43943673
T4523	01	2	3	1	031	821	111	2	1	54109000
T4523	02	2	3	1	111	000	111	3	1	49692323
T4524	01	2	3	2	519	111	111	2	1	25882311
T4526	01	2	3	2	960	000	000	2	2	34466022
T4526	02	2	3	2	950	936	936	2	2	38160655
T4526	03	2	3	2	000	321	212	1	2	45221780
T4526	04	2	3	2	529	031	000	1	2	45221780
T4528	01	2	3	2	938	324	000	2	2	26633896
T4530	01	2	3	1	611	000	000	3	1	58677358
T4532	01	2	3	2	821	000	000	3	1	31168358
T4532	02	2	3	2	512	000	000	2	1	24618083
T4534	01	2	3	2	383	411	000	2	1	55996141
T4534	04	2	3	2	383	311	938	3	1	50574714
T4535	01	2	3	2	424	321	000	2	1	24167891
T4535	02	2	3	2	021	000	000	3	1	22345890
T4535	03	2	3	2	021	031	000	2	1	25484955
T4536	01	2	3	2	384	311	000	2	1	20950018
T4536	02	2	3	2	000	031	000	2	1	27487858
T4536	03	2	3	2	614	960	031	2	1	28627305
T4540	02	2	3	2	000	000	381	1	2	23921083
T4541	01	2	3	2	910	111	111	3	1	21805214
T4541	02	2	3	2	031	910	111	3	1	22993520
T4541	03	2	3	2	011	111	111	2	1	31502887
T4541	04	2	3	2	519	031	111	2	1	31502887
T4545	01	3	3	1	311	331	000	3	1	44811476
T4549	01	3	3	2	384	321	321	2	1	42572153
T4549	02	3	3	2	513	000	000	1	1	38450408
T4549	03	3	3	2	950	011	920	2	1	52540839
T4549	04	3	3	2	513	011	920	1	1	52540839
T4554	01	3	4	1	111	000	111	1	1	34242467
T4556	01	3	4	2	000	321	311	3	1	21835764
T4556	02	3	4	2	011	111	111	3	1	23025735
T4556	03	3	4	2	039	111	031	2	1	30291364
T4556	04	3	4	2	735	212	920	3	1	30291364
T4557	01	3	4	2	938	900	910	2	1	29276655
T4557	02	3	4	2	383	910	111	3	1	26442152
T4560	01	3	4	2	613	311	000	2	1	23992978
T4562	01	2	4	1	614	311	000	1	1	52052526
T4568	03	2	4	2	614	000	311	2	1	53531189
T4569	03	2	4	1	512	821	000	2	1	89045500
T4571	01	2	4	1	361	000	339	3	1	39232186
T4576	01	2	4	2	939	000	354	1	2	35405036
T4576	02	2	4	2	021	000	000	2	2	33575302
T4576	03	2	4	2	722	312	000	2	1	39304162
T4576	04	2	4	2	900	950	950	2	2	46576878
T4582	01	2	4	2	313	312	000	2	2	19593338
T4583	01	2	4	2	940	000	000	2	2	18979425
T4584	01	2	4	2	021	331	000	3	1	18344828
T4584	02	2	4	2	021	000	000	3	1	16961824
T4586	01	2	4	1	383	324	111	2	2	59225661
T4586	02	2	4	1	613	000	111	2	2	63906948
T4586	03	2	4	1	711	212	212	3	2	76610868
T4588	02	2	4	2	614	311	000	2	1	34726741
T4591	01	2	4	2	321	000	000	2	1	22215660
T4592	01	2	4	2	611	515	212	2	1	21570948
T4592	02	2	4	2	000	000	000	2	1	18200989
T4595	01	2	4	1	960	329	111	1	1	122808819
T4595	02	2	4	1	910	910	111	2	1	132515817
T4596	01	2	4	2	821	329	910	2	1	41754579
T4596	02	2	4	2	383	910	910	2	1	46230519
T4597	01	2	4	2	729	995	111	2	1	84845894
T4597	02	2	4	2	011	111	111	3	1	80461054
T4597	03	2	4	2	512	212	212	2	1	111618494
T4597	04	2	4	2	950	211	211	2	1	111618494
T4597	05	2	4	2	512	920	211	2	1	116245384
T4597	06	2	4	2	512	211	211	1	2	116245384
T4599	01	2	4	2	011	910	910		1	42842504
T4599	02	2	4	2	311	111	111	3	1	47556065
T4599	03	2	4	2	212	821	212	2	1	47440164
T4600	01	2	4	2	371	332	339	3	1	56608364
T4600	03	2	4	2	371	212	212	2	1	77352910
T4601	01	1	4	1	341	321	311	1	1	92070299
T4601	02	1	4	1	341	312	031	2	2	100253550
T4602	01	1	4	1	383	331	361	2	2	118180372
T4602	03	1	4	1	383	910	011	1	1	127521531
T4603	01	1	4	1	519	000	381	3	1	68669074
T4603	02	1	4	1	615	381	381	3	1	74772414
T4604	01	1	4	2	391	936	011	2	1	36515448
T4604	02	1	4	2	821	000	000	4	2	33762574
T4606	01	1	4	2	519	936	361	1	2	50877159
T4606	02	1	4	2	519	361	332	1	2	56331007
T4606	03	1	4	2	361	021	361	1	2	69521463
T4608	01	1	4	2	611	321	011	2	2	39187145
T4608	02	1	4	2	611	361	011	2	2	41322705
T4610	01	1	4	1	011	936	936	3	1	108754540
T4610	02	1	4	1	021	910	111	3	1	118420695
T4610	03	1	4	1	519	011	344	3	1	152568075
T4610	04	1	4	1	831	212	212	2	1	143505193
T4611	01	1	4	1	512	900	321	1	1	67244313
T4611	02	1	4	1	733	722	000	2	2	94334778
T4612	01	1	4	2	361	311	343	1	2	52837731
T4612	02	1	4	2	512	031	111	2	1	52977688
T4612	03	1	4	2	950	212	212	2	2	72391746
T4613	01	1	1	2	940	000	000	3	1	39000612
T4614	01	1	4	2	611	329	821	2	1	39000612
T4615	01	1	4	2	383	031	311	1	2	52633203
T4615	02	1	4	2	311	000	000	1	2	58275292
T4616	01	1	4	2	950	321	722	1	2	41322705
T4616	02	1	4	2	512	329	329	2	2	39187145
T4617	01	1	1	1	021	111	111	2	1	132515817
T4617	02	1	1	1	021	111	329	2	1	122808819
T4620	01	1	1	2	384	312	111	2	1	40656773
T4620	02	1	1	2	615	111	111	3	1	42872422
T4620	03	1	1	2	614	212	211	1	1	56400552
T4621	01	1	1	2	021	000	000	2	1	39187145
T4621	02	1	1	2	021	000	000	2	1	41322705
T4622	01	1	1	2	311	332	000	1	1	39187145
T4622	02	1	1	2	021	111	111	1	2	41322705
T4625	01	2	1	1	511	111	111	2	1	96748247
T4628	01	2	1	2	384	031	938	2	1	37596677
T4628	03	2	1	2	211	361	212	2	1	51510333
T4630	01	2	1	2	011	995	995	3	1	57578713
T4630	02	2	1	2	611	821	000	2	1	78397863
T4632	01	2	1	2	519	611	000	2	1	48539060
T4632	02	2	1	2	432	354	000	2	1	56289001
T4633	01	1	1	1	940	000	000	2	1	100924292
T4633	02	1	1	1	424	111	111	3	1	89480479
T4636	01	1	1	2	519	111	111	4	2	47758113
T4637	01	1	1	2	519	910	938	2	2	30293081
T4637	03	1	1	2	341	940	000	2	1	31943945
T4638	01	1	1	2	519	361	000	2	1	46146968
T4638	02	1	1	2	032	311	000	2	1	40462897
T4639	01	1	1	2	519	000	361	2	1	40628401
T4639	02	1	1	2	000	936	361	4	1	42842504
T4639	03	1	1	2	361	000	212	2	1	58697517
T4641	01	1	1	1	011	111	111	3	1	72364844
T4641	02	1	1	1	722	212	212	3	2	95487792
T4643	01	1	1	1	021	031	111	2	1	117168159
T4645	01	1	1	2	519	000	000	2	1	47556065
T4645	02	1	1	2	940	000	129	3	1	42842504
T4645	03	1	1	2	950	000	362	2	1	58697517
T4646	01	1	1	2	311	361	000	2	1	47589275
T4646	02	1	1	2	361	519	000	2	1	58406933
T4646	03	1	1	2	614	910	000	2	1	106554032
T4648	01	1	1	2	011	000	000	3	1	39247331
T4648	02	1	1	2	611	000	000	2	1	36392585
T4650	01	2	1	1	021	031	000	2	2	221179539
T4650	02	2	1	1	021	000	910	2	1	127533596
T4651	01	2	1	1	936	332	311	2	1	111074477
T4652	01	2	1	2	819	321	000	3	1	40628401
T4652	02	2	1	2	615	000	111	3	1	42842504
T4652	03	2	1	2	211	312	920	2	1	58697517
T4654	01	2	1	2	361	910	910	2	1	42055444
T4654	02	2	1	2	732	000	000	1	1	41944342
T4654	03	2	1	2	614	321	614	2	1	55179622
T4656	01	2	1	2	021	950	950	3	1	64208200
T4658	01	1	1	1	611	000	000	2	1	122232782
T4659	01	1	1	1	311	000	000	2	1	127366796
T4659	02	1	1	1	511	111	111	2	1	191490707
T4659	03	1	1	1	960	312	312	2	1	203005721
T4660	01	1	1	2	344	432	980	3	2	61863622
T4660	02	1	1	2	980	980	980	2	2	68495178
T4661	01	1	1	2	321	311	311	3	1	38565712
T4662	01	1	1	2	511	000	936	3	1	45416551
T4662	02	1	1	2	311	000	936	3	1	39435888
T4663	02	1	1	2	383	339	339	2	1	43277526
T4665	01	1	1	1	000	936	000	1	2	116551825
T4665	03	1	1	1	960	331	000	1	2	107038217
T4667	01	1	1	1	321	321	331	1	1	217938996
T4667	03	1	1	1	611	936	111	2	1	213646209
T4667	04	1	1	1	615	031	111	2	1	235165230
T4668	01	1	1	2	344	321	321	3	1	39187145
T4668	02	1	1	2	344	321	331	2	1	41322705
T4669	01	1	1	2	936	329	329	2	1	40365573
T4669	02	1	1	2	383	011	000	2	1	47253038
T4671	01	1	1	2	000	000	012	3	1	37778616
T4672	01	1	1	2	821	312	425	2	2	39187145
T4673	01	2	2	1	000	000	000	2	1	102648681
T4675	01	2	2	1	383	321	000	2	1	99295824
T4675	02	2	2	1	021	000	000	2	1	108121284
T4675	03	2	2	1	960	031	111	3	1	139298761
T4675	04	2	2	1	819	212	211	3	1	131024106
T4676	01	2	2	2	000	000	111	2	1	45534896
T4677	01	2	2	2	519	425	362	1	2	37778616
T4680	01	2	2	2	611	312	995	2	1	47758113
T4682	01	2	2	1	938	936	429	2	2	134656340
T4682	02	2	2	1	011	000	000	2	1	148886206
T4684	02	2	2	2	111	000	361	2	1	45416551
T4687	01	2	2	2	516	339	321	2	1	52388870
T4687	02	2	2	2	821	321	321	1	1	76970202
T4688	01	2	2	2	519	000	000	1	1	71365680
T4688	02	2	2	2	000	312	371	2	1	117356713
T4689	01	3	2	1	821	312	312	3	1	142675033
T4689	02	3	2	1	821	000	000	1	1	214506007
T4690	01	3	2	1	011	111	111	3	1	130694975
T4690	02	3	2	1	732	000	000	2	1	147409781
T4690	03	3	2	1	615	321	321	2	1	125990878
T4692	01	3	2	2	021	000	000	1	2	79648061
T4693	01	3	2	2	611	000	111	3	2	45416551
T4693	02	3	2	2	940	511	000	3	1	39435888
T4695	01	3	2	2	529	000	980	1	2	51939870
T4695	03	3	2	2	529	000	000	1	2	62176911
T4696	01	3	2	2	000	339	339	5	2	39187145
T4696	02	3	2	2	344	312	000	3	1	41322705
T4697	01	2	2	1	938	361	000	2	1	116988065
T4697	02	2	2	1	383	331	000	2	1	108418499
T4698	01	2	2	1	021	032	032	3	1	96748247
T4699	01	2	2	1	531	312	000	2	1	102048405
T4700	01	2	2	2	512	311	021	2	1	39000612
T4703	01	2	2	2	821	900	032	4	2	64693474
T4703	03	2	2	2	111	321	000	2	1	64693474
T4704	01	2	2	2	611	322	000	2	1	34472523
T4704	02	2	2	2	021	381	000	2	1	34563833
T4706	01	2	2	1	000	980	980	2	1	117168159
T4707	01	2	2	1	523	950	000	2	2	121775197
T4707	02	2	2	1	523	950	000	2	2	104081044
T4708	01	2	2	2	821	000	032	3	1	39000612
T4709	01	2	2	2	711	312	000	1	1	41322705
T4709	02	2	2	2	619	936	000	2	1	39187145
T4719	01	1	2	2	519	000	529	2	2	37778616
T4721	01	3	2	1	960	111	111	2	1	116988065
T4725	01	3	2	2	344	331	000	2	1	39187145
T4725	02	3	2	2	011	011	011	1	1	41322705
T4727	01	3	2	2	512	031	111	3	1	37778616
T4730	01	2	2	1	344	321	111	2	1	112825784
T4731	01	2	2	1	950	111	000	3	1	117168159
T4732	01	2	2	2	910	329	329	1	1	43433754
T4732	02	2	2	2	021	321	111	1	1	45800738
T4732	03	2	2	2	519	950	011	1	2	62750525
T4732	04	2	2	2	614	211	000	1	1	60252880
T4733	01	2	2	2	311	000	000	1	1	47758113
T4734	01	2	2	2	432	995	995	2	1	45416551
T4734	02	2	2	2	432	995	995	2	1	39435888
T4735	02	2	2	2	021	000	111	2	2	47556065
T4737	01	3	2	1	321	000	000	1	1	115074702
T4739	01	3	2	1	519	312	032	2	2	122232782
T4740	01	3	2	2	611	312	000	2	1	47000938
T4741	01	3	2	2	713	000	324	3	1	39435888
T4742	01	3	2	2	611	000	000	3	1	39435888
T4743	01	3	2	2	513	312	000	2	2	46882666
T4743	02	3	2	2	111	000	000	3	1	49922202
T4743	03	3	2	2	936	311	361	3	1	43348214
T4745	01	3	2	1	344	361	111	2	1	132515817
T4745	02	3	2	1	111	321	000	3	1	122808819
T4746	01	3	2	1	011	900	000	3	2	122808819
T4746	04	3	2	1	734	392	392	2	2	132515817
T4748	01	3	2	2	950	331	111	2	1	43433754
T4748	02	3	2	2	950	031	111	2	1	60252880
T4748	03	3	2	2	950	031	211	1	2	62750525
T4748	04	3	2	2	910	031	111	2	1	45800738
T4749	01	3	2	2	812	515	000	2	1	41322705
T4749	02	3	2	2	021	312	431	2	1	39187145
T4754	01	2	2	1	424	936	519	3	1	87747632
T4757	02	2	2	2	511	936	321	1	1	42872422
T4758	02	2	2	2	383	111	111	2	1	37809116
T4759	01	2	2	2	311	000	000	2	2	70039997
T4759	03	2	2	2	613	341	000	2	1	73856926
T4759	04	2	2	2	734	324	000	2	2	97162026
T4759	05	2	2	2	960	312	000	2	2	101189656
T4760	01	2	2	2	812	311	339	3	1	40920462
T4760	02	2	2	2	611	311	000	2	1	47126268
T4760	03	2	2	2	612	980	221	3	1	61394866
T4761	01	1	2	1	000	000	938	2	1	111510313
T4762	01	1	2	1	519	311	000	3	1	104081044
T4763	01	1	2	1	021	111	111	3	1	159813279
T4763	04	1	2	1	432	000	900	3	1	184941964
T4764	01	1	2	2	361	312	361	2	2	39435888
T4767	01	1	2	2	519	011	311	1	1	47758113
T4769	01	3	3	1	611	331	000	2	1	116988065
T4769	02	3	3	1	311	111	111	2	1	108418499
T4770	01	3	3	1	611	512	031	2	1	122232782
T4773	01	3	3	2	615	111	312	2	1	87415879
T4775	01	3	3	2	611	324	324	2	2	46230519
T4775	04	3	3	2	349	936	000	2	2	41754579
T4776	01	3	3	2	611	111	000	2	1	45416551
T4778	03	3	3	1	000	000	000	3	1	150907214
T4779	01	3	3	1	616	311	000	3	1	117168159
T4780	03	3	3	2	938	936	000	2	1	60254903
T4784	01	3	3	2	383	312	000	2	2	46230519
T4784	02	3	3	2	021	000	381	2	2	41754579
T4788	01	2	3	2	910	910	910	2	1	75853359
T4788	02	2	3	2	011	343	910	2	1	68509399
T4788	03	2	3	2	512	111	111	2	1	93615165
T4788	04	2	3	2	211	011	920	2	2	93615165
T4791	02	2	3	2	021	311	000	1	1	45869057
T4793	01	1	3	1	424	321	111	2	1	93725521
T4793	02	1	3	1	734	312	321	2	1	136393578
T4793	03	1	3	1	321	000	311	3	1	128291497
T4796	01	1	3	2	000	111	111	3	1	42842504
T4797	01	1	3	2	733	312	000	2	1	73207299
T4797	02	1	3	2	000	111	111	3	2	62536817
T4797	03	1	3	2	000	111	111	2	2	65944850
T4798	03	1	3	2	733	312	111	2	1	60974379
T4799	01	1	3	2	000	312	000	1	1	46230519
T4799	02	1	3	2	021	331	381	1	1	41754579
T4802	01	3	3	1	529	129	129	2	1	127303976
T4804	01	3	3	2	960	312	111	3	1	47758113
T4805	01	3	3	2	960	312	000	3	1	47000938
T4806	02	3	3	2	511	000	000	1	1	43433754
T4806	03	3	3	2	614	000	614	1	2	60252880
T4808	01	3	3	2	713	321	000	2	1	39435888
T4808	02	3	3	2	939	341	000	1	1	45416551
T4809	01	1	3	1	910	311	910	3	1	89396006
T4809	02	1	3	1	950	111	111	2	1	115173927
T4813	01	1	3	2	511	000	000	2	1	75545512
T4816	01	1	3	2	529	000	000	2	1	47000938
T4820	01	3	3	2	611	411	000	2	1	47000938
T4821	01	3	3	2	021	000	000	1	1	65944850
T4822	02	3	3	2	519	312	361	2	2	50912862
T4822	03	3	3	2	519	212	000	1	2	66801160
T4825	01	3	3	1	960	000	221	2	1	117444315
T4825	02	3	3	1	615	324	111	2	1	117444315
T4826	01	3	3	1	960	000	000	1	2	88851117
T4826	02	3	3	1	523	000	000	2	2	96748247
T4828	01	3	3	2	950	000	000	1	2	56295687
T4828	02	3	3	2	311	000	000	1	2	45869057
T4829	01	3	3	2	111	960	111	3	1	40674239
T4829	02	3	3	2	821	032	000	2	1	38197769
T4830	01	3	3	2	519	429	000	2	2	39435888
T4830	02	3	3	2	031	000	111	2	2	45416551
T4831	01	3	3	2	936	312	111	2	1	40287706
T4832	01	3	3	2	960	324	324	2	2	48550811
T4832	02	3	3	2	519	031	031	3	1	46041702
T4832	03	3	3	2	529	391	391	2	2	46041702
T4832	04	3	3	2	519	391	391	3	2	63870721
T4833	01	1	3	1	425	425	425	3	2	102048405
T4834	02	1	3	1	711	000	000	2	1	121775197
T4835	01	1	3	1	910	311	311	2	1	99226655
T4835	02	1	3	1	615	321	321	4	2	108045967
T4835	03	1	3	1	615	361	211	3	1	139201726
T4836	01	1	3	2	611	312	339	2	1	39435888
T4836	02	1	3	2	940	032	000	2	1	45416551
T4837	01	1	3	2	432	312	031	2	1	37778616
T4838	01	1	3	2	611	311	321	2	1	47758113
T4843	01	3	3	1	424	312	000	2	1	104081044
T4844	01	3	4	2	031	031	000	1	1	47758113
T4845	01	3	4	2	011	910	000	3	1	38197769
T4845	02	3	4	2	936	910	000	2	1	40674239
T4847	01	3	4	2	519	321	111	1	2	64290924
T4849	01	3	4	1	514	031	111	2	1	87747632
T4850	01	3	4	1	311	000	000	2	1	142755206
T4855	01	3	4	2	950	950	000	2	2	39000612
T4856	01	3	4	2	324	324	324	1	2	62312960
T4856	02	3	4	2	611	331	324	2	2	56279952
T4856	03	3	4	2	614	960	324	1	2	73843149
T4857	01	1	4	1	950	936	000	1	1	102648681
T4863	01	1	4	2	936	000	000	1	1	71484100
T4863	02	1	4	2	000	000	000	2	1	66284539
T4864	01	1	4	2	383	000	000	2	1	39247331
T4869	01	1	4	2	519	311	031	2	1	31557854
T4871	01	1	4	2	711	312	936	2	1	31910063
T4871	02	1	4	2	031	032	032	3	1	36749394
T4873	01	3	4	1	031	321	111	1	1	76907382
T4873	02	3	4	1	344	361	361	1	1	83742946
T4873	03	3	4	1	511	321	614	1	1	107890771
T4876	01	3	4	2	938	910	111	2	1	38644100
T4877	01	3	4	2	821	111	111	2	1	32875000
T4878	01	3	4	2	611	323	323	1	1	62201485
T4878	02	3	4	2	960	936	312	1	1	58414318
T4878	03	3	4	2	519	324	212	1	1	61760850
T4878	04	3	4	2	521	312	212	1	1	61760850
T4879	01	3	4	2	111	011	111	3	1	33436806
T4879	02	3	4	2	821	321	311	2	1	31708790
T4882	01	1	4	1	513	384	960	1	2	72275562
T4882	02	1	4	1	522	960	733	1	2	89895993
T4884	01	1	4	2	619	111	111	3	2	39840652
T4885	01	1	4	2	519	529	529	1	2	38031422
T4888	01	1	4	2	612	329	021	3	1	50628595
T4888	02	1	4	2	031	329	512	3	1	44392507
T4889	01	2	4	1	938	324	031	2	1	91677240
T4891	01	2	4	1	021	111	111	3	1	69287962
T4892	01	2	4	2	311	312	384	2	1	27028555
T4892	02	2	4	2	613	011	031	3	1	28501515
T4894	01	2	4	2	021	312	311	1	2	32912091
T4895	01	2	4	2	950	821	960	2	2	51954902
T4897	01	2	4	1	021	311	031	2	2	91027303
T4897	02	2	4	1	021	311	311	2	2	91027303
T4898	01	2	4	1	383	321	111	2	1	78192553
T4898	02	2	4	1	383	031	111	2	1	83465279
T4900	01	2	4	2	940	021	433	2	2	50488782
T4900	02	2	4	2	021	321	312	2	2	41137660
T4900	03	2	4	2	940	311	321	2	1	50775406
T4900	04	2	4	2	614	940	433	2	2	48754403
T4901	01	2	4	2	011	425	514	4	2	37086217
T4901	02	2	4	2	361	371	940	4	2	35169599
T4901	05	2	4	2	011	011	021	4	1	48788545
T4902	01	2	4	2	031	321	321	3	1	31557854
T4903	01	2	4	2	611	516	516	2	1	37115546
T4903	02	2	4	2	940	722	722	3	1	45552389
T4904	01	2	4	2	512	362	980	2	2	26170734
T4904	02	2	4	2	391	391	392	3	2	28223646
T4906	01	3	1	1	031	011	910	3	1	169279464
T4908	01	3	1	2	513	910	021	3	1	37034331
T4908	02	3	1	2	910	011	910	3	1	35120395
T4908	03	3	1	2	722	021	221	3	1	50739875
T4908	04	3	1	2	522	031	312	3	1	50739875
T4909	01	3	4	2	011	011	321	3	1	30569060
T4912	01	3	4	2	732	321	000	1	1	31910063
T4912	02	3	4	2	711	512	512	1	1	36749394
T4914	02	2	1	1	519	321	000	2	2	90673678
T4918	03	2	1	2	732	000	425	2	2	60898180
T4923	01	2	1	1	383	111	111	2	1	87129060
T4923	03	2	1	1	383	940	383	2	2	71899027
T4924	01	2	1	2	821	111	111	2	1	23462665
T4924	02	2	1	2	512	031	031	2	1	25303148
T4925	01	2	1	2	821	321	000	2	1	27589470
T4925	02	2	1	2	021	031	111	2	1	26163645
T4925	03	2	1	2	734	031	312	1	1	36295158
T4926	01	2	1	2	611	311	361	2	1	30569060
T4928	01	2	1	2	021	339	000	3	1	37340421
T4928	02	2	1	2	511	000	000	2	1	32741081
T4934	01	1	1	2	821	812	000	4	2	29546951
T4936	01	1	1	2	821	321	321	2	2	32875000
T4936	02	1	1	2	821	000	000	4	2	34666571
T4949	01	1	1	2	611	332	000	2	1	38031422
T4950	01	1	1	2	519	321	361	2	1	30569060
T4952	01	1	1	2	383	321	000	2	1	114255579
T4952	02	1	1	2	384	000	000	2	1	102931037
T4952	03	1	1	2	519	354	000	2	1	114266743
T4959	01	2	1	2	611	000	000	2	2	68747727
T4959	02	2	1	2	512	312	000	2	2	65194841
T4961	01	1	1	1	812	000	000	2	1	90813263
T4962	02	1	1	1	960	936	321	2	1	80097812
T4967	02	1	1	2	339	331	339	2	1	40302877
T4967	03	1	1	2	950	212	212	2	1	59549504
T4968	04	1	1	2	950	031	000	2	1	66567501
T4968	05	1	1	2	950	212	000	2	1	66567501
T4970	01	1	1	1	381	000	111	3	2	91597797
T4970	02	1	1	1	511	910	000	2	1	98837828
T4977	01	2	1	1	021	032	111	3	2	52118900
T4983	01	2	1	2	021	311	936	2	2	31708790
T4983	02	2	1	2	021	312	324	2	1	33436806
T4984	01	2	1	2	611	000	821	2	1	33436806
T4984	02	2	1	2	611	312	000	2	1	31708790
T4985	01	2	1	1	821	910	000	2	1	169279464
T4987	01	2	1	1	513	321	000	1	2	94266568
T4987	02	2	1	1	513	311	371	1	2	87361389
T4988	02	2	1	2	021	032	000	2	1	34144522
T4989	01	2	1	2	021	011	111	2	1	32875000
T4993	01	2	1	1	821	511	321	2	1	83742946
T4993	02	2	1	1	821	111	111	4	1	76907382
T4993	03	2	1	1	950	212	311	2	2	107890771
T4994	01	2	1	1	611	312	000	3	2	90813263
T4995	01	2	1	1	021	000	000	2	2	90813263
T4998	01	2	1	2	021	519	519	2	2	47985697
T4998	02	2	1	2	519	519	519	2	2	50600746
T4998	05	2	1	2	519	000	000	1	2	66567501
T4999	01	2	1	2	021	312	352	2	2	32875000
T4999	02	2	1	2	021	421	421	2	2	34666571
T4999	03	2	1	2	950	212	000	1	2	47495862
T5000	01	2	1	2	512	324	980	2	2	38644100
T5002	01	2	2	1	713	000	000	1	2	80669863
T5002	02	2	2	1	819	000	000	1	1	94384030
T5004	01	2	2	2	611	312	111	2	1	35169599
T5004	02	2	2	2	615	331	000	2	1	37086217
T5006	01	2	2	2	431	111	111	3	1	55423767
T5006	02	2	2	2	512	000	361	1	2	50057756
T5007	02	2	2	2	512	000	000	2	2	36749394
T5007	03	2	2	2	311	031	000	2	2	31910063
T5009	01	2	2	1	423	362	111	2	1	95185157
T5009	02	2	2	1	613	111	111	2	1	102708738
T5011	01	2	2	1	424	321	012	3	1	69353435
T5014	01	2	2	2	936	000	000	3	1	31557854
T5015	01	2	2	2	519	000	995	2	2	25044815
T5015	02	2	2	2	614	212	819	2	2	34743077
T5016	01	2	2	2	614	311	000	2	1	37060264
T5016	02	2	2	2	614	000	000	2	1	35144988
T5016	03	2	2	2	614	212	000	2	1	50775406
T5016	04	2	2	2	614	212	000	2	1	48754403
T5017	02	3	2	1	221	129	129	3	1	122011177
T5018	01	3	2	1	424	000	000	3	1	74986447
T5018	02	3	2	1	032	332	000	2	1	68865637
T5020	02	3	2	2	000	531	039	4	1	31557854
T5023	01	3	2	2	424	000	000	1	1	31910063
T5024	01	3	2	2	424	000	000	1	2	36749394
T5024	02	3	2	2	711	000	000	1	2	31910063
T5025	01	2	2	1	611	000	000	1	2	101925710
T5025	02	2	2	1	950	000	000	1	2	110984915
T5025	03	2	2	1	734	000	111	3	1	112191941
T5025	04	2	2	1	950	111	000	3	1	142988139
T5026	01	2	2	1	344	111	111	3	1	90813263
T5027	01	2	2	1	514	321	000	2	1	90813263
T5028	02	2	2	2	531	000	000	1	2	31708790
T5030	02	2	2	2	732	950	732	2	1	42506243
T5031	01	2	2	2	611	960	000	1	1	31557854
T5033	01	2	2	1	011	111	111	3	2	98669208
T5034	01	2	2	1	616	312	424	1	1	80669863
T5034	02	2	2	1	342	362	362	2	2	94384030
T5037	01	2	2	2	021	321	000	3	1	30908223
T5037	02	2	2	2	429	312	000	3	1	32912091
T5038	01	2	2	2	111	031	111	1	1	50057756
T5038	02	2	2	2	614	950	513	2	2	55423767
T5041	01	2	2	1	512	000	000	1	1	90813263
T5042	01	2	2	1	711	321	031	1	1	80669863
T5043	02	2	2	1	940	031	111	2	1	83801322
T5043	04	2	2	1	614	211	000	2	1	107965980
T5044	01	2	2	2	513	111	111	3	1	31708790
T5044	02	2	2	2	616	331	361	2	1	33436806
T5046	01	2	2	2	950	321	000	1	1	37086217
T5046	02	2	2	2	821	331	311	2	1	35169599
T5048	01	2	2	2	021	000	525	1	2	32875000
T5048	02	2	2	2	525	000	900	1	2	34666571
T5048	03	2	2	2	021	614	000	1	2	47495862
T5049	01	3	2	1	519	311	311	2	1	151606944
T5049	02	3	2	1	950	361	361	2	1	165081841
T5053	01	3	2	2	432	000	129	1	1	51709553
T5054	01	3	2	2	612	031	000	2	1	27893891
T5054	04	3	2	2	939	324	324	2	1	27967776
T5056	01	3	2	2	611	311	000	1	1	51954902
T5057	02	3	2	1	000	821	821	3	1	80669863
T5059	01	3	2	1	021	936	936	2	1	127933666
T5060	03	3	2	2	343	311	000	3	1	59549809
T5062	01	3	2	2	429	519	940	1	1	38644100
T5063	01	3	2	2	519	332	936	2	1	54040282
T5063	04	3	2	2	519	212	212	2	1	78074212
T5065	01	1	2	1	511	031	000	1	1	90473346
T5065	02	1	2	1	011	000	021	2	1	80097812
T5066	03	1	2	1	221	311	000	2	1	128524271
T5067	01	1	2	1	615	000	000	1	1	79094430
T5068	01	1	2	2	512	936	000	2	1	31708790
T5068	02	1	2	2	980	000	000	3	1	33436806
T5070	01	1	2	2	525	960	960	1	1	42561635
T5070	02	1	2	2	525	950	950	2	2	49823807
T5070	03	1	2	2	614	614	000	1	2	59043045
T5070	04	1	2	2	525	000	000	1	2	61490539
T5071	01	1	2	2	950	000	000	1	1	51954902
T5073	01	2	2	1	519	312	000	3	1	72275562
T5073	02	2	2	1	519	031	000	1	1	89895993
T5075	01	2	2	1	381	321	910	2	1	60942501
T5075	02	2	2	1	910	111	111	2	1	66359099
T5075	03	2	2	1	011	211	211	2	1	80415635
T5076	01	2	2	2	342	910	021	3	1	61463156
T5076	02	2	2	2	021	031	031	3	1	55512425
T5076	03	2	2	2	519	211	000	1	2	72836101
T5076	04	2	2	2	614	321	000	3	1	72836101
T5079	01	2	2	2	529	031	960	2	2	36749394
T5079	02	2	2	2	523	324	960	2	2	31910063
T5080	01	2	2	2	392	111	111	2	1	37086217
T5080	04	2	2	2	000	311	000	2	1	35169599
T5083	01	3	2	1	940	432	000	2	1	119628243
T5083	02	3	2	1	424	031	111	3	1	109863521
T5083	03	3	2	1	111	111	000	2	1	120929271
T5084	03	3	2	2	512	021	516	1	2	59236641
T5086	01	3	2	2	519	111	361	2	2	50057756
T5087	01	3	2	2	011	000	000	4	2	49823807
T5087	04	3	2	2	616	011	614	1	2	61490539
T5088	03	3	2	2	611	332	000	2	2	47684215
T5089	01	2	2	1	940	821	000	2	2	58041494
T5092	01	2	2	2	522	324	111	1	2	32912091
T5092	02	2	2	2	522	980	111	1	2	30908223
T5093	01	2	2	2	821	343	343	4	2	39831485
T5094	01	2	2	2	519	321	900	2	2	30569060
T5095	01	2	2	2	021	980	000	1	2	49788878
T5095	02	2	2	2	531	936	000	2	1	42531797
T5096	01	2	2	2	383	312	000	1	2	44530165
T5103	01	2	3	2	383	311	000	2	2	37603384
T5103	02	2	3	2	821	031	000	2	2	37504043
T5103	03	2	3	2	529	000	000	2	1	49338214
T5104	01	2	3	2	733	000	000	2	1	38031422
T5105	01	2	3	1	021	111	111	1	2	119628243
T5107	01	2	3	1	111	000	111	1	1	76907382
T5107	02	2	3	1	511	111	000	3	1	83742946
T5107	03	2	3	1	529	812	000	1	1	107890771
T5112	02	2	3	2	311	031	000	2	1	50602481
T5114	01	2	3	1	514	910	910	3	1	148418275
T5115	01	2	3	1	512	531	519	2	1	79094430
T5119	01	2	3	2	021	321	000	1	2	47985697
T5119	02	2	3	2	721	312	000	1	2	50600746
T5119	03	2	3	2	529	950	950	2	2	66567501
T5119	04	2	3	2	512	312	000	1	2	66567501
T5119	05	2	3	2	734	324	000	2	2	66567501
T5120	01	2	3	2	529	980	980	1	2	30569060
T5123	01	2	3	1	382	000	311	2	1	77090973
T5123	02	2	3	1	021	321	321	2	2	114288770
T5129	01	1	3	1	531	936	936	3	1	53223186
T5129	02	1	3	1	383	111	000	1	1	57953688
T5130	01	1	3	1	611	111	111	2	1	95185157
T5130	02	1	3	1	611	111	111	1	1	102708738
T5131	01	1	3	1	616	950	000	1	2	87447628
T5132	01	1	3	2	344	312	000	1	2	30569060
T5133	01	1	3	2	344	352	000	3	1	33088141
T5134	01	1	3	2	383	000	000	2	1	77651501
T5134	02	1	3	2	382	000	000	2	1	47640829
T5134	03	1	3	2	732	000	000	1	1	70391693
T5135	01	1	3	2	000	000	000	2	1	31557854
T5136	01	1	3	2	519	000	000	2	1	38031422
T5137	01	1	3	1	021	111	111	2	2	68865637
T5138	01	1	3	1	611	111	111	3	1	146751603
T5138	02	1	3	1	939	032	032	2	1	150373860
T5138	03	1	3	1	519	321	936	2	1	128524271
T5139	01	1	3	1	612	321	000	3	2	69353435
T5139	02	1	3	1	531	343	343	2	2	78223165
T5140	01	1	3	2	611	811	000	2	1	45552389
T5140	02	1	3	2	021	039	000	2	1	37115546
T5141	01	1	3	2	950	321	000	1	2	31910063
T5141	02	1	3	2	960	021	311	2	2	36749394
T5143	01	1	3	2	613	000	821	2	1	34690780
T5143	02	1	3	2	425	039	940	2	2	32897958
T5143	03	1	3	2	821	311	000	1	2	45637242
T5145	01	2	3	1	424	032	000	2	1	78223165
T5145	02	2	3	1	424	032	111	3	1	69353435
T5147	02	2	3	1	221	111	000	2	2	94529497
T5149	01	2	3	2	021	312	111	2	1	34194182
T5149	02	2	3	2	021	111	111	3	1	32833159
T5150	01	2	3	2	523	371	529	1	2	25964766
T5150	02	2	3	2	529	950	000	1	2	36019266
T5150	03	2	3	2	529	031	950	1	2	36019266
T5151	01	2	3	2	910	031	111	3	1	38644100
T5152	01	2	3	2	021	900	900	2	2	47154212
T5152	02	2	3	2	512	900	324	2	2	42588842
T5154	01	2	3	1	615	311	000	2	1	105155002
T5154	02	2	3	1	362	000	000	2	1	114501228
T5154	03	2	3	1	611	000	000	5	2	107267878
T5154	04	2	3	1	611	950	371	1	2	138755484
T5155	01	2	3	1	519	000	000	2	2	184255671
T5157	01	2	3	2	425	425	425	2	2	53360136
T5157	02	2	3	2	519	111	111	1	1	59236641
T5157	04	2	3	2	425	425	425	4	2	50602481
T5158	01	2	3	2	512	429	000	2	2	62227281
T5158	04	2	3	2	519	322	722	2	2	72844948
T5159	01	2	3	2	432	324	381	1	2	37333194
T5160	01	2	3	2	432	000	000	2	1	31557854
T5161	03	2	3	1	344	392	519	5	2	119709691
T5164	01	2	3	2	713	000	000	3	1	32875000
T5165	01	2	3	2	021	111	000	2	1	56275537
T5166	01	2	3	2	311	000	000	2	1	172652104
T5166	02	2	3	2	011	000	000	3	1	172195992
T5166	04	2	3	2	611	312	000	2	1	226531379
T5167	01	2	3	2	321	000	000	4	2	40286493
T5167	02	2	3	2	344	000	000	2	1	40573918
T5168	01	2	3	2	514	000	000	2	1	45837521
T5168	02	2	3	2	821	000	000	2	1	45716427
T5168	03	2	3	2	733	821	321	3	1	60141965
T5168	04	2	3	2	831	000	000	3	1	62635013
T5169	01	2	3	1	621	000	411	1	2	124795534
T5169	02	2	3	1	615	031	000	2	1	110644959
T5169	03	2	3	1	021	920	221	2	1	121789417
T5172	01	2	3	2	361	312	032	2	1	62950134
T5172	02	2	3	2	344	011	000	3	1	79699640
T5172	03	2	3	2	032	321	000	2	1	79699640
T5174	01	2	3	2	621	031	000	1	1	32735625
T5176	01	2	3	2	511	000	000	1	1	38383408
T5176	02	2	3	2	821	000	000	2	2	44932662
T5178	01	3	3	1	611	011	000	1	1	79094430
T5179	01	3	3	1	429	936	936	2	1	76907382
T5179	02	3	3	1	429	312	936	2	1	83742946
T5179	03	3	3	1	512	111	111	2	2	107890771
T5180	01	3	3	2	339	312	000	3	1	31910063
T5180	02	3	3	2	362	312	321	2	2	36749394
T5181	01	3	3	2	011	000	000	2	1	38383408
T5181	02	3	3	2	739	821	000	2	2	44932662
T5184	01	3	3	2	512	111	111	2	1	31708790
T5185	01	3	3	1	615	312	995	2	1	68010361
T5186	01	3	3	1	519	000	000	1	2	80669863
T5188	01	3	4	2	940	936	940	2	1	36749394
T5188	02	3	4	2	429	311	311	1	1	31910063
T5189	02	3	4	2	021	361	000	2	1	38528302
T5190	01	3	4	2	311	000	512	1	2	30908223
T5192	01	3	4	2	611	000	000	2	1	31557854
T5193	01	2	4	1	619	910	111	3	1	74986447
T5193	02	2	4	1	821	111	111	3	1	68865637
T5194	01	2	4	1	021	321	910	2	1	82961872
T5194	02	2	4	1	711	212	920	3	1	109470919
T5194	03	2	4	1	021	000	111	3	1	90335563
T5195	01	2	4	1	383	312	111	2	1	90673678
T5195	02	2	4	1	111	331	111	2	1	84031684
T5196	01	2	4	2	613	611	000	2	1	36749394
T5196	02	2	4	2	611	321	821	2	1	31910063
T5197	01	2	4	2	021	011	011	2	1	33786262
T5197	03	2	4	2	383	950	324	1	2	37408027
T5198	01	2	4	2	000	936	111	3	1	50057756
T5198	02	2	4	2	429	910	910	4	1	55423767
T5199	01	2	4	2	000	000	000	2	1	64448267
T5199	02	2	4	2	000	000	000	2	1	58623814
T5199	03	2	4	2	000	950	950	2	2	50903958
T5200	01	2	4	2	432	031	111	1	1	41228790
T5201	02	1	4	1	615	938	938	3	1	84961734
T5203	02	1	4	1	936	000	000	2	1	128229388
T5203	03	1	4	1	512	031	111	2	1	133017063
T5205	01	1	4	2	011	312	312	3	1	42415599
T5205	02	1	4	2	733	324	343	3	1	50264046
T5206	01	1	4	2	621	392	321	2	1	39831485
T5206	02	1	4	2	621	936	000	3	1	46627820
T5206	03	1	4	2	000	221	221	3	1	55255682
T5207	01	1	4	2	011	000	111	2	1	50530069
T5207	02	1	4	2	821	111	111	1	1	47918672
T5212	01	3	4	2	519	950	000	1	2	31557854
T5215	01	3	4	2	621	821	000	3	1	33436806
T5215	02	3	4	2	523	000	000	2	2	31708790
T5216	01	3	4	2	000	432	432	1	1	42982236
T5216	02	3	4	2	821	000	000	2	1	45324614
T5216	03	3	4	2	711	000	900	2	1	45444670
T5218	01	3	4	1	615	032	032	3	2	76960993
T5218	02	3	4	1	612	000	000	3	1	83801322
T5218	03	3	4	1	614	212	000	2	1	107965980
T5218	04	3	4	1	735	212	000	2	1	101552561
T5221	01	3	4	2	519	940	321	2	1	42385891
T5221	02	3	4	2	021	111	111	1	1	52310962
T5222	02	3	4	2	950	000	000	2	1	33436806
T5225	01	2	4	1	735	960	000	2	1	80669863
T5225	02	2	4	1	432	000	432	2	1	94384030
T5226	01	2	4	1	311	031	381	2	1	52506282
T5226	02	2	4	1	511	312	381	2	2	57794856
T5227	01	2	4	1	519	000	000	1	2	83742946
T5228	01	2	4	2	611	910	910	2	1	51902273
T5228	02	2	4	2	021	910	111	2	1	57466010
T5228	03	2	4	2	920	031	215	1	2	70922238
T5230	01	2	4	2	611	324	324	3	1	33436806
T5230	02	2	4	2	000	000	000	2	1	31708790
T5232	01	2	4	2	031	331	000	2	1	39840652
T5234	01	3	4	1	311	936	361	2	1	23520030
T5240	01	3	4	2	529	960	960	2	2	11306133
T5241	01	3	4	1	615	722	111	2	1	31073709
T5245	01	3	4	2	611	111	111	1	1	13844900
T5247	01	3	4	2	021	615	615	2	2	10951881
T5249	01	3	4	1	021	531	531	3	1	24815860
T5249	02	3	4	1	615	000	910	2	1	24815860
T5252	01	3	4	2	021	031	031	4	2	15007471
T5252	02	3	4	2	344	311	311	2	1	15980448
T5252	03	3	4	2	819	000	000	2	2	15867243
T5253	01	3	4	2	031	111	111	3	1	18613720
T5259	01	3	1	1	512	000	111	2	1	23299084
T5260	01	3	1	2	611	111	111	2	2	14273585
T5263	01	3	1	2	611	000	000	2	1	13166090
T5263	02	3	1	2	611	000	000	2	1	11432318
T5264	01	3	1	2	939	329	000	2	1	11791312
T5266	01	2	1	1	344	821	000	3	1	21418376
T5267	01	2	1	1	011	321	362	3	2	28274935
T5268	01	2	1	2	021	950	000	2	2	20807074
T5268	02	2	1	2	000	000	000		2	12765577
T5276	01	3	1	2	512	000	000	2	2	11306133
T5279	01	3	1	2	021	111	111	3	1	17837705
T5279	02	3	1	2	021	111	111	3	1	15237733
T5281	01	3	1	1	821	329	000	2	1	28492602
T5281	02	3	1	1	611	329	000	2	1	25225054
T5282	01	3	1	1	619	950	722	1	2	27539718
T5283	01	3	1	1	711	312	000	2	1	29835878
T5284	01	3	1	2	611	321	311	2	1	11979299
T5285	01	3	1	2	960	311	000	3	1	10585693
T5285	02	3	1	2	821	000	000	3	1	9787645
T5286	01	3	1	2	732	311	311	1	2	14039939
T5287	01	3	1	2	611	000	000	2	1	11073392
T5288	01	3	1	2	425	940	425	3	2	12582473
T5288	02	3	1	2	611	311	000	1	2	13268173
T5288	03	3	1	2	732	321	000	1	2	18178416
T5288	04	3	1	2	732	321	000	1	2	18178416
T5289	01	2	1	1	611	111	111	3	1	21687726
T5290	01	2	1	1	615	111	111	2	1	21687726
T5294	01	2	1	2	424	000	000	1	1	11432318
T5297	01	3	1	1	383	000	000	2	1	93047086
T5297	02	3	1	1	511	000	000	2	1	87931248
T5300	01	3	1	2	021	000	000	2	1	12765577
T5300	02	3	1	2	021	000	000	2	1	20807074
T5301	01	3	1	2	039	000	980	2	1	13844900
T5303	01	3	1	2	021	000	000	2	1	18129192
T5305	01	2	1	1	519	021	422	2	1	29724186
T5305	02	2	1	1	513	312	111	2	2	25405209
T5306	01	2	1	1	611	321	361	2	1	25405209
T5306	02	2	1	1	611	031	821	3	1	29724186
T5308	02	2	1	2	519	311	000	2	1	27348001
T5308	03	2	1	2	936	321	361	2	1	27278685
T5309	01	2	1	2	000	111	111	2	1	20123041
T5309	02	2	1	2	960	000	910	2	2	13696513
T5311	01	2	1	2	519	311	000	2	1	13166090
T5311	02	2	1	2	344	000	000	3	1	11432318
T5312	01	2	1	2	021	312	324	2	1	17670628
T5312	02	2	1	2	821	111	111	2	1	18816265
T5313	01	3	1	1	614	031	111	2	1	19342050
T5313	02	3	1	1	519	910	910	2	1	18120161
T5319	01	3	1	2	111	000	000	2	1	13625398
T5324	01	2	2	2	950	821	821	3	1	13166090
T5324	02	2	2	2	819	312	000	3	1	11432318
T5325	01	2	2	2	611	000	000	2	1	13166090
T5325	02	2	2	2	611	000	000	2	1	11432318
T5326	01	2	2	2	031	111	000	3	1	29045917
T5326	02	2	2	2	341	000	000	1	1	29253146
T5326	03	2	2	2	383	324	111	3	1	25400955
T5326	04	2	2	2	383	324	111	3	1	27472054
T5326	05	2	2	2	383	000	111	2	1	27472054
T5329	01	2	2	1	615	111	111	2	1	43729927
T5329	02	2	2	1	613	000	721	2	2	47616664
T5334	01	2	2	2	611	000	344	1	2	21222526
T5334	02	2	2	2	821	031	000	2	1	18129192
T5334	03	2	2	2	821	111	000	2	1	19117168
T5336	01	2	2	2	938	000	361	2	1	16681465
T5336	02	2	2	2	616	000	000	2	1	15423861
T5336	03	2	2	2	384	312	000	2	1	17590546
T5336	04	2	2	2	619	212	619	1	2	23141134
T5337	01	3	2	1	344	111	111	2	1	43729927
T5337	02	3	2	1	111	910	111	2	1	47616664
T5337	03	3	2	1	021	361	000	2	1	48134523
T5337	04	3	2	1	021	111	111	2	1	44608591
T5338	01	3	2	1	920	391	000	2	1	37094964
T5338	02	3	2	1	940	000	000	1	1	43401242
T5338	03	3	2	1	611	000	000	2	1	37094964
T5340	01	3	2	2	938	936	000	2	1	13803414
T5340	02	3	2	2	383	031	000	2	1	15283090
T5341	01	3	2	2	900	111	312	2	1	18128571
T5341	02	3	2	2	111	111	311	2	1	17191685
T5341	05	3	2	2	614	211	000	3	2	23848930
T5342	01	3	2	2	342	321	000	1	1	19856499
T5342	02	3	2	2	343	321	321	1	1	17934035
T5346	01	3	2	1	341	031	341	1	1	28599651
T5348	01	3	2	2	353	321	000	3	1	11306133
T5349	01	3	2	2	111	362	362	1	1	13844900
T5352	01	3	2	2	021	000	000	2	1	11432318
T5353	01	3	2	1	514	031	111	2	1	31073709
T5361	01	3	2	1	513	000	111	2	1	24470954
T5361	04	3	2	1	821	211	212	2	2	31527313
T5364	01	3	2	2	111	111	111	3	1	11360208
T5365	01	3	2	2	812	512	000	4	1	13166090
T5371	01	3	2	1	821	381	381	2	1	17820883
T5371	02	3	2	1	000	900	000	2	1	19404811
T5372	01	3	2	2	341	000	000	1	2	13625398
T5373	01	3	2	2	612	129	129	2	1	15185460
T5373	02	3	2	2	612	516	361	2	1	18741284
T5374	01	3	2	2	950	000	000	3	1	11979299
T5375	01	3	2	2	344	311	000	2	2	11778023
T5379	02	3	2	1	960	000	000	2	1	29724186
T5380	01	3	2	2	383	995	000	2	1	15258171
T5380	02	3	2	2	011	111	995	3	1	16893792
T5383	01	3	2	2	000	000	000	2	1	13166090
T5387	01	2	2	1	519	950	950	2	1	29835878
T5388	01	2	2	2	021	000	000	2	1	12419883
T5388	03	2	2	2	021	000	111	2	1	11778023
T5389	01	2	2	2	011	312	000	2	1	11432318
T5389	02	2	2	2	611	000	000	3	1	13166090
T5390	01	2	2	2	341	950	000	1	2	11719933
T5391	01	2	2	2	341	000	341	1	2	14705830
T5391	02	2	2	2	529	000	111	1	2	13945832
T5401	01	3	3	1	939	321	000	2	2	29169494
T5406	01	3	3	2	111	519	111	2	2	13844900
T5408	01	3	3	2	021	111	000	2	1	12135673
T5408	02	3	3	2	021	111	111	2	1	10960723
T5409	01	2	3	1	939	341	341	2	1	29724186
T5409	02	2	3	1	611	321	311	2	2	25405209
T5410	01	2	3	1	353	000	000	1	1	29835878
T5413	01	2	3	2	940	000	424	3	1	11306133
T5417	01	2	3	1	960	311	311	1	1	40031599
T5417	05	2	3	1	960	324	324	2	2	42731033
T5418	01	2	3	1	611	000	000	2	1	29724186
T5419	01	2	3	1	111	936	361	3	1	32475519
T5422	01	2	3	2	950	031	000	2	2	18613720
T5428	01	3	3	2	032	111	111	3	1	10951881
T5429	01	3	3	2	519	311	111	2	1	13751503
T5432	01	3	3	2	611	321	000	3	1	15412863
T5433	01	3	3	1	000	000	000	3	1	29835878
T5435	01	3	3	1	111	343	361	1	1	19689834
T5435	02	3	3	1	733	936	000	3	1	27622204
T5441	04	2	3	1	383	000	000	2	2	19442594
T5446	02	2	3	2	812	312	111	3	1	17934035
T5449	01	3	3	1	512	362	000	3	1	29835878
T5450	01	3	3	1	812	321	111	3	1	16413708
T5451	02	3	3	1	821	031	000	3	1	20893233
T5451	03	3	3	1	511	000	219	2	1	27569308
T5454	01	3	3	2	021	312	000	2	2	13844900
T5455	01	3	3	2	621	021	021	2	2	11306133
T5458	01	2	3	1	611	000	000	2	1	24909061
T5459	01	2	3	1	910	111	000	2	1	31073709
T5460	01	2	3	2	821	361	031	3	1	13803414
T5462	01	2	3	2	619	312	311	1	1	14273585
T5466	01	3	3	1	425	312	000	2	1	26373010
T5466	02	3	3	1	531	940	000	2	2	24220298
T5466	03	3	3	1	614	312	000	1	1	33977839
T5469	01	3	3	2	960	000	000	1	2	14770909
T5469	02	3	3	2	960	031	111	2	2	14810034
T5470	01	3	3	2	021	321	000	1	1	11306133
T5474	01	3	4	1	343	324	362	2	1	34490674
T5474	02	3	4	1	021	324	821	2	1	30535264
T5474	03	3	4	1	611	324	821	2	1	31675354
T5475	01	3	4	1	111	111	111	2	1	28599651
T5478	01	3	4	2	021	032	936	2	1	11979299
T5478	02	3	4	2	514	312	311	3	1	11360208
T5479	01	3	4	2	611	425	425	3	2	10951881
T5480	01	3	4	2	621	313	000	2	2	13166090
T5480	02	3	4	2	512	000	000	2	2	11432318
T5482	01	2	4	1	812	000	000	2	1	24909061
T5483	02	2	4	1	111	000	000	3	1	28492602
T5484	01	2	4	2	522	000	000	2	2	14273585
T5485	01	2	4	2	424	311	000	2	1	17670628
T5487	01	2	4	2	936	311	311	3	1	14738260
T5487	04	2	4	2	611	312	212	2	1	17467087
T5488	01	2	4	2	731	000	000	3	1	13625398
T5490	01	2	4	1	021	111	111	3	1	35888120
T5492	01	2	4	2	733	611	111	3	1	16097884
T5492	02	2	4	2	611	111	111	3	1	13751503
T5494	01	2	4	2	361	000	000	1	2	14071294
T5494	02	2	4	2	525	011	000	1	1	13166090
T5496	01	2	4	2	529	511	000	1	2	16422065
T5496	02	2	4	2	361	511	000	1	2	16378681
T5496	04	2	4	2	519	511	000	1	2	22440050
T5497	01	2	4	1	611	821	311	3	1	154336772
T5497	02	2	4	1	611	936	821	2	2	180574579
T5501	01	2	4	2	000	111	111	2	1	69041488
T5506	01	2	4	1	910	011	111	2	1	224343608
T5506	02	2	4	1	021	362	362	2	1	203814830
T5507	01	2	4	1	111	384	382	2	1	119615843
T5507	02	2	4	1	619	211	211	2	1	157837040
T5507	03	2	4	1	614	211	211	2	1	167805030
T5510	01	2	4	2	821	311	332	2	1	74301401
T5510	02	2	4	2	719	000	000	2	2	78350562
T5510	03	2	4	2	529	950	950	1	2	103073601
T5512	01	2	4	2	519	519	519	2	2	248028965
T5512	02	2	4	2	519	000	000	2	2	195903730
T5513	01	2	4	1	938	111	111	2	1	458610331
T5513	02	2	4	1	821	021	031	3	1	401648479
T5513	03	2	4	1	031	391	391	3	1	416644750
T5513	04	2	4	1	384	329	329	2	1	425016381
T5513	05	2	4	1	021	211	324	2	1	549776453
T5514	01	2	4	1	011	111	111	3	1	172829092
T5514	02	2	4	1	011	321	321	3	1	158721822
T5514	03	2	4	1	611	021	221	2	1	209438665
T5518	01	2	4	2	021	321	321	1	1	96188664
T5518	02	2	4	2	324	329	329	1	2	106499741
T5520	01	2	4	2	021	329	339	2	2	59838094
T5520	02	2	4	2	361	011	031	2	2	59838094
T5522	01	1	1	1	939	331	000	2	2	147138432
T5522	02	1	1	1	939	111	111	2	2	160216165
T5522	03	1	1	1	615	031	031	2	2	206415541
T5524	02	1	1	2	611	722	722	3	1	174347292
T5524	04	1	1	2	512	031	910	1	1	229361508
T5525	01	1	1	2	512	910	111	1	2	71615615
T5527	01	1	1	2	424	936	940	2	2	85895540
T5528	01	1	1	2	423	531	423	1	1	117342298
T5532	01	1	1	2	615	995	995	2	1	69807502
T5532	02	1	1	2	344	995	995	2	1	74333321
T5533	01	1	1	2	612	000	938	2	1	73883342
T5533	02	1	1	2	821	000	000	2	1	101225847
T5533	03	1	1	2	821	000	000	2	1	101225847
T5534	02	1	1	2	391	391	000	3	1	132404312
T5534	03	1	1	2	821	000	000	4	2	114968696
T5535	01	1	1	2	511	936	429	3	2	75518410
T5535	02	1	1	2	519	000	111	2	1	71615615
T5540	01	1	1	2	812	000	000	4	2	71274720
T5541	01	1	1	2	021	361	324	1	2	71274720
T5548	01	2	1	2	611	321	000	2	1	71274720
T5552	01	2	1	2	512	000	000	1	2	89981763
T5555	01	2	1	1	950	000	000	1	2	220119074
T5555	02	2	1	1	021	000	000	1	2	239683362
T5555	03	2	1	1	722	111	211	2	1	290454359
T5556	01	2	1	2	936	321	391	3	1	72070199
T5556	02	2	1	2	811	000	000	3	1	83000029
T5561	01	3	1	1	383	322	000	2	1	189227783
T5561	02	3	1	1	732	211	000	2	1	226843951
T5561	04	3	1	1	910	000	000	2	1	175366542
T5564	01	3	1	2	341	371	371	3	2	106458419
T5565	01	3	1	2	519	000	000	1	1	87279299
T5567	01	3	1	2	341	000	000	2	1	69807502
T5567	02	3	1	2	341	000	000	1	1	74333321
T5570	01	2	1	1	940	312	111	2	1	132561035
T5570	02	2	1	1	000	031	980	2	2	170785873
T5571	01	2	2	1	936	031	000	1	2	188772939
T5573	03	2	1	2	711	311	000	2	1	111214316
T5577	01	1	1	1	900	821	512	1	2	182107287
T5577	02	1	1	1	612	312	000	1	1	196501328
T5578	01	1	1	1	821	000	111	1	1	167303926
T5580	01	1	1	2	529	980	980	1	2	79320866
T5580	02	1	1	2	529	980	980	1	2	83643570
T5580	03	1	1	2	392	936	936	2	2	114598108
T5580	04	1	1	2	615	221	221	1	2	114598108
T5583	01	1	1	2	519	011	000	2	1	66164641
T5589	02	3	2	2	424	321	000	2	1	71615615
T5590	01	3	2	2	611	000	000	2	1	111742483
T5590	02	3	2	2	611	821	821	3	1	112539714
T5590	03	3	2	2	516	321	311	3	1	97719961
T5591	01	3	2	2	960	321	321	2	1	79431996
T5591	02	3	2	2	511	531	000	3	1	83760757
T5592	01	3	2	2	361	000	000	2	1	113057515
T5592	02	3	2	2	361	111	111	2	1	125176872
T5594	03	2	2	1	615	111	000	2	1	210189787
T5595	01	2	2	1	021	321	000	2	1	131753046
T5595	02	2	2	1	021	111	000	2	1	252320574
T5596	01	2	2	2	611	321	000	3	1	71274720
T5597	01	2	2	2	000	000	000	3	1	71274720
T5598	01	2	2	2	821	321	000	2	1	70570331
T5598	02	2	2	2	821	111	111	3	1	84487579
T5599	01	2	2	2	821	000	000	2	1	83000029
T5599	02	2	2	2	432	321	000	2	1	72070199
T5603	01	1	2	1	344	000	111	2	1	160327849
T5603	02	1	2	1	021	000	000	3	1	147240999
T5603	03	1	2	1	614	211	211	2	1	206559430
T5603	04	1	2	1	519	211	211	2	1	194289342
T5606	01	1	2	2	529	000	000	1	2	74333321
T5607	01	1	2	2	938	312	000	2	1	69097227
T5608	01	1	2	2	950	321	950	2	1	79320866
T5608	02	1	2	2	938	011	000	2	1	83643570
T5608	03	1	2	2	950	960	031	3	1	114598108
T5608	04	1	2	2	821	212	212	2	1	114598108
T5609	01	2	2	1	614	111	111	2	1	187779108
T5612	01	2	2	2	383	321	321	2	2	130575249
T5616	01	2	2	2	512	321	321	2	2	71274720
T5621	01	1	2	2	735	032	031	3	1	114287799
T5621	02	1	2	2	910	311	111	2	1	120516076
T5624	01	1	2	2	432	000	000	2	1	75536197
T5625	02	3	2	1	515	910	111	2	2	175243987
T5627	01	3	2	1	611	950	425	1	2	158721822
T5628	02	3	2	2	511	111	111	1	1	80407148
T5633	01	2	2	1	021	111	910	2	1	173475972
T5634	01	2	2	1	344	900	032	2	2	173743024
T5635	01	2	2	1	910	000	000	3	1	337122797
T5638	01	2	2	2	614	353	353	1	1	96345755
T5638	02	2	2	2	960	311	000	1	1	87017765
T5639	01	2	2	2	383	344	311	1	1	60461838
T5643	01	3	2	1	519	000	000	1	2	132686296
T5643	02	3	2	1	519	980	980	1	2	149655776
T5646	01	3	2	2	936	111	111	2	1	75518410
T5646	02	3	2	2	212	321	000	2	1	71615615
T5648	01	3	2	2	344	321	000	2	1	58602357
T5653	01	2	2	2	522	111	111	2	2	56564752
T5654	01	2	2	2	021	111	111	2	1	54876266
T5656	01	2	2	2	732	321	000	2	1	113057515
T5658	01	2	3	1	936	321	000	2	1	151322670
T5661	01	2	3	2	021	032	032	3	2	93116930
T5667	01	2	3	1	021	322	322	2	1	131753046
T5672	01	2	3	2	383	111	111	2	1	83702142
T5672	04	2	3	2	529	321	000	1	2	114678356
T5673	01	1	3	1	000	000	000	3	2	135396437
T5673	02	1	3	1	000	821	000	3	2	138116954
T5674	02	1	3	1	611	936	936	3	1	180574579
T5676	01	1	3	2	000	000	000	2	1	83826996
T5677	01	1	3	2	021	331	000	1	1	69041488
T5678	01	1	3	2	615	821	000	2	1	83000029
T5678	02	1	3	2	311	312	000	2	1	72070199
T5680	01	1	3	2	611	000	000	2	2	83826996
T5680	02	1	3	2	000	361	361	2	2	102881956
T5685	01	2	3	2	719	111	111	2	2	87279299
T5686	01	2	3	2	512	321	000	1	2	93363578
T5687	01	2	3	2	821	011	936	3	1	106458419
T5694	01	1	3	2	513	321	000	1	2	69041488
T5695	02	1	3	2	383	321	000	2	2	96188664
T5700	01	2	3	2	812	000	000	3	1	87279299
T5704	01	2	3	2	733	000	000	3	1	84334887
T5704	02	2	3	2	821	000	000	3	1	91016642
T5707	01	2	3	1	344	111	111	2	1	143463319
T5707	02	2	3	1	511	111	111	2	2	131753046
T5711	01	2	3	2	021	910	910	2	1	84334887
T5711	02	2	3	2	936	321	000	3	1	73947087
T5713	01	1	3	1	821	910	111	3	1	132561035
T5718	01	1	3	2	531	031	000	2	2	74249550
T5718	02	1	3	2	611	980	000	2	2	78295885
T5719	01	1	3	2	711	611	940	2	1	85895540
T5722	01	2	4	1	011	900	111	3	2	182107287
T5722	02	2	4	1	343	111	111	2	2	196501328
T5724	01	2	4	2	821	615	391	2	1	122136936
T5724	02	2	4	2	511	111	391	1	1	128792964
T5724	04	2	4	2	519	031	950	1	2	169432792
T5728	01	2	4	2	821	312	031	3	1	72070199
T5728	02	2	4	2	611	311	000	3	1	83000029
T5729	01	2	4	1	611	111	111	3	1	143463319
T5729	02	2	4	1	936	321	000	4	1	131753046
T5732	01	2	4	2	812	321	111	2	2	80407148
T5732	02	2	4	2	032	331	031	2	1	93584821
T5733	01	2	4	2	611	821	031	1	2	91637874
T5734	01	2	4	2	519	321	936	2	1	87279299
T5735	01	2	4	2	021	321	950	1	2	114287799
T5735	02	2	4	2	011	031	021	3	1	120516076
T5736	01	2	4	2	812	321	371	2	1	71274720
T5737	01	2	4	1	512	321	000	2	1	208913689
T5740	01	2	4	2	511	321	111	2	1	108301969
T5740	02	2	4	2	511	111	111	2	1	114204040
T5742	01	2	4	2	812	111	111	2	1	87279299
T5743	02	2	4	2	519	000	000	1	1	118654194
T5744	01	2	4	2	611	321	000	2	1	71274720
T5745	01	3	4	1	512	332	000	2	1	210189787
T5745	02	3	4	1	511	821	000	2	1	402534965
T5745	03	3	4	1	519	031	111	1	2	231360668
T5746	01	3	4	1	011	910	111	3	1	132419529
T5746	02	3	4	1	214	516	211	3	1	171290196
T5749	01	3	4	2	341	312	000	3	1	71615615
T5749	02	3	4	2	341	000	000	2	1	75518410
T5752	01	3	4	2	511	821	936	2	1	140665216
T5752	02	3	4	2	511	000	000	2	1	95742139
T5752	03	3	4	2	011	212	212	2	1	114333020
T5752	04	3	4	2	821	011	212	2	1	256621008
